ISO-10303-21;
HEADER;
FILE_DESCRIPTION((''),'2;1');
FILE_NAME('1_47INCH_LCD_MODULE_ASM','2022-11-22T11:41:06',('xiaojisheng'),(''),
'CREO PARAMETRIC BY PTC INC, 2021063','CREO PARAMETRIC BY PTC INC, 2021063','');
FILE_SCHEMA(('CONFIG_CONTROL_DESIGN','SHAPE_APPEARANCE_LAYERS_GROUPS'));
ENDSEC;
DATA;
#31=CARTESIAN_POINT('',(3.49999808E0,3.4749994E0,1.6E0));
#32=DIRECTION('',(0.E0,0.E0,-1.E0));
#33=DIRECTION('',(-1.E0,0.E0,0.E0));
#34=AXIS2_PLACEMENT_3D('',#31,#32,#33);
#36=DRAUGHTING_PRE_DEFINED_CURVE_FONT('continuous');
#37=CURVE_STYLE('',#36,POSITIVE_LENGTH_MEASURE(2.E-2),#6);
#38=PRESENTATION_STYLE_ASSIGNMENT((#37));
#39=STYLED_ITEM('',(#38),#35);
#40=DIRECTION('',(0.E0,0.E0,1.E0));
#41=VECTOR('',#40,1.6E0);
#42=CARTESIAN_POINT('',(4.6249971E0,3.4749994E0,0.E0));
#43=LINE('',#42,#41);
#44=CURVE_STYLE('',#36,POSITIVE_LENGTH_MEASURE(2.E-2),#6);
#45=PRESENTATION_STYLE_ASSIGNMENT((#44));
#46=STYLED_ITEM('',(#45),#43);
#47=DIRECTION('',(0.E0,0.E0,-1.E0));
#48=VECTOR('',#47,1.6E0);
#49=CARTESIAN_POINT('',(2.37499906E0,3.4749994E0,1.6E0));
#50=LINE('',#49,#48);
#51=CURVE_STYLE('',#36,POSITIVE_LENGTH_MEASURE(2.E-2),#6);
#52=PRESENTATION_STYLE_ASSIGNMENT((#51));
#53=STYLED_ITEM('',(#52),#50);
#54=DIRECTION('',(3.786381138635E-4,9.999999283166E-1,0.E0));
#55=VECTOR('',#54,1.46E1);
#56=CARTESIAN_POINT('',(-5.612221118560E-3,3.713253176692E0,1.6E0));
#57=LINE('',#56,#55);
#58=CURVE_STYLE('',#36,POSITIVE_LENGTH_MEASURE(2.E-2),#6);
#59=PRESENTATION_STYLE_ASSIGNMENT((#58));
#60=STYLED_ITEM('',(#59),#57);
#61=CARTESIAN_POINT('',(3.699915630115E0,1.831185116909E1,1.6E0));
#62=DIRECTION('',(0.E0,0.E0,1.E0));
#63=DIRECTION('',(3.786381138683E-4,9.999999283166E-1,0.E0));
#64=AXIS2_PLACEMENT_3D('',#61,#62,#63);
#66=CURVE_STYLE('',#36,POSITIVE_LENGTH_MEASURE(2.E-2),#6);
#67=PRESENTATION_STYLE_ASSIGNMENT((#66));
#68=STYLED_ITEM('',(#67),#65);
#69=DIRECTION('',(9.999999283166E-1,-3.786381138634E-4,0.E0));
#70=VECTOR('',#69,3.11E1);
#71=CARTESIAN_POINT('',(3.701316591137E0,2.201185090386E1,1.6E0));
#72=LINE('',#71,#70);
#73=CURVE_STYLE('',#36,POSITIVE_LENGTH_MEASURE(2.E-2),#6);
#74=PRESENTATION_STYLE_ASSIGNMENT((#73));
#75=STYLED_ITEM('',(#74),#72);
#76=CARTESIAN_POINT('',(3.479991340076E1,1.830007552375E1,1.6E0));
#77=DIRECTION('',(0.E0,0.E0,1.E0));
#78=DIRECTION('',(9.999999283166E-1,-3.786381138351E-4,0.E0));
#79=AXIS2_PLACEMENT_3D('',#76,#77,#78);
#81=CURVE_STYLE('',#36,POSITIVE_LENGTH_MEASURE(2.E-2),#6);
#82=PRESENTATION_STYLE_ASSIGNMENT((#81));
#83=STYLED_ITEM('',(#82),#80);
#84=DIRECTION('',(-3.786381138635E-4,-9.999999283166E-1,0.E0));
#85=VECTOR('',#84,1.46E1);
#86=CARTESIAN_POINT('',(3.849991313553E1,1.829867456273E1,1.6E0));
#87=LINE('',#86,#85);
#88=CURVE_STYLE('',#36,POSITIVE_LENGTH_MEASURE(2.E-2),#6);
#89=PRESENTATION_STYLE_ASSIGNMENT((#88));
#90=STYLED_ITEM('',(#89),#87);
#91=CARTESIAN_POINT('',(3.479438528430E1,3.700076570329E0,1.6E0));
#92=DIRECTION('',(0.E0,0.E0,1.E0));
#93=DIRECTION('',(-3.786381138639E-4,-9.999999283166E-1,0.E0));
#94=AXIS2_PLACEMENT_3D('',#91,#92,#93);
#96=CURVE_STYLE('',#36,POSITIVE_LENGTH_MEASURE(2.E-2),#6);
#97=PRESENTATION_STYLE_ASSIGNMENT((#96));
#98=STYLED_ITEM('',(#97),#95);
#99=DIRECTION('',(-9.999999283166E-1,3.786381138635E-4,0.E0));
#100=VECTOR('',#99,3.11E1);
#101=CARTESIAN_POINT('',(3.479298432328E1,7.683555800497E-5,1.6E0));
#102=LINE('',#101,#100);
#103=CURVE_STYLE('',#36,POSITIVE_LENGTH_MEASURE(2.E-2),#6);
#104=PRESENTATION_STYLE_ASSIGNMENT((#103));
#105=STYLED_ITEM('',(#104),#102);
#106=CARTESIAN_POINT('',(3.694387513653E0,3.711852215671E0,1.6E0));
#107=DIRECTION('',(0.E0,0.E0,1.E0));
#108=DIRECTION('',(-9.999999283166E-1,3.786381138639E-4,0.E0));
#109=AXIS2_PLACEMENT_3D('',#106,#107,#108);
#111=CURVE_STYLE('',#36,POSITIVE_LENGTH_MEASURE(2.E-2),#6);
#112=PRESENTATION_STYLE_ASSIGNMENT((#111));
#113=STYLED_ITEM('',(#112),#110);
#114=CARTESIAN_POINT('',(3.49999808E0,3.4749994E0,1.6E0));
#115=DIRECTION('',(0.E0,0.E0,-1.E0));
#116=DIRECTION('',(1.E0,0.E0,0.E0));
#117=AXIS2_PLACEMENT_3D('',#114,#115,#116);
#119=CURVE_STYLE('',#36,POSITIVE_LENGTH_MEASURE(2.E-2),#6);
#120=PRESENTATION_STYLE_ASSIGNMENT((#119));
#121=STYLED_ITEM('',(#120),#118);
#122=CARTESIAN_POINT('',(3.49999808E0,3.4749994E0,0.E0));
#123=DIRECTION('',(0.E0,0.E0,1.E0));
#124=DIRECTION('',(1.E0,0.E0,0.E0));
#125=AXIS2_PLACEMENT_3D('',#122,#123,#124);
#127=CURVE_STYLE('',#36,POSITIVE_LENGTH_MEASURE(2.E-2),#6);
#128=PRESENTATION_STYLE_ASSIGNMENT((#127));
#129=STYLED_ITEM('',(#128),#126);
#130=CARTESIAN_POINT('',(3.49999808E0,3.4749994E0,0.E0));
#131=DIRECTION('',(0.E0,0.E0,1.E0));
#132=DIRECTION('',(-1.E0,0.E0,0.E0));
#133=AXIS2_PLACEMENT_3D('',#130,#131,#132);
#135=CURVE_STYLE('',#36,POSITIVE_LENGTH_MEASURE(2.E-2),#6);
#136=PRESENTATION_STYLE_ASSIGNMENT((#135));
#137=STYLED_ITEM('',(#136),#134);
#138=CARTESIAN_POINT('',(3.49999808E0,1.852499978E1,0.E0));
#139=DIRECTION('',(0.E0,0.E0,1.E0));
#140=DIRECTION('',(1.E0,0.E0,0.E0));
#141=AXIS2_PLACEMENT_3D('',#138,#139,#140);
#143=CURVE_STYLE('',#36,POSITIVE_LENGTH_MEASURE(2.E-2),#6);
#144=PRESENTATION_STYLE_ASSIGNMENT((#143));
#145=STYLED_ITEM('',(#144),#142);
#146=CARTESIAN_POINT('',(3.49999808E0,1.852499978E1,0.E0));
#147=DIRECTION('',(0.E0,0.E0,1.E0));
#148=DIRECTION('',(-1.E0,0.E0,0.E0));
#149=AXIS2_PLACEMENT_3D('',#146,#147,#148);
#151=CURVE_STYLE('',#36,POSITIVE_LENGTH_MEASURE(2.E-2),#6);
#152=PRESENTATION_STYLE_ASSIGNMENT((#151));
#153=STYLED_ITEM('',(#152),#150);
#154=CARTESIAN_POINT('',(3.499999858E1,3.4749994E0,0.E0));
#155=DIRECTION('',(0.E0,0.E0,1.E0));
#156=DIRECTION('',(1.E0,0.E0,0.E0));
#157=AXIS2_PLACEMENT_3D('',#154,#155,#156);
#159=CURVE_STYLE('',#36,POSITIVE_LENGTH_MEASURE(2.E-2),#6);
#160=PRESENTATION_STYLE_ASSIGNMENT((#159));
#161=STYLED_ITEM('',(#160),#158);
#162=CARTESIAN_POINT('',(3.499999858E1,3.4749994E0,0.E0));
#163=DIRECTION('',(0.E0,0.E0,1.E0));
#164=DIRECTION('',(-1.E0,0.E0,0.E0));
#165=AXIS2_PLACEMENT_3D('',#162,#163,#164);
#167=CURVE_STYLE('',#36,POSITIVE_LENGTH_MEASURE(2.E-2),#6);
#168=PRESENTATION_STYLE_ASSIGNMENT((#167));
#169=STYLED_ITEM('',(#168),#166);
#170=CARTESIAN_POINT('',(3.499999858E1,1.852499978E1,0.E0));
#171=DIRECTION('',(0.E0,0.E0,1.E0));
#172=DIRECTION('',(1.E0,0.E0,0.E0));
#173=AXIS2_PLACEMENT_3D('',#170,#171,#172);
#175=CURVE_STYLE('',#36,POSITIVE_LENGTH_MEASURE(2.E-2),#6);
#176=PRESENTATION_STYLE_ASSIGNMENT((#175));
#177=STYLED_ITEM('',(#176),#174);
#178=CARTESIAN_POINT('',(3.499999858E1,1.852499978E1,0.E0));
#179=DIRECTION('',(0.E0,0.E0,1.E0));
#180=DIRECTION('',(-1.E0,0.E0,0.E0));
#181=AXIS2_PLACEMENT_3D('',#178,#179,#180);
#183=CURVE_STYLE('',#36,POSITIVE_LENGTH_MEASURE(2.E-2),#6);
#184=PRESENTATION_STYLE_ASSIGNMENT((#183));
#185=STYLED_ITEM('',(#184),#182);
#186=DIRECTION('',(3.786381138635E-4,9.999999283166E-1,0.E0));
#187=VECTOR('',#186,1.46E1);
#188=CARTESIAN_POINT('',(-5.612221118559E-3,3.713253176692E0,0.E0));
#189=LINE('',#188,#187);
#190=CURVE_STYLE('',#36,POSITIVE_LENGTH_MEASURE(2.E-2),#6);
#191=PRESENTATION_STYLE_ASSIGNMENT((#190));
#192=STYLED_ITEM('',(#191),#189);
#193=CARTESIAN_POINT('',(3.694387513653E0,3.711852215671E0,0.E0));
#194=DIRECTION('',(0.E0,0.E0,1.E0));
#195=DIRECTION('',(-9.999999283166E-1,3.786381138636E-4,0.E0));
#196=AXIS2_PLACEMENT_3D('',#193,#194,#195);
#198=CURVE_STYLE('',#36,POSITIVE_LENGTH_MEASURE(2.E-2),#6);
#199=PRESENTATION_STYLE_ASSIGNMENT((#198));
#200=STYLED_ITEM('',(#199),#197);
#201=DIRECTION('',(-9.999999283166E-1,3.786381138635E-4,0.E0));
#202=VECTOR('',#201,3.11E1);
#203=CARTESIAN_POINT('',(3.479298432328E1,7.683555800497E-5,0.E0));
#204=LINE('',#203,#202);
#205=CURVE_STYLE('',#36,POSITIVE_LENGTH_MEASURE(2.E-2),#6);
#206=PRESENTATION_STYLE_ASSIGNMENT((#205));
#207=STYLED_ITEM('',(#206),#204);
#208=CARTESIAN_POINT('',(3.479438528430E1,3.700076570329E0,0.E0));
#209=DIRECTION('',(0.E0,0.E0,1.E0));
#210=DIRECTION('',(-3.786381138620E-4,-9.999999283166E-1,0.E0));
#211=AXIS2_PLACEMENT_3D('',#208,#209,#210);
#213=CURVE_STYLE('',#36,POSITIVE_LENGTH_MEASURE(2.E-2),#6);
#214=PRESENTATION_STYLE_ASSIGNMENT((#213));
#215=STYLED_ITEM('',(#214),#212);
#216=DIRECTION('',(-3.786381138635E-4,-9.999999283166E-1,0.E0));
#217=VECTOR('',#216,1.46E1);
#218=CARTESIAN_POINT('',(3.849991313553E1,1.829867456273E1,0.E0));
#219=LINE('',#218,#217);
#220=CURVE_STYLE('',#36,POSITIVE_LENGTH_MEASURE(2.E-2),#6);
#221=PRESENTATION_STYLE_ASSIGNMENT((#220));
#222=STYLED_ITEM('',(#221),#219);
#223=CARTESIAN_POINT('',(3.479991340076E1,1.830007552375E1,0.E0));
#224=DIRECTION('',(0.E0,0.E0,1.E0));
#225=DIRECTION('',(9.999999283166E-1,-3.786381138419E-4,0.E0));
#226=AXIS2_PLACEMENT_3D('',#223,#224,#225);
#228=CURVE_STYLE('',#36,POSITIVE_LENGTH_MEASURE(2.E-2),#6);
#229=PRESENTATION_STYLE_ASSIGNMENT((#228));
#230=STYLED_ITEM('',(#229),#227);
#231=DIRECTION('',(9.999999283166E-1,-3.786381138634E-4,0.E0));
#232=VECTOR('',#231,3.11E1);
#233=CARTESIAN_POINT('',(3.701316591137E0,2.201185090386E1,0.E0));
#234=LINE('',#233,#232);
#235=CURVE_STYLE('',#36,POSITIVE_LENGTH_MEASURE(2.E-2),#6);
#236=PRESENTATION_STYLE_ASSIGNMENT((#235));
#237=STYLED_ITEM('',(#236),#234);
#238=CARTESIAN_POINT('',(3.699915630115E0,1.831185116909E1,0.E0));
#239=DIRECTION('',(0.E0,0.E0,1.E0));
#240=DIRECTION('',(3.786381138527E-4,9.999999283166E-1,0.E0));
#241=AXIS2_PLACEMENT_3D('',#238,#239,#240);
#243=CURVE_STYLE('',#36,POSITIVE_LENGTH_MEASURE(2.E-2),#6);
#244=PRESENTATION_STYLE_ASSIGNMENT((#243));
#245=STYLED_ITEM('',(#244),#242);
#246=CARTESIAN_POINT('',(3.49999808E0,1.852499978E1,1.6E0));
#247=DIRECTION('',(0.E0,0.E0,-1.E0));
#248=DIRECTION('',(-1.E0,0.E0,0.E0));
#249=AXIS2_PLACEMENT_3D('',#246,#247,#248);
#251=CURVE_STYLE('',#36,POSITIVE_LENGTH_MEASURE(2.E-2),#6);
#252=PRESENTATION_STYLE_ASSIGNMENT((#251));
#253=STYLED_ITEM('',(#252),#250);
#254=DIRECTION('',(0.E0,0.E0,1.E0));
#255=VECTOR('',#254,1.6E0);
#256=CARTESIAN_POINT('',(4.6249971E0,1.852499978E1,0.E0));
#257=LINE('',#256,#255);
#258=CURVE_STYLE('',#36,POSITIVE_LENGTH_MEASURE(2.E-2),#6);
#259=PRESENTATION_STYLE_ASSIGNMENT((#258));
#260=STYLED_ITEM('',(#259),#257);
#261=DIRECTION('',(0.E0,0.E0,-1.E0));
#262=VECTOR('',#261,1.6E0);
#263=CARTESIAN_POINT('',(2.37499906E0,1.852499978E1,1.6E0));
#264=LINE('',#263,#262);
#265=CURVE_STYLE('',#36,POSITIVE_LENGTH_MEASURE(2.E-2),#6);
#266=PRESENTATION_STYLE_ASSIGNMENT((#265));
#267=STYLED_ITEM('',(#266),#264);
#268=CARTESIAN_POINT('',(3.49999808E0,1.852499978E1,1.6E0));
#269=DIRECTION('',(0.E0,0.E0,-1.E0));
#270=DIRECTION('',(1.E0,0.E0,0.E0));
#271=AXIS2_PLACEMENT_3D('',#268,#269,#270);
#273=CURVE_STYLE('',#36,POSITIVE_LENGTH_MEASURE(2.E-2),#6);
#274=PRESENTATION_STYLE_ASSIGNMENT((#273));
#275=STYLED_ITEM('',(#274),#272);
#276=CARTESIAN_POINT('',(3.499999858E1,3.4749994E0,1.6E0));
#277=DIRECTION('',(0.E0,0.E0,-1.E0));
#278=DIRECTION('',(-1.E0,0.E0,0.E0));
#279=AXIS2_PLACEMENT_3D('',#276,#277,#278);
#281=CURVE_STYLE('',#36,POSITIVE_LENGTH_MEASURE(2.E-2),#6);
#282=PRESENTATION_STYLE_ASSIGNMENT((#281));
#283=STYLED_ITEM('',(#282),#280);
#284=DIRECTION('',(0.E0,0.E0,1.E0));
#285=VECTOR('',#284,1.6E0);
#286=CARTESIAN_POINT('',(3.61249976E1,3.4749994E0,0.E0));
#287=LINE('',#286,#285);
#288=CURVE_STYLE('',#36,POSITIVE_LENGTH_MEASURE(2.E-2),#6);
#289=PRESENTATION_STYLE_ASSIGNMENT((#288));
#290=STYLED_ITEM('',(#289),#287);
#291=DIRECTION('',(0.E0,0.E0,-1.E0));
#292=VECTOR('',#291,1.6E0);
#293=CARTESIAN_POINT('',(3.387499956E1,3.4749994E0,1.6E0));
#294=LINE('',#293,#292);
#295=CURVE_STYLE('',#36,POSITIVE_LENGTH_MEASURE(2.E-2),#6);
#296=PRESENTATION_STYLE_ASSIGNMENT((#295));
#297=STYLED_ITEM('',(#296),#294);
#298=CARTESIAN_POINT('',(3.499999858E1,3.4749994E0,1.6E0));
#299=DIRECTION('',(0.E0,0.E0,-1.E0));
#300=DIRECTION('',(1.E0,0.E0,0.E0));
#301=AXIS2_PLACEMENT_3D('',#298,#299,#300);
#303=CURVE_STYLE('',#36,POSITIVE_LENGTH_MEASURE(2.E-2),#6);
#304=PRESENTATION_STYLE_ASSIGNMENT((#303));
#305=STYLED_ITEM('',(#304),#302);
#306=CARTESIAN_POINT('',(3.499999858E1,1.852499978E1,1.6E0));
#307=DIRECTION('',(0.E0,0.E0,-1.E0));
#308=DIRECTION('',(-1.E0,0.E0,0.E0));
#309=AXIS2_PLACEMENT_3D('',#306,#307,#308);
#311=CURVE_STYLE('',#36,POSITIVE_LENGTH_MEASURE(2.E-2),#6);
#312=PRESENTATION_STYLE_ASSIGNMENT((#311));
#313=STYLED_ITEM('',(#312),#310);
#314=DIRECTION('',(0.E0,0.E0,1.E0));
#315=VECTOR('',#314,1.6E0);
#316=CARTESIAN_POINT('',(3.61249976E1,1.852499978E1,0.E0));
#317=LINE('',#316,#315);
#318=CURVE_STYLE('',#36,POSITIVE_LENGTH_MEASURE(2.E-2),#6);
#319=PRESENTATION_STYLE_ASSIGNMENT((#318));
#320=STYLED_ITEM('',(#319),#317);
#321=DIRECTION('',(0.E0,0.E0,-1.E0));
#322=VECTOR('',#321,1.6E0);
#323=CARTESIAN_POINT('',(3.387499956E1,1.852499978E1,1.6E0));
#324=LINE('',#323,#322);
#325=CURVE_STYLE('',#36,POSITIVE_LENGTH_MEASURE(2.E-2),#6);
#326=PRESENTATION_STYLE_ASSIGNMENT((#325));
#327=STYLED_ITEM('',(#326),#324);
#328=CARTESIAN_POINT('',(3.499999858E1,1.852499978E1,1.6E0));
#329=DIRECTION('',(0.E0,0.E0,-1.E0));
#330=DIRECTION('',(1.E0,0.E0,0.E0));
#331=AXIS2_PLACEMENT_3D('',#328,#329,#330);
#333=CURVE_STYLE('',#36,POSITIVE_LENGTH_MEASURE(2.E-2),#6);
#334=PRESENTATION_STYLE_ASSIGNMENT((#333));
#335=STYLED_ITEM('',(#334),#332);
#336=DIRECTION('',(0.E0,0.E0,-1.E0));
#337=VECTOR('',#336,1.6E0);
#338=CARTESIAN_POINT('',(-5.612221118560E-3,3.713253176692E0,1.6E0));
#339=LINE('',#338,#337);
#340=CURVE_STYLE('',#36,POSITIVE_LENGTH_MEASURE(2.E-2),#6);
#341=PRESENTATION_STYLE_ASSIGNMENT((#340));
#342=STYLED_ITEM('',(#341),#339);
#343=DIRECTION('',(0.E0,0.E0,-1.E0));
#344=VECTOR('',#343,1.6E0);
#345=CARTESIAN_POINT('',(-8.410465615223E-5,1.831325213011E1,1.6E0));
#346=LINE('',#345,#344);
#347=CURVE_STYLE('',#36,POSITIVE_LENGTH_MEASURE(2.E-2),#6);
#348=PRESENTATION_STYLE_ASSIGNMENT((#347));
#349=STYLED_ITEM('',(#348),#346);
#350=DIRECTION('',(-1.249000902703E-14,0.E0,-1.E0));
#351=VECTOR('',#350,1.6E0);
#352=CARTESIAN_POINT('',(3.701316591137E0,2.201185090386E1,1.6E0));
#353=LINE('',#352,#351);
#354=CURVE_STYLE('',#36,POSITIVE_LENGTH_MEASURE(2.E-2),#6);
#355=PRESENTATION_STYLE_ASSIGNMENT((#354));
#356=STYLED_ITEM('',(#355),#353);
#357=DIRECTION('',(0.E0,0.E0,-1.E0));
#358=VECTOR('',#357,1.6E0);
#359=CARTESIAN_POINT('',(3.480131436178E1,2.200007525852E1,1.6E0));
#360=LINE('',#359,#358);
#361=CURVE_STYLE('',#36,POSITIVE_LENGTH_MEASURE(2.E-2),#6);
#362=PRESENTATION_STYLE_ASSIGNMENT((#361));
#363=STYLED_ITEM('',(#362),#360);
#364=DIRECTION('',(0.E0,0.E0,-1.E0));
#365=VECTOR('',#364,1.6E0);
#366=CARTESIAN_POINT('',(3.849991313553E1,1.829867456273E1,1.6E0));
#367=LINE('',#366,#365);
#368=CURVE_STYLE('',#36,POSITIVE_LENGTH_MEASURE(2.E-2),#6);
#369=PRESENTATION_STYLE_ASSIGNMENT((#368));
#370=STYLED_ITEM('',(#369),#367);
#371=DIRECTION('',(0.E0,0.E0,-1.E0));
#372=VECTOR('',#371,1.6E0);
#373=CARTESIAN_POINT('',(3.849438501907E1,3.698675609308E0,1.6E0));
#374=LINE('',#373,#372);
#375=CURVE_STYLE('',#36,POSITIVE_LENGTH_MEASURE(2.E-2),#6);
#376=PRESENTATION_STYLE_ASSIGNMENT((#375));
#377=STYLED_ITEM('',(#376),#374);
#378=DIRECTION('',(0.E0,0.E0,-1.E0));
#379=VECTOR('',#378,1.6E0);
#380=CARTESIAN_POINT('',(3.479298432328E1,7.683555800497E-5,1.6E0));
#381=LINE('',#380,#379);
#382=CURVE_STYLE('',#36,POSITIVE_LENGTH_MEASURE(2.E-2),#6);
#383=PRESENTATION_STYLE_ASSIGNMENT((#382));
#384=STYLED_ITEM('',(#383),#381);
#385=DIRECTION('',(0.E0,0.E0,-1.E0));
#386=VECTOR('',#385,1.6E0);
#387=CARTESIAN_POINT('',(3.692986552632E0,1.185248089916E-2,1.6E0));
#388=LINE('',#387,#386);
#389=CURVE_STYLE('',#36,POSITIVE_LENGTH_MEASURE(2.E-2),#6);
#390=PRESENTATION_STYLE_ASSIGNMENT((#389));
#391=STYLED_ITEM('',(#390),#388);
#392=CARTESIAN_POINT('',(4.6249971E0,3.4749994E0,0.E0));
#393=CARTESIAN_POINT('',(2.37499906E0,3.4749994E0,0.E0));
#394=VERTEX_POINT('',#392);
#395=VERTEX_POINT('',#393);
#396=CARTESIAN_POINT('',(4.6249971E0,1.852499978E1,0.E0));
#397=CARTESIAN_POINT('',(2.37499906E0,1.852499978E1,0.E0));
#398=VERTEX_POINT('',#396);
#399=VERTEX_POINT('',#397);
#400=CARTESIAN_POINT('',(3.61249976E1,3.4749994E0,0.E0));
#401=CARTESIAN_POINT('',(3.387499956E1,3.4749994E0,0.E0));
#402=VERTEX_POINT('',#400);
#403=VERTEX_POINT('',#401);
#404=CARTESIAN_POINT('',(3.61249976E1,1.852499978E1,0.E0));
#405=CARTESIAN_POINT('',(3.387499956E1,1.852499978E1,0.E0));
#406=VERTEX_POINT('',#404);
#407=VERTEX_POINT('',#405);
#408=CARTESIAN_POINT('',(4.6249971E0,3.4749994E0,1.6E0));
#409=CARTESIAN_POINT('',(2.37499906E0,3.4749994E0,1.6E0));
#410=VERTEX_POINT('',#408);
#411=VERTEX_POINT('',#409);
#412=CARTESIAN_POINT('',(4.6249971E0,1.852499978E1,1.6E0));
#413=CARTESIAN_POINT('',(2.37499906E0,1.852499978E1,1.6E0));
#414=VERTEX_POINT('',#412);
#415=VERTEX_POINT('',#413);
#416=CARTESIAN_POINT('',(3.61249976E1,3.4749994E0,1.6E0));
#417=CARTESIAN_POINT('',(3.387499956E1,3.4749994E0,1.6E0));
#418=VERTEX_POINT('',#416);
#419=VERTEX_POINT('',#417);
#420=CARTESIAN_POINT('',(3.61249976E1,1.852499978E1,1.6E0));
#421=CARTESIAN_POINT('',(3.387499956E1,1.852499978E1,1.6E0));
#422=VERTEX_POINT('',#420);
#423=VERTEX_POINT('',#421);
#424=CARTESIAN_POINT('',(-5.612221118559E-3,3.713253176692E0,0.E0));
#425=CARTESIAN_POINT('',(-8.410465615177E-5,1.831325213011E1,0.E0));
#426=VERTEX_POINT('',#424);
#427=VERTEX_POINT('',#425);
#428=CARTESIAN_POINT('',(3.701316591136E0,2.201185090386E1,0.E0));
#429=VERTEX_POINT('',#428);
#430=CARTESIAN_POINT('',(3.480131436178E1,2.200007525852E1,0.E0));
#431=VERTEX_POINT('',#430);
#432=CARTESIAN_POINT('',(3.849991313553E1,1.829867456273E1,0.E0));
#433=VERTEX_POINT('',#432);
#434=CARTESIAN_POINT('',(3.849438501907E1,3.698675609308E0,0.E0));
#435=VERTEX_POINT('',#434);
#436=CARTESIAN_POINT('',(3.479298432328E1,7.683555800497E-5,0.E0));
#437=VERTEX_POINT('',#436);
#438=CARTESIAN_POINT('',(3.692986552632E0,1.185248089916E-2,0.E0));
#439=VERTEX_POINT('',#438);
#440=CARTESIAN_POINT('',(-5.612221118560E-3,3.713253176692E0,1.6E0));
#441=CARTESIAN_POINT('',(-8.410465615223E-5,1.831325213011E1,1.6E0));
#442=VERTEX_POINT('',#440);
#443=VERTEX_POINT('',#441);
#444=CARTESIAN_POINT('',(3.701316591137E0,2.201185090386E1,1.6E0));
#445=VERTEX_POINT('',#444);
#446=CARTESIAN_POINT('',(3.480131436178E1,2.200007525852E1,1.6E0));
#447=VERTEX_POINT('',#446);
#448=CARTESIAN_POINT('',(3.849991313553E1,1.829867456273E1,1.6E0));
#449=VERTEX_POINT('',#448);
#450=CARTESIAN_POINT('',(3.849438501907E1,3.698675609308E0,1.6E0));
#451=VERTEX_POINT('',#450);
#452=CARTESIAN_POINT('',(3.479298432328E1,7.683555800497E-5,1.6E0));
#453=VERTEX_POINT('',#452);
#454=CARTESIAN_POINT('',(3.692986552632E0,1.185248089916E-2,1.6E0));
#455=VERTEX_POINT('',#454);
#456=CARTESIAN_POINT('',(3.49999808E0,3.4749994E0,0.E0));
#457=DIRECTION('',(0.E0,0.E0,-1.E0));
#458=DIRECTION('',(1.E0,0.E0,0.E0));
#459=AXIS2_PLACEMENT_3D('',#456,#457,#458);
#460=CYLINDRICAL_SURFACE('',#459,1.12499902E0);
#462=ORIENTED_EDGE('',*,*,#461,.T.);
#464=ORIENTED_EDGE('',*,*,#463,.F.);
#466=ORIENTED_EDGE('',*,*,#465,.T.);
#468=ORIENTED_EDGE('',*,*,#467,.F.);
#469=EDGE_LOOP('',(#462,#464,#466,#468));
#470=FACE_OUTER_BOUND('',#469,.F.);
#471=ADVANCED_FACE('',(#470),#460,.F.);
#472=CARTESIAN_POINT('',(4.216332401584E1,2.199718501380E1,1.6E0));
#473=DIRECTION('',(0.E0,0.E0,-1.E0));
#474=DIRECTION('',(-9.999999283166E-1,3.786381138635E-4,0.E0));
#475=AXIS2_PLACEMENT_3D('',#472,#473,#474);
#476=PLANE('',#475);
#478=ORIENTED_EDGE('',*,*,#477,.T.);
#480=ORIENTED_EDGE('',*,*,#479,.F.);
#482=ORIENTED_EDGE('',*,*,#481,.T.);
#484=ORIENTED_EDGE('',*,*,#483,.F.);
#486=ORIENTED_EDGE('',*,*,#485,.T.);
#488=ORIENTED_EDGE('',*,*,#487,.F.);
#490=ORIENTED_EDGE('',*,*,#489,.T.);
#492=ORIENTED_EDGE('',*,*,#491,.F.);
#493=EDGE_LOOP('',(#478,#480,#482,#484,#486,#488,#490,#492));
#494=FACE_OUTER_BOUND('',#493,.F.);
#496=ORIENTED_EDGE('',*,*,#495,.F.);
#498=ORIENTED_EDGE('',*,*,#497,.F.);
#499=EDGE_LOOP('',(#496,#498));
#500=FACE_BOUND('',#499,.F.);
#502=ORIENTED_EDGE('',*,*,#501,.F.);
#504=ORIENTED_EDGE('',*,*,#503,.F.);
#505=EDGE_LOOP('',(#502,#504));
#506=FACE_BOUND('',#505,.F.);
#508=ORIENTED_EDGE('',*,*,#507,.F.);
#510=ORIENTED_EDGE('',*,*,#509,.F.);
#511=EDGE_LOOP('',(#508,#510));
#512=FACE_BOUND('',#511,.F.);
#514=ORIENTED_EDGE('',*,*,#513,.F.);
#515=ORIENTED_EDGE('',*,*,#461,.F.);
#516=EDGE_LOOP('',(#514,#515));
#517=FACE_BOUND('',#516,.F.);
#518=ADVANCED_FACE('',(#494,#500,#506,#512,#517),#476,.F.);
#519=CARTESIAN_POINT('',(3.49999808E0,3.4749994E0,0.E0));
#520=DIRECTION('',(0.E0,0.E0,-1.E0));
#521=DIRECTION('',(1.E0,0.E0,0.E0));
#522=AXIS2_PLACEMENT_3D('',#519,#520,#521);
#523=CYLINDRICAL_SURFACE('',#522,1.12499902E0);
#524=ORIENTED_EDGE('',*,*,#513,.T.);
#525=ORIENTED_EDGE('',*,*,#467,.T.);
#527=ORIENTED_EDGE('',*,*,#526,.T.);
#528=ORIENTED_EDGE('',*,*,#463,.T.);
#529=EDGE_LOOP('',(#524,#525,#527,#528));
#530=FACE_OUTER_BOUND('',#529,.F.);
#531=ADVANCED_FACE('',(#530),#523,.F.);
#532=CARTESIAN_POINT('',(-1.173734E-2,3.79558804E0,0.E0));
#533=DIRECTION('',(0.E0,0.E0,-1.E0));
#534=DIRECTION('',(-1.E0,0.E0,0.E0));
#535=AXIS2_PLACEMENT_3D('',#532,#533,#534);
#536=PLANE('',#535);
#538=ORIENTED_EDGE('',*,*,#537,.F.);
#540=ORIENTED_EDGE('',*,*,#539,.T.);
#542=ORIENTED_EDGE('',*,*,#541,.F.);
#544=ORIENTED_EDGE('',*,*,#543,.T.);
#546=ORIENTED_EDGE('',*,*,#545,.F.);
#548=ORIENTED_EDGE('',*,*,#547,.T.);
#550=ORIENTED_EDGE('',*,*,#549,.F.);
#552=ORIENTED_EDGE('',*,*,#551,.T.);
#553=EDGE_LOOP('',(#538,#540,#542,#544,#546,#548,#550,#552));
#554=FACE_OUTER_BOUND('',#553,.F.);
#556=ORIENTED_EDGE('',*,*,#555,.F.);
#558=ORIENTED_EDGE('',*,*,#557,.F.);
#559=EDGE_LOOP('',(#556,#558));
#560=FACE_BOUND('',#559,.F.);
#562=ORIENTED_EDGE('',*,*,#561,.F.);
#564=ORIENTED_EDGE('',*,*,#563,.F.);
#565=EDGE_LOOP('',(#562,#564));
#566=FACE_BOUND('',#565,.F.);
#568=ORIENTED_EDGE('',*,*,#567,.F.);
#570=ORIENTED_EDGE('',*,*,#569,.F.);
#571=EDGE_LOOP('',(#568,#570));
#572=FACE_BOUND('',#571,.F.);
#573=ORIENTED_EDGE('',*,*,#465,.F.);
#574=ORIENTED_EDGE('',*,*,#526,.F.);
#575=EDGE_LOOP('',(#573,#574));
#576=FACE_BOUND('',#575,.F.);
#577=ADVANCED_FACE('',(#554,#560,#566,#572,#576),#536,.T.);
#578=CARTESIAN_POINT('',(3.49999808E0,1.852499978E1,0.E0));
#579=DIRECTION('',(0.E0,0.E0,-1.E0));
#580=DIRECTION('',(1.E0,0.E0,0.E0));
#581=AXIS2_PLACEMENT_3D('',#578,#579,#580);
#582=CYLINDRICAL_SURFACE('',#581,1.12499902E0);
#583=ORIENTED_EDGE('',*,*,#497,.T.);
#585=ORIENTED_EDGE('',*,*,#584,.F.);
#586=ORIENTED_EDGE('',*,*,#555,.T.);
#588=ORIENTED_EDGE('',*,*,#587,.F.);
#589=EDGE_LOOP('',(#583,#585,#586,#588));
#590=FACE_OUTER_BOUND('',#589,.F.);
#591=ADVANCED_FACE('',(#590),#582,.F.);
#592=CARTESIAN_POINT('',(3.49999808E0,1.852499978E1,0.E0));
#593=DIRECTION('',(0.E0,0.E0,-1.E0));
#594=DIRECTION('',(1.E0,0.E0,0.E0));
#595=AXIS2_PLACEMENT_3D('',#592,#593,#594);
#596=CYLINDRICAL_SURFACE('',#595,1.12499902E0);
#597=ORIENTED_EDGE('',*,*,#495,.T.);
#598=ORIENTED_EDGE('',*,*,#587,.T.);
#599=ORIENTED_EDGE('',*,*,#557,.T.);
#600=ORIENTED_EDGE('',*,*,#584,.T.);
#601=EDGE_LOOP('',(#597,#598,#599,#600));
#602=FACE_OUTER_BOUND('',#601,.F.);
#603=ADVANCED_FACE('',(#602),#596,.F.);
#604=CARTESIAN_POINT('',(3.499999858E1,3.4749994E0,0.E0));
#605=DIRECTION('',(0.E0,0.E0,-1.E0));
#606=DIRECTION('',(1.E0,0.E0,0.E0));
#607=AXIS2_PLACEMENT_3D('',#604,#605,#606);
#608=CYLINDRICAL_SURFACE('',#607,1.12499902E0);
#609=ORIENTED_EDGE('',*,*,#503,.T.);
#611=ORIENTED_EDGE('',*,*,#610,.F.);
#612=ORIENTED_EDGE('',*,*,#561,.T.);
#614=ORIENTED_EDGE('',*,*,#613,.F.);
#615=EDGE_LOOP('',(#609,#611,#612,#614));
#616=FACE_OUTER_BOUND('',#615,.F.);
#617=ADVANCED_FACE('',(#616),#608,.F.);
#618=CARTESIAN_POINT('',(3.499999858E1,3.4749994E0,0.E0));
#619=DIRECTION('',(0.E0,0.E0,-1.E0));
#620=DIRECTION('',(1.E0,0.E0,0.E0));
#621=AXIS2_PLACEMENT_3D('',#618,#619,#620);
#622=CYLINDRICAL_SURFACE('',#621,1.12499902E0);
#623=ORIENTED_EDGE('',*,*,#501,.T.);
#624=ORIENTED_EDGE('',*,*,#613,.T.);
#625=ORIENTED_EDGE('',*,*,#563,.T.);
#626=ORIENTED_EDGE('',*,*,#610,.T.);
#627=EDGE_LOOP('',(#623,#624,#625,#626));
#628=FACE_OUTER_BOUND('',#627,.F.);
#629=ADVANCED_FACE('',(#628),#622,.F.);
#630=CARTESIAN_POINT('',(3.499999858E1,1.852499978E1,0.E0));
#631=DIRECTION('',(0.E0,0.E0,-1.E0));
#632=DIRECTION('',(1.E0,0.E0,0.E0));
#633=AXIS2_PLACEMENT_3D('',#630,#631,#632);
#634=CYLINDRICAL_SURFACE('',#633,1.12499902E0);
#635=ORIENTED_EDGE('',*,*,#509,.T.);
#637=ORIENTED_EDGE('',*,*,#636,.F.);
#638=ORIENTED_EDGE('',*,*,#567,.T.);
#640=ORIENTED_EDGE('',*,*,#639,.F.);
#641=EDGE_LOOP('',(#635,#637,#638,#640));
#642=FACE_OUTER_BOUND('',#641,.F.);
#643=ADVANCED_FACE('',(#642),#634,.F.);
#644=CARTESIAN_POINT('',(3.499999858E1,1.852499978E1,0.E0));
#645=DIRECTION('',(0.E0,0.E0,-1.E0));
#646=DIRECTION('',(1.E0,0.E0,0.E0));
#647=AXIS2_PLACEMENT_3D('',#644,#645,#646);
#648=CYLINDRICAL_SURFACE('',#647,1.12499902E0);
#649=ORIENTED_EDGE('',*,*,#507,.T.);
#650=ORIENTED_EDGE('',*,*,#639,.T.);
#651=ORIENTED_EDGE('',*,*,#569,.T.);
#652=ORIENTED_EDGE('',*,*,#636,.T.);
#653=EDGE_LOOP('',(#649,#650,#651,#652));
#654=FACE_OUTER_BOUND('',#653,.F.);
#655=ADVANCED_FACE('',(#654),#648,.F.);
#656=CARTESIAN_POINT('',(-5.612221118560E-3,3.713253176692E0,1.6E0));
#657=DIRECTION('',(9.999999283166E-1,-3.786381138635E-4,0.E0));
#658=DIRECTION('',(3.786381138635E-4,9.999999283166E-1,0.E0));
#659=AXIS2_PLACEMENT_3D('',#656,#657,#658);
#660=PLANE('',#659);
#661=ORIENTED_EDGE('',*,*,#537,.T.);
#663=ORIENTED_EDGE('',*,*,#662,.F.);
#664=ORIENTED_EDGE('',*,*,#477,.F.);
#666=ORIENTED_EDGE('',*,*,#665,.T.);
#667=EDGE_LOOP('',(#661,#663,#664,#666));
#668=FACE_OUTER_BOUND('',#667,.F.);
#669=ADVANCED_FACE('',(#668),#660,.F.);
#670=CARTESIAN_POINT('',(3.699915630115E0,1.831185116909E1,1.6E0));
#671=DIRECTION('',(0.E0,0.E0,1.E0));
#672=DIRECTION('',(3.786381138635E-4,9.999999283166E-1,0.E0));
#673=AXIS2_PLACEMENT_3D('',#670,#671,#672);
#674=CYLINDRICAL_SURFACE('',#673,3.7E0);
#675=ORIENTED_EDGE('',*,*,#551,.F.);
#677=ORIENTED_EDGE('',*,*,#676,.F.);
#678=ORIENTED_EDGE('',*,*,#479,.T.);
#679=ORIENTED_EDGE('',*,*,#662,.T.);
#680=EDGE_LOOP('',(#675,#677,#678,#679));
#681=FACE_OUTER_BOUND('',#680,.F.);
#682=ADVANCED_FACE('',(#681),#674,.T.);
#683=CARTESIAN_POINT('',(3.701316591137E0,2.201185090386E1,1.6E0));
#684=DIRECTION('',(-3.786381138635E-4,-9.999999283166E-1,0.E0));
#685=DIRECTION('',(9.999999283166E-1,-3.786381138635E-4,0.E0));
#686=AXIS2_PLACEMENT_3D('',#683,#684,#685);
#687=PLANE('',#686);
#688=ORIENTED_EDGE('',*,*,#549,.T.);
#690=ORIENTED_EDGE('',*,*,#689,.F.);
#691=ORIENTED_EDGE('',*,*,#481,.F.);
#692=ORIENTED_EDGE('',*,*,#676,.T.);
#693=EDGE_LOOP('',(#688,#690,#691,#692));
#694=FACE_OUTER_BOUND('',#693,.F.);
#695=ADVANCED_FACE('',(#694),#687,.F.);
#696=CARTESIAN_POINT('',(3.479991340076E1,1.830007552375E1,1.6E0));
#697=DIRECTION('',(0.E0,0.E0,1.E0));
#698=DIRECTION('',(3.786381138635E-4,9.999999283166E-1,0.E0));
#699=AXIS2_PLACEMENT_3D('',#696,#697,#698);
#700=CYLINDRICAL_SURFACE('',#699,3.7E0);
#701=ORIENTED_EDGE('',*,*,#547,.F.);
#703=ORIENTED_EDGE('',*,*,#702,.F.);
#704=ORIENTED_EDGE('',*,*,#483,.T.);
#705=ORIENTED_EDGE('',*,*,#689,.T.);
#706=EDGE_LOOP('',(#701,#703,#704,#705));
#707=FACE_OUTER_BOUND('',#706,.F.);
#708=ADVANCED_FACE('',(#707),#700,.T.);
#709=CARTESIAN_POINT('',(3.849991313553E1,1.829867456273E1,1.6E0));
#710=DIRECTION('',(-9.999999283166E-1,3.786381138635E-4,0.E0));
#711=DIRECTION('',(-3.786381138635E-4,-9.999999283166E-1,0.E0));
#712=AXIS2_PLACEMENT_3D('',#709,#710,#711);
#713=PLANE('',#712);
#714=ORIENTED_EDGE('',*,*,#545,.T.);
#716=ORIENTED_EDGE('',*,*,#715,.F.);
#717=ORIENTED_EDGE('',*,*,#485,.F.);
#718=ORIENTED_EDGE('',*,*,#702,.T.);
#719=EDGE_LOOP('',(#714,#716,#717,#718));
#720=FACE_OUTER_BOUND('',#719,.F.);
#721=ADVANCED_FACE('',(#720),#713,.F.);
#722=CARTESIAN_POINT('',(3.479438528430E1,3.700076570329E0,1.6E0));
#723=DIRECTION('',(0.E0,0.E0,1.E0));
#724=DIRECTION('',(3.786381138635E-4,9.999999283166E-1,0.E0));
#725=AXIS2_PLACEMENT_3D('',#722,#723,#724);
#726=CYLINDRICAL_SURFACE('',#725,3.7E0);
#727=ORIENTED_EDGE('',*,*,#543,.F.);
#729=ORIENTED_EDGE('',*,*,#728,.F.);
#730=ORIENTED_EDGE('',*,*,#487,.T.);
#731=ORIENTED_EDGE('',*,*,#715,.T.);
#732=EDGE_LOOP('',(#727,#729,#730,#731));
#733=FACE_OUTER_BOUND('',#732,.F.);
#734=ADVANCED_FACE('',(#733),#726,.T.);
#735=CARTESIAN_POINT('',(3.479298432328E1,7.683555800497E-5,1.6E0));
#736=DIRECTION('',(3.786381138635E-4,9.999999283166E-1,0.E0));
#737=DIRECTION('',(-9.999999283166E-1,3.786381138635E-4,0.E0));
#738=AXIS2_PLACEMENT_3D('',#735,#736,#737);
#739=PLANE('',#738);
#740=ORIENTED_EDGE('',*,*,#541,.T.);
#742=ORIENTED_EDGE('',*,*,#741,.F.);
#743=ORIENTED_EDGE('',*,*,#489,.F.);
#744=ORIENTED_EDGE('',*,*,#728,.T.);
#745=EDGE_LOOP('',(#740,#742,#743,#744));
#746=FACE_OUTER_BOUND('',#745,.F.);
#747=ADVANCED_FACE('',(#746),#739,.F.);
#748=CARTESIAN_POINT('',(3.694387513653E0,3.711852215671E0,1.6E0));
#749=DIRECTION('',(0.E0,0.E0,1.E0));
#750=DIRECTION('',(3.786381138635E-4,9.999999283166E-1,0.E0));
#751=AXIS2_PLACEMENT_3D('',#748,#749,#750);
#752=CYLINDRICAL_SURFACE('',#751,3.7E0);
#753=ORIENTED_EDGE('',*,*,#539,.F.);
#754=ORIENTED_EDGE('',*,*,#665,.F.);
#755=ORIENTED_EDGE('',*,*,#491,.T.);
#756=ORIENTED_EDGE('',*,*,#741,.T.);
#757=EDGE_LOOP('',(#753,#754,#755,#756));
#758=FACE_OUTER_BOUND('',#757,.F.);
#759=ADVANCED_FACE('',(#758),#752,.T.);
#762=FILL_AREA_STYLE_COLOUR('',#6);
#763=FILL_AREA_STYLE('',(#762));
#764=SURFACE_STYLE_FILL_AREA(#763);
#765=SURFACE_SIDE_STYLE('',(#764));
#766=SURFACE_STYLE_USAGE(.BOTH.,#765);
#767=PRESENTATION_STYLE_ASSIGNMENT((#766));
#30=STYLED_ITEM('',(#767),#761);
#769=DIMENSIONAL_EXPONENTS(0.E0,0.E0,0.E0,0.E0,0.E0,0.E0,0.E0);
#771=PLANE_ANGLE_MEASURE_WITH_UNIT(PLANE_ANGLE_MEASURE(1.745329251994E-2),#770);
#772=(CONVERSION_BASED_UNIT('DEGREE',#771)NAMED_UNIT(*)PLANE_ANGLE_UNIT());
#774=UNCERTAINTY_MEASURE_WITH_UNIT(LENGTH_MEASURE(4.437448558858E-3),#768,
'closure',
'Maximum model space distance between geometric entities at asserted connectivities');
#775=(GEOMETRIC_REPRESENTATION_CONTEXT(3)GLOBAL_UNCERTAINTY_ASSIGNED_CONTEXT((
#774))GLOBAL_UNIT_ASSIGNED_CONTEXT((#768,#772,#773))REPRESENTATION_CONTEXT
('ID1','3'));
#776=CARTESIAN_POINT('',(0.E0,0.E0,0.E0));
#777=DIRECTION('',(0.E0,0.E0,1.E0));
#778=DIRECTION('',(1.E0,0.E0,0.E0));
#781=APPLICATION_CONTEXT(
'CONFIGURATION CONTROLLED 3D DESIGNS OF MECHANICAL PARTS AND ASSEMBLIES');
#782=APPLICATION_PROTOCOL_DEFINITION('international standard',
'config_control_design',1994,#781);
#783=DESIGN_CONTEXT('',#781,'design');
#784=MECHANICAL_CONTEXT('',#781,'mechanical');
#785=PRODUCT('BOARD','BOARD','NOT SPECIFIED',(#784));
#786=PRODUCT_DEFINITION_FORMATION_WITH_SPECIFIED_SOURCE('4','LAST_VERSION',#785,
.MADE.);
#795=CARTESIAN_POINT('',(0.E0,0.E0,-4.1148E-1));
#796=DIRECTION('',(0.E0,0.E0,1.E0));
#797=DIRECTION('',(1.E0,0.E0,0.E0));
#798=AXIS2_PLACEMENT_3D('',#795,#796,#797);
#799=ITEM_DEFINED_TRANSFORMATION('','',#779,#798);
#800=CARTESIAN_POINT('',(0.E0,0.E0,0.E0));
#801=DIRECTION('',(0.E0,0.E0,1.E0));
#802=DIRECTION('',(1.E0,0.E0,0.E0));
#804=(REPRESENTATION_RELATIONSHIP('','',#780,#792)REPRESENTATION_RELATIONSHIP_WITH_TRANSFORMATION(#799)SHAPE_REPRESENTATION_RELATIONSHIP());
#805=CONTEXT_DEPENDENT_SHAPE_REPRESENTATION(#804,#794);
#807=DIRECTION('',(0.E0,0.E0,-1.E0));
#808=VECTOR('',#807,1.303762470122E0);
#809=CARTESIAN_POINT('',(-1.451881235061E0,5.5E-1,6.518812350608E-1));
#810=LINE('',#809,#808);
#811=CURVE_STYLE('',#36,POSITIVE_LENGTH_MEASURE(2.E-2),#19);
#812=PRESENTATION_STYLE_ASSIGNMENT((#811));
#813=STYLED_ITEM('',(#812),#810);
#814=DIRECTION('',(8.682659386404E-2,9.924325091390E-1,-8.682659386404E-2));
#815=VECTOR('',#814,5.541938569477E-1);
#816=CARTESIAN_POINT('',(-1.5E0,0.E0,7.E-1));
#817=LINE('',#816,#815);
#818=CURVE_STYLE('',#36,POSITIVE_LENGTH_MEASURE(2.E-2),#19);
#819=PRESENTATION_STYLE_ASSIGNMENT((#818));
#820=STYLED_ITEM('',(#819),#817);
#821=DIRECTION('',(-2.125284075711E-14,0.E0,-1.E0));
#822=VECTOR('',#821,1.4E0);
#823=CARTESIAN_POINT('',(-1.5E0,0.E0,7.E-1));
#824=LINE('',#823,#822);
#825=CURVE_STYLE('',#36,POSITIVE_LENGTH_MEASURE(2.E-2),#19);
#826=PRESENTATION_STYLE_ASSIGNMENT((#825));
#827=STYLED_ITEM('',(#826),#824);
#828=DIRECTION('',(8.682659386448E-2,-9.924325091389E-1,8.682659386448E-2));
#829=VECTOR('',#828,4.534313375027E-1);
#830=CARTESIAN_POINT('',(-1.5E0,0.E0,-7.E-1));
#831=LINE('',#830,#829);
#832=CURVE_STYLE('',#36,POSITIVE_LENGTH_MEASURE(2.E-2),#19);
#833=PRESENTATION_STYLE_ASSIGNMENT((#832));
#834=STYLED_ITEM('',(#833),#831);
#835=DIRECTION('',(-1.E0,0.E0,0.E0));
#836=VECTOR('',#835,4.5E-1);
#837=CARTESIAN_POINT('',(-7.25E-1,-1.5E-1,6.868767004711E-1));
#838=LINE('',#837,#836);
#839=CURVE_STYLE('',#36,POSITIVE_LENGTH_MEASURE(2.E-2),#19);
#840=PRESENTATION_STYLE_ASSIGNMENT((#839));
#841=STYLED_ITEM('',(#840),#838);
#842=DIRECTION('',(-1.E0,0.E0,0.E0));
#843=VECTOR('',#842,5.E-1);
#844=CARTESIAN_POINT('',(-2.25E-1,0.E0,7.E-1));
#845=LINE('',#844,#843);
#846=CURVE_STYLE('',#36,POSITIVE_LENGTH_MEASURE(2.E-2),#19);
#847=PRESENTATION_STYLE_ASSIGNMENT((#846));
#848=STYLED_ITEM('',(#847),#845);
#849=DIRECTION('',(-1.E0,0.E0,0.E0));
#850=VECTOR('',#849,5.E-1);
#851=CARTESIAN_POINT('',(7.25E-1,0.E0,7.E-1));
#852=LINE('',#851,#850);
#853=CURVE_STYLE('',#36,POSITIVE_LENGTH_MEASURE(2.E-2),#19);
#854=PRESENTATION_STYLE_ASSIGNMENT((#853));
#855=STYLED_ITEM('',(#854),#852);
#856=DIRECTION('',(-1.E0,0.E0,-5.841481144950E-14));
#857=VECTOR('',#856,3.25E-1);
#858=CARTESIAN_POINT('',(1.5E0,0.E0,7.E-1));
#859=LINE('',#858,#857);
#860=CURVE_STYLE('',#36,POSITIVE_LENGTH_MEASURE(2.E-2),#19);
#861=PRESENTATION_STYLE_ASSIGNMENT((#860));
#862=STYLED_ITEM('',(#861),#859);
#863=DIRECTION('',(8.682659386451E-2,-9.924325091389E-1,-8.682659386450E-2));
#864=VECTOR('',#863,4.534313375027E-1);
#865=CARTESIAN_POINT('',(-1.5E0,0.E0,7.E-1));
#866=LINE('',#865,#864);
#867=CURVE_STYLE('',#36,POSITIVE_LENGTH_MEASURE(2.E-2),#19);
#868=PRESENTATION_STYLE_ASSIGNMENT((#867));
#869=STYLED_ITEM('',(#868),#866);
#870=DIRECTION('',(-1.E0,0.E0,-9.155069864602E-14));
#871=VECTOR('',#870,3.25E-1);
#872=CARTESIAN_POINT('',(-1.175E0,0.E0,7.E-1));
#873=LINE('',#872,#871);
#874=CURVE_STYLE('',#36,POSITIVE_LENGTH_MEASURE(2.E-2),#19);
#875=PRESENTATION_STYLE_ASSIGNMENT((#874));
#876=STYLED_ITEM('',(#875),#873);
#877=DIRECTION('',(0.E0,-9.925461516414E-1,1.218693434048E-1));
#878=VECTOR('',#877,1.818226140448E-1);
#879=CARTESIAN_POINT('',(-1.175E0,-1.939065328302E-1,8.062772199932E-1));
#880=LINE('',#879,#878);
#881=CURVE_STYLE('',#36,POSITIVE_LENGTH_MEASURE(2.E-2),#19);
#882=PRESENTATION_STYLE_ASSIGNMENT((#881));
#883=STYLED_ITEM('',(#882),#880);
#884=CARTESIAN_POINT('',(-1.175E0,-2.E-1,7.566499124110E-1));
#885=DIRECTION('',(1.E0,0.E0,0.E0));
#886=DIRECTION('',(0.E0,1.E0,6.661338147751E-14));
#887=AXIS2_PLACEMENT_3D('',#884,#885,#886);
#889=CURVE_STYLE('',#36,POSITIVE_LENGTH_MEASURE(2.E-2),#19);
#890=PRESENTATION_STYLE_ASSIGNMENT((#889));
#891=STYLED_ITEM('',(#890),#888);
#892=DIRECTION('',(0.E0,4.853123614292E-14,1.E0));
#893=VECTOR('',#892,6.977321193992E-2);
#894=CARTESIAN_POINT('',(-1.175E0,-1.5E-1,6.868767004711E-1));
#895=LINE('',#894,#893);
#896=CURVE_STYLE('',#36,POSITIVE_LENGTH_MEASURE(2.E-2),#19);
#897=PRESENTATION_STYLE_ASSIGNMENT((#896));
#898=STYLED_ITEM('',(#897),#895);
#899=DIRECTION('',(0.E0,-9.961946980917E-1,-8.715574274789E-2));
#900=VECTOR('',#899,1.505729756315E-1);
#901=CARTESIAN_POINT('',(-1.175E0,0.E0,7.E-1));
#902=LINE('',#901,#900);
#903=CURVE_STYLE('',#36,POSITIVE_LENGTH_MEASURE(2.E-2),#19);
#904=PRESENTATION_STYLE_ASSIGNMENT((#903));
#905=STYLED_ITEM('',(#904),#902);
#906=DIRECTION('',(0.E0,0.E0,-1.E0));
#907=VECTOR('',#906,5.664991241100E-2);
#908=CARTESIAN_POINT('',(-1.175E0,0.E0,7.566499124110E-1));
#909=LINE('',#908,#907);
#910=CURVE_STYLE('',#36,POSITIVE_LENGTH_MEASURE(2.E-2),#19);
#911=PRESENTATION_STYLE_ASSIGNMENT((#910));
#912=STYLED_ITEM('',(#911),#909);
#913=CARTESIAN_POINT('',(-1.175E0,-2.E-1,7.566499124110E-1));
#914=DIRECTION('',(-1.E0,0.E0,0.E0));
#915=DIRECTION('',(0.E0,1.218693434093E-1,9.925461516408E-1));
#916=AXIS2_PLACEMENT_3D('',#913,#914,#915);
#918=CURVE_STYLE('',#36,POSITIVE_LENGTH_MEASURE(2.E-2),#19);
#919=PRESENTATION_STYLE_ASSIGNMENT((#918));
#920=STYLED_ITEM('',(#919),#917);
#921=DIRECTION('',(0.E0,9.925461516414E-1,-1.218693434048E-1));
#922=VECTOR('',#921,1.818226140447E-1);
#923=CARTESIAN_POINT('',(-1.175E0,-3.560934671701E-1,9.773177453289E-1));
#924=LINE('',#923,#922);
#925=CURVE_STYLE('',#36,POSITIVE_LENGTH_MEASURE(2.E-2),#19);
#926=PRESENTATION_STYLE_ASSIGNMENT((#925));
#927=STYLED_ITEM('',(#926),#924);
#928=CARTESIAN_POINT('',(-1.175E0,-3.5E-1,1.026945052911E0));
#929=DIRECTION('',(1.E0,0.E0,0.E0));
#930=DIRECTION('',(0.E0,-1.E0,0.E0));
#931=AXIS2_PLACEMENT_3D('',#928,#929,#930);
#933=CURVE_STYLE('',#36,POSITIVE_LENGTH_MEASURE(2.E-2),#19);
#934=PRESENTATION_STYLE_ASSIGNMENT((#933));
#935=STYLED_ITEM('',(#934),#932);
#936=DIRECTION('',(0.E0,0.E0,-1.E0));
#937=VECTOR('',#936,2.230549470890E-1);
#938=CARTESIAN_POINT('',(-1.175E0,-4.E-1,1.25E0));
#939=LINE('',#938,#937);
#940=CURVE_STYLE('',#36,POSITIVE_LENGTH_MEASURE(2.E-2),#19);
#941=PRESENTATION_STYLE_ASSIGNMENT((#940));
#942=STYLED_ITEM('',(#941),#939);
#943=DIRECTION('',(0.E0,1.E0,0.E0));
#944=VECTOR('',#943,1.5E-1);
#945=CARTESIAN_POINT('',(-1.175E0,-5.5E-1,1.25E0));
#946=LINE('',#945,#944);
#947=CURVE_STYLE('',#36,POSITIVE_LENGTH_MEASURE(2.E-2),#19);
#948=PRESENTATION_STYLE_ASSIGNMENT((#947));
#949=STYLED_ITEM('',(#948),#946);
#950=DIRECTION('',(0.E0,0.E0,1.E0));
#951=VECTOR('',#950,2.230549470890E-1);
#952=CARTESIAN_POINT('',(-1.175E0,-5.5E-1,1.026945052911E0));
#953=LINE('',#952,#951);
#954=CURVE_STYLE('',#36,POSITIVE_LENGTH_MEASURE(2.E-2),#19);
#955=PRESENTATION_STYLE_ASSIGNMENT((#954));
#956=STYLED_ITEM('',(#955),#953);
#957=CARTESIAN_POINT('',(-1.175E0,-3.5E-1,1.026945052911E0));
#958=DIRECTION('',(-1.E0,0.E0,0.E0));
#959=DIRECTION('',(0.E0,-1.218693434151E-1,-9.925461516401E-1));
#960=AXIS2_PLACEMENT_3D('',#957,#958,#959);
#962=CURVE_STYLE('',#36,POSITIVE_LENGTH_MEASURE(2.E-2),#19);
#963=PRESENTATION_STYLE_ASSIGNMENT((#962));
#964=STYLED_ITEM('',(#963),#961);
#965=CARTESIAN_POINT('',(-7.25E-1,-3.5E-1,1.026945052911E0));
#966=DIRECTION('',(-1.E0,0.E0,0.E0));
#967=DIRECTION('',(0.E0,-1.218693434056E-1,-9.925461516413E-1));
#968=AXIS2_PLACEMENT_3D('',#965,#966,#967);
#970=CURVE_STYLE('',#36,POSITIVE_LENGTH_MEASURE(2.E-2),#19);
#971=PRESENTATION_STYLE_ASSIGNMENT((#970));
#972=STYLED_ITEM('',(#971),#969);
#973=DIRECTION('',(0.E0,-9.925461516414E-1,1.218693434048E-1));
#974=VECTOR('',#973,1.818226140447E-1);
#975=CARTESIAN_POINT('',(-7.25E-1,-1.756261313187E-1,9.551591427392E-1));
#976=LINE('',#975,#974);
#977=CURVE_STYLE('',#36,POSITIVE_LENGTH_MEASURE(2.E-2),#19);
#978=PRESENTATION_STYLE_ASSIGNMENT((#977));
#979=STYLED_ITEM('',(#978),#976);
#980=CARTESIAN_POINT('',(-7.25E-1,-2.E-1,7.566499124110E-1));
#981=DIRECTION('',(1.E0,0.E0,0.E0));
#982=DIRECTION('',(0.E0,1.E0,0.E0));
#983=AXIS2_PLACEMENT_3D('',#980,#981,#982);
#985=CURVE_STYLE('',#36,POSITIVE_LENGTH_MEASURE(2.E-2),#19);
#986=PRESENTATION_STYLE_ASSIGNMENT((#985));
#987=STYLED_ITEM('',(#986),#984);
#988=DIRECTION('',(0.E0,9.961946980917E-1,8.715574274789E-2));
#989=VECTOR('',#988,1.505729756315E-1);
#990=CARTESIAN_POINT('',(-7.25E-1,-1.5E-1,6.868767004711E-1));
#991=LINE('',#990,#989);
#992=CURVE_STYLE('',#36,POSITIVE_LENGTH_MEASURE(2.E-2),#19);
#993=PRESENTATION_STYLE_ASSIGNMENT((#992));
#994=STYLED_ITEM('',(#993),#991);
#995=CARTESIAN_POINT('',(-7.25E-1,-2.E-1,7.566499124110E-1));
#996=DIRECTION('',(-1.E0,0.E0,0.E0));
#997=DIRECTION('',(0.E0,1.218693433892E-1,9.925461516433E-1));
#998=AXIS2_PLACEMENT_3D('',#995,#996,#997);
#1000=CURVE_STYLE('',#36,POSITIVE_LENGTH_MEASURE(2.E-2),#19);
#1001=PRESENTATION_STYLE_ASSIGNMENT((#1000));
#1002=STYLED_ITEM('',(#1001),#999);
#1003=DIRECTION('',(0.E0,9.925461516414E-1,-1.218693434048E-1));
#1004=VECTOR('',#1003,1.818226140448E-1);
#1005=CARTESIAN_POINT('',(-7.25E-1,-3.743738686817E-1,8.284358225830E-1));
#1006=LINE('',#1005,#1004);
#1007=CURVE_STYLE('',#36,POSITIVE_LENGTH_MEASURE(2.E-2),#19);
#1008=PRESENTATION_STYLE_ASSIGNMENT((#1007));
#1009=STYLED_ITEM('',(#1008),#1006);
#1010=CARTESIAN_POINT('',(-7.25E-1,-3.5E-1,1.026945052911E0));
#1011=DIRECTION('',(1.E0,0.E0,0.E0));
#1012=DIRECTION('',(0.E0,-1.E0,1.110223024625E-14));
#1013=AXIS2_PLACEMENT_3D('',#1010,#1011,#1012);
#1015=CURVE_STYLE('',#36,POSITIVE_LENGTH_MEASURE(2.E-2),#19);
#1016=PRESENTATION_STYLE_ASSIGNMENT((#1015));
#1017=STYLED_ITEM('',(#1016),#1014);
#1018=DIRECTION('',(-1.E0,0.E0,0.E0));
#1019=VECTOR('',#1018,4.5E-1);
#1020=CARTESIAN_POINT('',(-7.25E-1,-5.5E-1,1.25E0));
#1021=LINE('',#1020,#1019);
#1022=CURVE_STYLE('',#36,POSITIVE_LENGTH_MEASURE(2.E-2),#19);
#1023=PRESENTATION_STYLE_ASSIGNMENT((#1022));
#1024=STYLED_ITEM('',(#1023),#1021);
#1025=DIRECTION('',(0.E0,0.E0,1.E0));
#1026=VECTOR('',#1025,2.230549470890E-1);
#1027=CARTESIAN_POINT('',(-7.25E-1,-5.5E-1,1.026945052911E0));
#1028=LINE('',#1027,#1026);
#1029=CURVE_STYLE('',#36,POSITIVE_LENGTH_MEASURE(2.E-2),#19);
#1030=PRESENTATION_STYLE_ASSIGNMENT((#1029));
#1031=STYLED_ITEM('',(#1030),#1028);
#1032=DIRECTION('',(-1.E0,0.E0,0.E0));
#1033=VECTOR('',#1032,4.5E-1);
#1034=CARTESIAN_POINT('',(-7.25E-1,-4.E-1,1.25E0));
#1035=LINE('',#1034,#1033);
#1036=CURVE_STYLE('',#36,POSITIVE_LENGTH_MEASURE(2.E-2),#19);
#1037=PRESENTATION_STYLE_ASSIGNMENT((#1036));
#1038=STYLED_ITEM('',(#1037),#1035);
#1039=DIRECTION('',(0.E0,1.E0,0.E0));
#1040=VECTOR('',#1039,1.5E-1);
#1041=CARTESIAN_POINT('',(-7.25E-1,-5.5E-1,1.25E0));
#1042=LINE('',#1041,#1040);
#1043=CURVE_STYLE('',#36,POSITIVE_LENGTH_MEASURE(2.E-2),#19);
#1044=PRESENTATION_STYLE_ASSIGNMENT((#1043));
#1045=STYLED_ITEM('',(#1044),#1042);
#1046=DIRECTION('',(0.E0,0.E0,-1.E0));
#1047=VECTOR('',#1046,2.230549470890E-1);
#1048=CARTESIAN_POINT('',(-7.25E-1,-4.E-1,1.25E0));
#1049=LINE('',#1048,#1047);
#1050=CURVE_STYLE('',#36,POSITIVE_LENGTH_MEASURE(2.E-2),#19);
#1051=PRESENTATION_STYLE_ASSIGNMENT((#1050));
#1052=STYLED_ITEM('',(#1051),#1049);
#1053=DIRECTION('',(1.E0,0.E0,0.E0));
#1054=VECTOR('',#1053,4.5E-1);
#1055=CARTESIAN_POINT('',(-1.175E0,-3.560934671701E-1,9.773177453289E-1));
#1056=LINE('',#1055,#1054);
#1057=CURVE_STYLE('',#36,POSITIVE_LENGTH_MEASURE(2.E-2),#19);
#1058=PRESENTATION_STYLE_ASSIGNMENT((#1057));
#1059=STYLED_ITEM('',(#1058),#1056);
#1060=DIRECTION('',(-1.E0,0.E0,0.E0));
#1061=VECTOR('',#1060,4.5E-1);
#1062=CARTESIAN_POINT('',(-7.25E-1,-4.E-1,1.026945052911E0));
#1063=LINE('',#1062,#1061);
#1064=CURVE_STYLE('',#36,POSITIVE_LENGTH_MEASURE(2.E-2),#19);
#1065=PRESENTATION_STYLE_ASSIGNMENT((#1064));
#1066=STYLED_ITEM('',(#1065),#1063);
#1067=DIRECTION('',(-1.E0,0.E0,0.E0));
#1068=VECTOR('',#1067,4.5E-1);
#1069=CARTESIAN_POINT('',(-7.25E-1,0.E0,7.566499124110E-1));
#1070=LINE('',#1069,#1068);
#1071=CURVE_STYLE('',#36,POSITIVE_LENGTH_MEASURE(2.E-2),#19);
#1072=PRESENTATION_STYLE_ASSIGNMENT((#1071));
#1073=STYLED_ITEM('',(#1072),#1070);
#1074=DIRECTION('',(1.E0,0.E0,0.E0));
#1075=VECTOR('',#1074,4.5E-1);
#1076=CARTESIAN_POINT('',(-1.175E0,-1.756261313187E-1,9.551591427392E-1));
#1077=LINE('',#1076,#1075);
#1078=CURVE_STYLE('',#36,POSITIVE_LENGTH_MEASURE(2.E-2),#19);
#1079=PRESENTATION_STYLE_ASSIGNMENT((#1078));
#1080=STYLED_ITEM('',(#1079),#1077);
#1081=DIRECTION('',(-1.E0,0.E0,0.E0));
#1082=VECTOR('',#1081,4.5E-1);
#1083=CARTESIAN_POINT('',(-7.25E-1,0.E0,7.E-1));
#1084=LINE('',#1083,#1082);
#1085=CURVE_STYLE('',#36,POSITIVE_LENGTH_MEASURE(2.E-2),#19);
#1086=PRESENTATION_STYLE_ASSIGNMENT((#1085));
#1087=STYLED_ITEM('',(#1086),#1084);
#1088=DIRECTION('',(0.E0,0.E0,-1.E0));
#1089=VECTOR('',#1088,5.664991241100E-2);
#1090=CARTESIAN_POINT('',(-7.25E-1,0.E0,7.566499124110E-1));
#1091=LINE('',#1090,#1089);
#1092=CURVE_STYLE('',#36,POSITIVE_LENGTH_MEASURE(2.E-2),#19);
#1093=PRESENTATION_STYLE_ASSIGNMENT((#1092));
#1094=STYLED_ITEM('',(#1093),#1091);
#1095=DIRECTION('',(-1.E0,0.E0,1.364951933464E-14));
#1096=VECTOR('',#1095,2.903762470122E0);
#1097=CARTESIAN_POINT('',(1.451881235061E0,5.5E-1,6.518812350608E-1));
#1098=LINE('',#1097,#1096);
#1099=CURVE_STYLE('',#36,POSITIVE_LENGTH_MEASURE(2.E-2),#19);
#1100=PRESENTATION_STYLE_ASSIGNMENT((#1099));
#1101=STYLED_ITEM('',(#1100),#1098);
#1102=DIRECTION('',(-8.682659386419E-2,9.924325091390E-1,-8.682659386419E-2));
#1103=VECTOR('',#1102,5.541938569477E-1);
#1104=CARTESIAN_POINT('',(1.5E0,0.E0,7.E-1));
#1105=LINE('',#1104,#1103);
#1106=CURVE_STYLE('',#36,POSITIVE_LENGTH_MEASURE(2.E-2),#19);
#1107=PRESENTATION_STYLE_ASSIGNMENT((#1106));
#1108=STYLED_ITEM('',(#1107),#1105);
#1109=DIRECTION('',(1.E0,0.E0,-2.236685941390E-14));
#1110=VECTOR('',#1109,2.903762470122E0);
#1111=CARTESIAN_POINT('',(-1.451881235061E0,5.5E-1,-6.518812350608E-1));
#1112=LINE('',#1111,#1110);
#1113=CURVE_STYLE('',#36,POSITIVE_LENGTH_MEASURE(2.E-2),#19);
#1114=PRESENTATION_STYLE_ASSIGNMENT((#1113));
#1115=STYLED_ITEM('',(#1114),#1112);
#1116=DIRECTION('',(8.682659386409E-2,9.924325091390E-1,8.682659386409E-2));
#1117=VECTOR('',#1116,5.541938569477E-1);
#1118=CARTESIAN_POINT('',(-1.5E0,0.E0,-7.E-1));
#1119=LINE('',#1118,#1117);
#1120=CURVE_STYLE('',#36,POSITIVE_LENGTH_MEASURE(2.E-2),#19);
#1121=PRESENTATION_STYLE_ASSIGNMENT((#1120));
#1122=STYLED_ITEM('',(#1121),#1119);
#1123=DIRECTION('',(1.E0,0.E0,0.E0));
#1124=VECTOR('',#1123,3.25E-1);
#1125=CARTESIAN_POINT('',(-1.5E0,0.E0,-7.E-1));
#1126=LINE('',#1125,#1124);
#1127=CURVE_STYLE('',#36,POSITIVE_LENGTH_MEASURE(2.E-2),#19);
#1128=PRESENTATION_STYLE_ASSIGNMENT((#1127));
#1129=STYLED_ITEM('',(#1128),#1126);
#1130=DIRECTION('',(-8.682659386459E-2,-9.924325091389E-1,8.682659386459E-2));
#1131=VECTOR('',#1130,4.534313375027E-1);
#1132=CARTESIAN_POINT('',(1.5E0,0.E0,-7.E-1));
#1133=LINE('',#1132,#1131);
#1134=CURVE_STYLE('',#36,POSITIVE_LENGTH_MEASURE(2.E-2),#19);
#1135=PRESENTATION_STYLE_ASSIGNMENT((#1134));
#1136=STYLED_ITEM('',(#1135),#1133);
#1137=DIRECTION('',(1.E0,0.E0,-1.496239030110E-13));
#1138=VECTOR('',#1137,3.25E-1);
#1139=CARTESIAN_POINT('',(1.175E0,0.E0,-7.E-1));
#1140=LINE('',#1139,#1138);
#1141=CURVE_STYLE('',#36,POSITIVE_LENGTH_MEASURE(2.E-2),#19);
#1142=PRESENTATION_STYLE_ASSIGNMENT((#1141));
#1143=STYLED_ITEM('',(#1142),#1140);
#1144=DIRECTION('',(1.E0,0.E0,0.E0));
#1145=VECTOR('',#1144,4.5E-1);
#1146=CARTESIAN_POINT('',(7.25E-1,-1.5E-1,-6.868767004711E-1));
#1147=LINE('',#1146,#1145);
#1148=CURVE_STYLE('',#36,POSITIVE_LENGTH_MEASURE(2.E-2),#19);
#1149=PRESENTATION_STYLE_ASSIGNMENT((#1148));
#1150=STYLED_ITEM('',(#1149),#1147);
#1151=DIRECTION('',(1.E0,0.E0,0.E0));
#1152=VECTOR('',#1151,1.45E0);
#1153=CARTESIAN_POINT('',(-7.25E-1,0.E0,-7.E-1));
#1154=LINE('',#1153,#1152);
#1155=CURVE_STYLE('',#36,POSITIVE_LENGTH_MEASURE(2.E-2),#19);
#1156=PRESENTATION_STYLE_ASSIGNMENT((#1155));
#1157=STYLED_ITEM('',(#1156),#1154);
#1158=CARTESIAN_POINT('',(-1.175E0,-3.5E-1,-1.026945052911E0));
#1159=DIRECTION('',(1.E0,0.E0,0.E0));
#1160=DIRECTION('',(0.E0,-1.218693434056E-1,9.925461516413E-1));
#1161=AXIS2_PLACEMENT_3D('',#1158,#1159,#1160);
#1163=CURVE_STYLE('',#36,POSITIVE_LENGTH_MEASURE(2.E-2),#19);
#1164=PRESENTATION_STYLE_ASSIGNMENT((#1163));
#1165=STYLED_ITEM('',(#1164),#1162);
#1166=DIRECTION('',(0.E0,-9.925461516414E-1,-1.218693434048E-1));
#1167=VECTOR('',#1166,1.818226140447E-1);
#1168=CARTESIAN_POINT('',(-1.175E0,-1.756261313187E-1,-9.551591427392E-1));
#1169=LINE('',#1168,#1167);
#1170=CURVE_STYLE('',#36,POSITIVE_LENGTH_MEASURE(2.E-2),#19);
#1171=PRESENTATION_STYLE_ASSIGNMENT((#1170));
#1172=STYLED_ITEM('',(#1171),#1169);
#1173=CARTESIAN_POINT('',(-1.175E0,-2.E-1,-7.566499124110E-1));
#1174=DIRECTION('',(-1.E0,0.E0,0.E0));
#1175=DIRECTION('',(0.E0,1.E0,0.E0));
#1176=AXIS2_PLACEMENT_3D('',#1173,#1174,#1175);
#1178=CURVE_STYLE('',#36,POSITIVE_LENGTH_MEASURE(2.E-2),#19);
#1179=PRESENTATION_STYLE_ASSIGNMENT((#1178));
#1180=STYLED_ITEM('',(#1179),#1177);
#1181=DIRECTION('',(0.E0,9.961946980917E-1,-8.715574274789E-2));
#1182=VECTOR('',#1181,1.505729756315E-1);
#1183=CARTESIAN_POINT('',(-1.175E0,-1.5E-1,-6.868767004711E-1));
#1184=LINE('',#1183,#1182);
#1185=CURVE_STYLE('',#36,POSITIVE_LENGTH_MEASURE(2.E-2),#19);
#1186=PRESENTATION_STYLE_ASSIGNMENT((#1185));
#1187=STYLED_ITEM('',(#1186),#1184);
#1188=CARTESIAN_POINT('',(-1.175E0,-2.E-1,-7.566499124110E-1));
#1189=DIRECTION('',(1.E0,0.E0,0.E0));
#1190=DIRECTION('',(0.E0,1.218693433892E-1,-9.925461516433E-1));
#1191=AXIS2_PLACEMENT_3D('',#1188,#1189,#1190);
#1193=CURVE_STYLE('',#36,POSITIVE_LENGTH_MEASURE(2.E-2),#19);
#1194=PRESENTATION_STYLE_ASSIGNMENT((#1193));
#1195=STYLED_ITEM('',(#1194),#1192);
#1196=DIRECTION('',(0.E0,9.925461516414E-1,1.218693434048E-1));
#1197=VECTOR('',#1196,1.818226140448E-1);
#1198=CARTESIAN_POINT('',(-1.175E0,-3.743738686817E-1,-8.284358225830E-1));
#1199=LINE('',#1198,#1197);
#1200=CURVE_STYLE('',#36,POSITIVE_LENGTH_MEASURE(2.E-2),#19);
#1201=PRESENTATION_STYLE_ASSIGNMENT((#1200));
#1202=STYLED_ITEM('',(#1201),#1199);
#1203=CARTESIAN_POINT('',(-1.175E0,-3.5E-1,-1.026945052911E0));
#1204=DIRECTION('',(-1.E0,0.E0,0.E0));
#1205=DIRECTION('',(0.E0,-1.E0,-1.110223024625E-14));
#1206=AXIS2_PLACEMENT_3D('',#1203,#1204,#1205);
#1208=CURVE_STYLE('',#36,POSITIVE_LENGTH_MEASURE(2.E-2),#19);
#1209=PRESENTATION_STYLE_ASSIGNMENT((#1208));
#1210=STYLED_ITEM('',(#1209),#1207);
#1211=DIRECTION('',(0.E0,0.E0,-1.E0));
#1212=VECTOR('',#1211,2.230549470890E-1);
#1213=CARTESIAN_POINT('',(-1.175E0,-5.5E-1,-1.026945052911E0));
#1214=LINE('',#1213,#1212);
#1215=CURVE_STYLE('',#36,POSITIVE_LENGTH_MEASURE(2.E-2),#19);
#1216=PRESENTATION_STYLE_ASSIGNMENT((#1215));
#1217=STYLED_ITEM('',(#1216),#1214);
#1218=DIRECTION('',(0.E0,-9.925461516414E-1,-1.218693434048E-1));
#1219=VECTOR('',#1218,1.818226140448E-1);
#1220=CARTESIAN_POINT('',(-7.25E-1,-1.939065328302E-1,-8.062772199932E-1));
#1221=LINE('',#1220,#1219);
#1222=CURVE_STYLE('',#36,POSITIVE_LENGTH_MEASURE(2.E-2),#19);
#1223=PRESENTATION_STYLE_ASSIGNMENT((#1222));
#1224=STYLED_ITEM('',(#1223),#1221);
#1225=CARTESIAN_POINT('',(-7.25E-1,-2.E-1,-7.566499124110E-1));
#1226=DIRECTION('',(-1.E0,0.E0,0.E0));
#1227=DIRECTION('',(0.E0,1.E0,-6.661338147751E-14));
#1228=AXIS2_PLACEMENT_3D('',#1225,#1226,#1227);
#1230=CURVE_STYLE('',#36,POSITIVE_LENGTH_MEASURE(2.E-2),#19);
#1231=PRESENTATION_STYLE_ASSIGNMENT((#1230));
#1232=STYLED_ITEM('',(#1231),#1229);
#1233=DIRECTION('',(0.E0,4.853123614292E-14,-1.E0));
#1234=VECTOR('',#1233,6.977321193992E-2);
#1235=CARTESIAN_POINT('',(-7.25E-1,-1.5E-1,-6.868767004711E-1));
#1236=LINE('',#1235,#1234);
#1237=CURVE_STYLE('',#36,POSITIVE_LENGTH_MEASURE(2.E-2),#19);
#1238=PRESENTATION_STYLE_ASSIGNMENT((#1237));
#1239=STYLED_ITEM('',(#1238),#1236);
#1240=DIRECTION('',(0.E0,-9.961946980917E-1,8.715574274789E-2));
#1241=VECTOR('',#1240,1.505729756315E-1);
#1242=CARTESIAN_POINT('',(-7.25E-1,0.E0,-7.E-1));
#1243=LINE('',#1242,#1241);
#1244=CURVE_STYLE('',#36,POSITIVE_LENGTH_MEASURE(2.E-2),#19);
#1245=PRESENTATION_STYLE_ASSIGNMENT((#1244));
#1246=STYLED_ITEM('',(#1245),#1243);
#1247=DIRECTION('',(0.E0,0.E0,1.E0));
#1248=VECTOR('',#1247,5.664991241100E-2);
#1249=CARTESIAN_POINT('',(-7.25E-1,0.E0,-7.566499124110E-1));
#1250=LINE('',#1249,#1248);
#1251=CURVE_STYLE('',#36,POSITIVE_LENGTH_MEASURE(2.E-2),#19);
#1252=PRESENTATION_STYLE_ASSIGNMENT((#1251));
#1253=STYLED_ITEM('',(#1252),#1250);
#1254=CARTESIAN_POINT('',(-7.25E-1,-2.E-1,-7.566499124110E-1));
#1255=DIRECTION('',(1.E0,0.E0,0.E0));
#1256=DIRECTION('',(0.E0,1.218693434093E-1,-9.925461516408E-1));
#1257=AXIS2_PLACEMENT_3D('',#1254,#1255,#1256);
#1259=CURVE_STYLE('',#36,POSITIVE_LENGTH_MEASURE(2.E-2),#19);
#1260=PRESENTATION_STYLE_ASSIGNMENT((#1259));
#1261=STYLED_ITEM('',(#1260),#1258);
#1262=DIRECTION('',(0.E0,9.925461516414E-1,1.218693434048E-1));
#1263=VECTOR('',#1262,1.818226140447E-1);
#1264=CARTESIAN_POINT('',(-7.25E-1,-3.560934671701E-1,-9.773177453289E-1));
#1265=LINE('',#1264,#1263);
#1266=CURVE_STYLE('',#36,POSITIVE_LENGTH_MEASURE(2.E-2),#19);
#1267=PRESENTATION_STYLE_ASSIGNMENT((#1266));
#1268=STYLED_ITEM('',(#1267),#1265);
#1269=CARTESIAN_POINT('',(-7.25E-1,-3.5E-1,-1.026945052911E0));
#1270=DIRECTION('',(-1.E0,0.E0,0.E0));
#1271=DIRECTION('',(0.E0,-1.E0,0.E0));
#1272=AXIS2_PLACEMENT_3D('',#1269,#1270,#1271);
#1274=CURVE_STYLE('',#36,POSITIVE_LENGTH_MEASURE(2.E-2),#19);
#1275=PRESENTATION_STYLE_ASSIGNMENT((#1274));
#1276=STYLED_ITEM('',(#1275),#1273);
#1277=DIRECTION('',(0.E0,0.E0,1.E0));
#1278=VECTOR('',#1277,2.230549470890E-1);
#1279=CARTESIAN_POINT('',(-7.25E-1,-4.E-1,-1.25E0));
#1280=LINE('',#1279,#1278);
#1281=CURVE_STYLE('',#36,POSITIVE_LENGTH_MEASURE(2.E-2),#19);
#1282=PRESENTATION_STYLE_ASSIGNMENT((#1281));
#1283=STYLED_ITEM('',(#1282),#1280);
#1284=DIRECTION('',(0.E0,1.E0,0.E0));
#1285=VECTOR('',#1284,1.5E-1);
#1286=CARTESIAN_POINT('',(-7.25E-1,-5.5E-1,-1.25E0));
#1287=LINE('',#1286,#1285);
#1288=CURVE_STYLE('',#36,POSITIVE_LENGTH_MEASURE(2.E-2),#19);
#1289=PRESENTATION_STYLE_ASSIGNMENT((#1288));
#1290=STYLED_ITEM('',(#1289),#1287);
#1291=DIRECTION('',(0.E0,0.E0,-1.E0));
#1292=VECTOR('',#1291,2.230549470890E-1);
#1293=CARTESIAN_POINT('',(-7.25E-1,-5.5E-1,-1.026945052911E0));
#1294=LINE('',#1293,#1292);
#1295=CURVE_STYLE('',#36,POSITIVE_LENGTH_MEASURE(2.E-2),#19);
#1296=PRESENTATION_STYLE_ASSIGNMENT((#1295));
#1297=STYLED_ITEM('',(#1296),#1294);
#1298=CARTESIAN_POINT('',(-7.25E-1,-3.5E-1,-1.026945052911E0));
#1299=DIRECTION('',(1.E0,0.E0,0.E0));
#1300=DIRECTION('',(0.E0,-1.218693434151E-1,9.925461516401E-1));
#1301=AXIS2_PLACEMENT_3D('',#1298,#1299,#1300);
#1303=CURVE_STYLE('',#36,POSITIVE_LENGTH_MEASURE(2.E-2),#19);
#1304=PRESENTATION_STYLE_ASSIGNMENT((#1303));
#1305=STYLED_ITEM('',(#1304),#1302);
#1306=DIRECTION('',(1.E0,0.E0,0.E0));
#1307=VECTOR('',#1306,4.5E-1);
#1308=CARTESIAN_POINT('',(-1.175E0,-1.5E-1,-7.566499124110E-1));
#1309=LINE('',#1308,#1307);
#1310=CURVE_STYLE('',#36,POSITIVE_LENGTH_MEASURE(2.E-2),#19);
#1311=PRESENTATION_STYLE_ASSIGNMENT((#1310));
#1312=STYLED_ITEM('',(#1311),#1309);
#1313=DIRECTION('',(-1.E0,0.E0,0.E0));
#1314=VECTOR('',#1313,4.5E-1);
#1315=CARTESIAN_POINT('',(-7.25E-1,-1.939065328302E-1,-8.062772199932E-1));
#1316=LINE('',#1315,#1314);
#1317=CURVE_STYLE('',#36,POSITIVE_LENGTH_MEASURE(2.E-2),#19);
#1318=PRESENTATION_STYLE_ASSIGNMENT((#1317));
#1319=STYLED_ITEM('',(#1318),#1316);
#1320=DIRECTION('',(0.E0,4.853123614292E-14,-1.E0));
#1321=VECTOR('',#1320,6.977321193992E-2);
#1322=CARTESIAN_POINT('',(-1.175E0,-1.5E-1,-6.868767004711E-1));
#1323=LINE('',#1322,#1321);
#1324=CURVE_STYLE('',#36,POSITIVE_LENGTH_MEASURE(2.E-2),#19);
#1325=PRESENTATION_STYLE_ASSIGNMENT((#1324));
#1326=STYLED_ITEM('',(#1325),#1323);
#1327=DIRECTION('',(-1.E0,0.E0,0.E0));
#1328=VECTOR('',#1327,4.5E-1);
#1329=CARTESIAN_POINT('',(-7.25E-1,-1.5E-1,-6.868767004711E-1));
#1330=LINE('',#1329,#1328);
#1331=CURVE_STYLE('',#36,POSITIVE_LENGTH_MEASURE(2.E-2),#19);
#1332=PRESENTATION_STYLE_ASSIGNMENT((#1331));
#1333=STYLED_ITEM('',(#1332),#1330);
#1334=DIRECTION('',(-1.E0,0.E0,0.E0));
#1335=VECTOR('',#1334,4.5E-1);
#1336=CARTESIAN_POINT('',(-7.25E-1,-3.743738686817E-1,-8.284358225830E-1));
#1337=LINE('',#1336,#1335);
#1338=CURVE_STYLE('',#36,POSITIVE_LENGTH_MEASURE(2.E-2),#19);
#1339=PRESENTATION_STYLE_ASSIGNMENT((#1338));
#1340=STYLED_ITEM('',(#1339),#1337);
#1341=DIRECTION('',(1.E0,0.E0,0.E0));
#1342=VECTOR('',#1341,4.5E-1);
#1343=CARTESIAN_POINT('',(-1.175E0,-5.5E-1,-1.026945052911E0));
#1344=LINE('',#1343,#1342);
#1345=CURVE_STYLE('',#36,POSITIVE_LENGTH_MEASURE(2.E-2),#19);
#1346=PRESENTATION_STYLE_ASSIGNMENT((#1345));
#1347=STYLED_ITEM('',(#1346),#1344);
#1348=DIRECTION('',(1.E0,0.E0,0.E0));
#1349=VECTOR('',#1348,4.5E-1);
#1350=CARTESIAN_POINT('',(-1.175E0,0.E0,-7.E-1));
#1351=LINE('',#1350,#1349);
#1352=CURVE_STYLE('',#36,POSITIVE_LENGTH_MEASURE(2.E-2),#19);
#1353=PRESENTATION_STYLE_ASSIGNMENT((#1352));
#1354=STYLED_ITEM('',(#1353),#1351);
#1355=DIRECTION('',(0.E0,0.E0,1.E0));
#1356=VECTOR('',#1355,5.664991241100E-2);
#1357=CARTESIAN_POINT('',(-1.175E0,0.E0,-7.566499124110E-1));
#1358=LINE('',#1357,#1356);
#1359=CURVE_STYLE('',#36,POSITIVE_LENGTH_MEASURE(2.E-2),#19);
#1360=PRESENTATION_STYLE_ASSIGNMENT((#1359));
#1361=STYLED_ITEM('',(#1360),#1358);
#1362=DIRECTION('',(-1.E0,0.E0,0.E0));
#1363=VECTOR('',#1362,4.5E-1);
#1364=CARTESIAN_POINT('',(-7.25E-1,-1.756261313187E-1,-9.551591427392E-1));
#1365=LINE('',#1364,#1363);
#1366=CURVE_STYLE('',#36,POSITIVE_LENGTH_MEASURE(2.E-2),#19);
#1367=PRESENTATION_STYLE_ASSIGNMENT((#1366));
#1368=STYLED_ITEM('',(#1367),#1365);
#1369=DIRECTION('',(1.E0,0.E0,0.E0));
#1370=VECTOR('',#1369,4.5E-1);
#1371=CARTESIAN_POINT('',(-1.175E0,0.E0,-7.566499124110E-1));
#1372=LINE('',#1371,#1370);
#1373=CURVE_STYLE('',#36,POSITIVE_LENGTH_MEASURE(2.E-2),#19);
#1374=PRESENTATION_STYLE_ASSIGNMENT((#1373));
#1375=STYLED_ITEM('',(#1374),#1372);
#1376=DIRECTION('',(1.E0,0.E0,0.E0));
#1377=VECTOR('',#1376,4.5E-1);
#1378=CARTESIAN_POINT('',(-1.175E0,-4.E-1,-1.026945052911E0));
#1379=LINE('',#1378,#1377);
#1380=CURVE_STYLE('',#36,POSITIVE_LENGTH_MEASURE(2.E-2),#19);
#1381=PRESENTATION_STYLE_ASSIGNMENT((#1380));
#1382=STYLED_ITEM('',(#1381),#1379);
#1383=DIRECTION('',(-1.E0,0.E0,0.E0));
#1384=VECTOR('',#1383,4.5E-1);
#1385=CARTESIAN_POINT('',(-7.25E-1,-3.560934671701E-1,-9.773177453289E-1));
#1386=LINE('',#1385,#1384);
#1387=CURVE_STYLE('',#36,POSITIVE_LENGTH_MEASURE(2.E-2),#19);
#1388=PRESENTATION_STYLE_ASSIGNMENT((#1387));
#1389=STYLED_ITEM('',(#1388),#1386);
#1390=DIRECTION('',(0.E0,0.E0,1.E0));
#1391=VECTOR('',#1390,2.230549470890E-1);
#1392=CARTESIAN_POINT('',(-1.175E0,-4.E-1,-1.25E0));
#1393=LINE('',#1392,#1391);
#1394=CURVE_STYLE('',#36,POSITIVE_LENGTH_MEASURE(2.E-2),#19);
#1395=PRESENTATION_STYLE_ASSIGNMENT((#1394));
#1396=STYLED_ITEM('',(#1395),#1393);
#1397=DIRECTION('',(-1.E0,0.E0,0.E0));
#1398=VECTOR('',#1397,4.5E-1);
#1399=CARTESIAN_POINT('',(-7.25E-1,-4.E-1,-1.25E0));
#1400=LINE('',#1399,#1398);
#1401=CURVE_STYLE('',#36,POSITIVE_LENGTH_MEASURE(2.E-2),#19);
#1402=PRESENTATION_STYLE_ASSIGNMENT((#1401));
#1403=STYLED_ITEM('',(#1402),#1400);
#1404=DIRECTION('',(0.E0,1.E0,0.E0));
#1405=VECTOR('',#1404,1.5E-1);
#1406=CARTESIAN_POINT('',(-1.175E0,-5.5E-1,-1.25E0));
#1407=LINE('',#1406,#1405);
#1408=CURVE_STYLE('',#36,POSITIVE_LENGTH_MEASURE(2.E-2),#19);
#1409=PRESENTATION_STYLE_ASSIGNMENT((#1408));
#1410=STYLED_ITEM('',(#1409),#1407);
#1411=DIRECTION('',(-1.E0,0.E0,0.E0));
#1412=VECTOR('',#1411,4.5E-1);
#1413=CARTESIAN_POINT('',(-7.25E-1,-5.5E-1,-1.25E0));
#1414=LINE('',#1413,#1412);
#1415=CURVE_STYLE('',#36,POSITIVE_LENGTH_MEASURE(2.E-2),#19);
#1416=PRESENTATION_STYLE_ASSIGNMENT((#1415));
#1417=STYLED_ITEM('',(#1416),#1414);
#1418=DIRECTION('',(-3.024993018106E-14,0.E0,-1.E0));
#1419=VECTOR('',#1418,1.321260202826E0);
#1420=CARTESIAN_POINT('',(-1.460630101413E0,-4.5E-1,6.606301014132E-1));
#1421=LINE('',#1420,#1419);
#1422=CURVE_STYLE('',#36,POSITIVE_LENGTH_MEASURE(2.E-2),#19);
#1423=PRESENTATION_STYLE_ASSIGNMENT((#1422));
#1424=STYLED_ITEM('',(#1423),#1421);
#1425=DIRECTION('',(-1.E0,0.E0,-3.580064823342E-14));
#1426=VECTOR('',#1425,2.921260202826E0);
#1427=CARTESIAN_POINT('',(1.460630101413E0,-4.5E-1,6.606301014133E-1));
#1428=LINE('',#1427,#1426);
#1429=CURVE_STYLE('',#36,POSITIVE_LENGTH_MEASURE(2.E-2),#19);
#1430=PRESENTATION_STYLE_ASSIGNMENT((#1429));
#1431=STYLED_ITEM('',(#1430),#1428);
#1432=DIRECTION('',(4.907210896037E-14,0.E0,1.E0));
#1433=VECTOR('',#1432,1.321260202827E0);
#1434=CARTESIAN_POINT('',(1.460630101413E0,-4.5E-1,-6.606301014132E-1));
#1435=LINE('',#1434,#1433);
#1436=CURVE_STYLE('',#36,POSITIVE_LENGTH_MEASURE(2.E-2),#19);
#1437=PRESENTATION_STYLE_ASSIGNMENT((#1436));
#1438=STYLED_ITEM('',(#1437),#1435);
#1439=DIRECTION('',(1.E0,0.E0,0.E0));
#1440=VECTOR('',#1439,2.921260202826E0);
#1441=CARTESIAN_POINT('',(-1.460630101413E0,-4.5E-1,-6.606301014132E-1));
#1442=LINE('',#1441,#1440);
#1443=CURVE_STYLE('',#36,POSITIVE_LENGTH_MEASURE(2.E-2),#19);
#1444=PRESENTATION_STYLE_ASSIGNMENT((#1443));
#1445=STYLED_ITEM('',(#1444),#1442);
#1446=DIRECTION('',(-2.109423746788E-14,0.E0,1.E0));
#1447=VECTOR('',#1446,1.4E0);
#1448=CARTESIAN_POINT('',(1.5E0,0.E0,-7.E-1));
#1449=LINE('',#1448,#1447);
#1450=CURVE_STYLE('',#36,POSITIVE_LENGTH_MEASURE(2.E-2),#19);
#1451=PRESENTATION_STYLE_ASSIGNMENT((#1450));
#1452=STYLED_ITEM('',(#1451),#1449);
#1453=DIRECTION('',(-8.682659386438E-2,-9.924325091389E-1,-8.682659386438E-2));
#1454=VECTOR('',#1453,4.534313375027E-1);
#1455=CARTESIAN_POINT('',(1.5E0,0.E0,7.E-1));
#1456=LINE('',#1455,#1454);
#1457=CURVE_STYLE('',#36,POSITIVE_LENGTH_MEASURE(2.E-2),#19);
#1458=PRESENTATION_STYLE_ASSIGNMENT((#1457));
#1459=STYLED_ITEM('',(#1458),#1456);
#1460=DIRECTION('',(-8.038661637103E-14,0.E0,1.E0));
#1461=VECTOR('',#1460,1.303762470122E0);
#1462=CARTESIAN_POINT('',(1.451881235061E0,5.5E-1,-6.518812350609E-1));
#1463=LINE('',#1462,#1461);
#1464=CURVE_STYLE('',#36,POSITIVE_LENGTH_MEASURE(2.E-2),#19);
#1465=PRESENTATION_STYLE_ASSIGNMENT((#1464));
#1466=STYLED_ITEM('',(#1465),#1463);
#1467=DIRECTION('',(-8.682659386406E-2,9.924325091390E-1,8.682659386406E-2));
#1468=VECTOR('',#1467,5.541938569477E-1);
#1469=CARTESIAN_POINT('',(1.5E0,0.E0,-7.E-1));
#1470=LINE('',#1469,#1468);
#1471=CURVE_STYLE('',#36,POSITIVE_LENGTH_MEASURE(2.E-2),#19);
#1472=PRESENTATION_STYLE_ASSIGNMENT((#1471));
#1473=STYLED_ITEM('',(#1472),#1470);
#1474=DIRECTION('',(0.E0,-9.925461516414E-1,-1.218693434048E-1));
#1475=VECTOR('',#1474,1.818226140448E-1);
#1476=CARTESIAN_POINT('',(1.175E0,-1.939065328302E-1,-8.062772199932E-1));
#1477=LINE('',#1476,#1475);
#1478=CURVE_STYLE('',#36,POSITIVE_LENGTH_MEASURE(2.E-2),#19);
#1479=PRESENTATION_STYLE_ASSIGNMENT((#1478));
#1480=STYLED_ITEM('',(#1479),#1477);
#1481=CARTESIAN_POINT('',(1.175E0,-2.E-1,-7.566499124110E-1));
#1482=DIRECTION('',(-1.E0,0.E0,0.E0));
#1483=DIRECTION('',(0.E0,1.E0,-6.661338147751E-14));
#1484=AXIS2_PLACEMENT_3D('',#1481,#1482,#1483);
#1486=CURVE_STYLE('',#36,POSITIVE_LENGTH_MEASURE(2.E-2),#19);
#1487=PRESENTATION_STYLE_ASSIGNMENT((#1486));
#1488=STYLED_ITEM('',(#1487),#1485);
#1489=DIRECTION('',(0.E0,4.853123614292E-14,-1.E0));
#1490=VECTOR('',#1489,6.977321193992E-2);
#1491=CARTESIAN_POINT('',(1.175E0,-1.5E-1,-6.868767004711E-1));
#1492=LINE('',#1491,#1490);
#1493=CURVE_STYLE('',#36,POSITIVE_LENGTH_MEASURE(2.E-2),#19);
#1494=PRESENTATION_STYLE_ASSIGNMENT((#1493));
#1495=STYLED_ITEM('',(#1494),#1492);
#1496=DIRECTION('',(0.E0,-9.961946980917E-1,8.715574274789E-2));
#1497=VECTOR('',#1496,1.505729756315E-1);
#1498=CARTESIAN_POINT('',(1.175E0,0.E0,-7.E-1));
#1499=LINE('',#1498,#1497);
#1500=CURVE_STYLE('',#36,POSITIVE_LENGTH_MEASURE(2.E-2),#19);
#1501=PRESENTATION_STYLE_ASSIGNMENT((#1500));
#1502=STYLED_ITEM('',(#1501),#1499);
#1503=DIRECTION('',(0.E0,0.E0,1.E0));
#1504=VECTOR('',#1503,5.664991241100E-2);
#1505=CARTESIAN_POINT('',(1.175E0,0.E0,-7.566499124110E-1));
#1506=LINE('',#1505,#1504);
#1507=CURVE_STYLE('',#36,POSITIVE_LENGTH_MEASURE(2.E-2),#19);
#1508=PRESENTATION_STYLE_ASSIGNMENT((#1507));
#1509=STYLED_ITEM('',(#1508),#1506);
#1510=CARTESIAN_POINT('',(1.175E0,-2.E-1,-7.566499124110E-1));
#1511=DIRECTION('',(1.E0,0.E0,0.E0));
#1512=DIRECTION('',(0.E0,1.218693434093E-1,-9.925461516408E-1));
#1513=AXIS2_PLACEMENT_3D('',#1510,#1511,#1512);
#1515=CURVE_STYLE('',#36,POSITIVE_LENGTH_MEASURE(2.E-2),#19);
#1516=PRESENTATION_STYLE_ASSIGNMENT((#1515));
#1517=STYLED_ITEM('',(#1516),#1514);
#1518=DIRECTION('',(0.E0,9.925461516414E-1,1.218693434048E-1));
#1519=VECTOR('',#1518,1.818226140447E-1);
#1520=CARTESIAN_POINT('',(1.175E0,-3.560934671701E-1,-9.773177453289E-1));
#1521=LINE('',#1520,#1519);
#1522=CURVE_STYLE('',#36,POSITIVE_LENGTH_MEASURE(2.E-2),#19);
#1523=PRESENTATION_STYLE_ASSIGNMENT((#1522));
#1524=STYLED_ITEM('',(#1523),#1521);
#1525=CARTESIAN_POINT('',(1.175E0,-3.5E-1,-1.026945052911E0));
#1526=DIRECTION('',(-1.E0,0.E0,0.E0));
#1527=DIRECTION('',(0.E0,-1.E0,0.E0));
#1528=AXIS2_PLACEMENT_3D('',#1525,#1526,#1527);
#1530=CURVE_STYLE('',#36,POSITIVE_LENGTH_MEASURE(2.E-2),#19);
#1531=PRESENTATION_STYLE_ASSIGNMENT((#1530));
#1532=STYLED_ITEM('',(#1531),#1529);
#1533=DIRECTION('',(0.E0,0.E0,1.E0));
#1534=VECTOR('',#1533,2.230549470890E-1);
#1535=CARTESIAN_POINT('',(1.175E0,-4.E-1,-1.25E0));
#1536=LINE('',#1535,#1534);
#1537=CURVE_STYLE('',#36,POSITIVE_LENGTH_MEASURE(2.E-2),#19);
#1538=PRESENTATION_STYLE_ASSIGNMENT((#1537));
#1539=STYLED_ITEM('',(#1538),#1536);
#1540=DIRECTION('',(0.E0,1.E0,0.E0));
#1541=VECTOR('',#1540,1.5E-1);
#1542=CARTESIAN_POINT('',(1.175E0,-5.5E-1,-1.25E0));
#1543=LINE('',#1542,#1541);
#1544=CURVE_STYLE('',#36,POSITIVE_LENGTH_MEASURE(2.E-2),#19);
#1545=PRESENTATION_STYLE_ASSIGNMENT((#1544));
#1546=STYLED_ITEM('',(#1545),#1543);
#1547=DIRECTION('',(0.E0,0.E0,-1.E0));
#1548=VECTOR('',#1547,2.230549470890E-1);
#1549=CARTESIAN_POINT('',(1.175E0,-5.5E-1,-1.026945052911E0));
#1550=LINE('',#1549,#1548);
#1551=CURVE_STYLE('',#36,POSITIVE_LENGTH_MEASURE(2.E-2),#19);
#1552=PRESENTATION_STYLE_ASSIGNMENT((#1551));
#1553=STYLED_ITEM('',(#1552),#1550);
#1554=CARTESIAN_POINT('',(1.175E0,-3.5E-1,-1.026945052911E0));
#1555=DIRECTION('',(1.E0,0.E0,0.E0));
#1556=DIRECTION('',(0.E0,-1.218693434151E-1,9.925461516401E-1));
#1557=AXIS2_PLACEMENT_3D('',#1554,#1555,#1556);
#1559=CURVE_STYLE('',#36,POSITIVE_LENGTH_MEASURE(2.E-2),#19);
#1560=PRESENTATION_STYLE_ASSIGNMENT((#1559));
#1561=STYLED_ITEM('',(#1560),#1558);
#1562=CARTESIAN_POINT('',(7.25E-1,-3.5E-1,-1.026945052911E0));
#1563=DIRECTION('',(1.E0,0.E0,0.E0));
#1564=DIRECTION('',(0.E0,-1.218693434056E-1,9.925461516413E-1));
#1565=AXIS2_PLACEMENT_3D('',#1562,#1563,#1564);
#1567=CURVE_STYLE('',#36,POSITIVE_LENGTH_MEASURE(2.E-2),#19);
#1568=PRESENTATION_STYLE_ASSIGNMENT((#1567));
#1569=STYLED_ITEM('',(#1568),#1566);
#1570=DIRECTION('',(0.E0,-9.925461516414E-1,-1.218693434048E-1));
#1571=VECTOR('',#1570,1.818226140447E-1);
#1572=CARTESIAN_POINT('',(7.25E-1,-1.756261313187E-1,-9.551591427392E-1));
#1573=LINE('',#1572,#1571);
#1574=CURVE_STYLE('',#36,POSITIVE_LENGTH_MEASURE(2.E-2),#19);
#1575=PRESENTATION_STYLE_ASSIGNMENT((#1574));
#1576=STYLED_ITEM('',(#1575),#1573);
#1577=CARTESIAN_POINT('',(7.25E-1,-2.E-1,-7.566499124110E-1));
#1578=DIRECTION('',(-1.E0,0.E0,0.E0));
#1579=DIRECTION('',(0.E0,1.E0,0.E0));
#1580=AXIS2_PLACEMENT_3D('',#1577,#1578,#1579);
#1582=CURVE_STYLE('',#36,POSITIVE_LENGTH_MEASURE(2.E-2),#19);
#1583=PRESENTATION_STYLE_ASSIGNMENT((#1582));
#1584=STYLED_ITEM('',(#1583),#1581);
#1585=DIRECTION('',(0.E0,9.961946980917E-1,-8.715574274789E-2));
#1586=VECTOR('',#1585,1.505729756315E-1);
#1587=CARTESIAN_POINT('',(7.25E-1,-1.5E-1,-6.868767004711E-1));
#1588=LINE('',#1587,#1586);
#1589=CURVE_STYLE('',#36,POSITIVE_LENGTH_MEASURE(2.E-2),#19);
#1590=PRESENTATION_STYLE_ASSIGNMENT((#1589));
#1591=STYLED_ITEM('',(#1590),#1588);
#1592=CARTESIAN_POINT('',(7.25E-1,-2.E-1,-7.566499124110E-1));
#1593=DIRECTION('',(1.E0,0.E0,0.E0));
#1594=DIRECTION('',(0.E0,1.218693433892E-1,-9.925461516433E-1));
#1595=AXIS2_PLACEMENT_3D('',#1592,#1593,#1594);
#1597=CURVE_STYLE('',#36,POSITIVE_LENGTH_MEASURE(2.E-2),#19);
#1598=PRESENTATION_STYLE_ASSIGNMENT((#1597));
#1599=STYLED_ITEM('',(#1598),#1596);
#1600=DIRECTION('',(0.E0,9.925461516414E-1,1.218693434048E-1));
#1601=VECTOR('',#1600,1.818226140448E-1);
#1602=CARTESIAN_POINT('',(7.25E-1,-3.743738686817E-1,-8.284358225830E-1));
#1603=LINE('',#1602,#1601);
#1604=CURVE_STYLE('',#36,POSITIVE_LENGTH_MEASURE(2.E-2),#19);
#1605=PRESENTATION_STYLE_ASSIGNMENT((#1604));
#1606=STYLED_ITEM('',(#1605),#1603);
#1607=CARTESIAN_POINT('',(7.25E-1,-3.5E-1,-1.026945052911E0));
#1608=DIRECTION('',(-1.E0,0.E0,0.E0));
#1609=DIRECTION('',(0.E0,-1.E0,-1.110223024625E-14));
#1610=AXIS2_PLACEMENT_3D('',#1607,#1608,#1609);
#1612=CURVE_STYLE('',#36,POSITIVE_LENGTH_MEASURE(2.E-2),#19);
#1613=PRESENTATION_STYLE_ASSIGNMENT((#1612));
#1614=STYLED_ITEM('',(#1613),#1611);
#1615=DIRECTION('',(1.E0,0.E0,0.E0));
#1616=VECTOR('',#1615,4.5E-1);
#1617=CARTESIAN_POINT('',(7.25E-1,-5.5E-1,-1.25E0));
#1618=LINE('',#1617,#1616);
#1619=CURVE_STYLE('',#36,POSITIVE_LENGTH_MEASURE(2.E-2),#19);
#1620=PRESENTATION_STYLE_ASSIGNMENT((#1619));
#1621=STYLED_ITEM('',(#1620),#1618);
#1622=DIRECTION('',(0.E0,0.E0,-1.E0));
#1623=VECTOR('',#1622,2.230549470890E-1);
#1624=CARTESIAN_POINT('',(7.25E-1,-5.5E-1,-1.026945052911E0));
#1625=LINE('',#1624,#1623);
#1626=CURVE_STYLE('',#36,POSITIVE_LENGTH_MEASURE(2.E-2),#19);
#1627=PRESENTATION_STYLE_ASSIGNMENT((#1626));
#1628=STYLED_ITEM('',(#1627),#1625);
#1629=DIRECTION('',(1.E0,0.E0,0.E0));
#1630=VECTOR('',#1629,4.5E-1);
#1631=CARTESIAN_POINT('',(7.25E-1,-4.E-1,-1.25E0));
#1632=LINE('',#1631,#1630);
#1633=CURVE_STYLE('',#36,POSITIVE_LENGTH_MEASURE(2.E-2),#19);
#1634=PRESENTATION_STYLE_ASSIGNMENT((#1633));
#1635=STYLED_ITEM('',(#1634),#1632);
#1636=DIRECTION('',(0.E0,1.E0,0.E0));
#1637=VECTOR('',#1636,1.5E-1);
#1638=CARTESIAN_POINT('',(7.25E-1,-5.5E-1,-1.25E0));
#1639=LINE('',#1638,#1637);
#1640=CURVE_STYLE('',#36,POSITIVE_LENGTH_MEASURE(2.E-2),#19);
#1641=PRESENTATION_STYLE_ASSIGNMENT((#1640));
#1642=STYLED_ITEM('',(#1641),#1639);
#1643=DIRECTION('',(0.E0,0.E0,1.E0));
#1644=VECTOR('',#1643,2.230549470890E-1);
#1645=CARTESIAN_POINT('',(7.25E-1,-4.E-1,-1.25E0));
#1646=LINE('',#1645,#1644);
#1647=CURVE_STYLE('',#36,POSITIVE_LENGTH_MEASURE(2.E-2),#19);
#1648=PRESENTATION_STYLE_ASSIGNMENT((#1647));
#1649=STYLED_ITEM('',(#1648),#1646);
#1650=DIRECTION('',(-1.E0,0.E0,0.E0));
#1651=VECTOR('',#1650,4.5E-1);
#1652=CARTESIAN_POINT('',(1.175E0,-3.560934671701E-1,-9.773177453289E-1));
#1653=LINE('',#1652,#1651);
#1654=CURVE_STYLE('',#36,POSITIVE_LENGTH_MEASURE(2.E-2),#19);
#1655=PRESENTATION_STYLE_ASSIGNMENT((#1654));
#1656=STYLED_ITEM('',(#1655),#1653);
#1657=DIRECTION('',(1.E0,0.E0,0.E0));
#1658=VECTOR('',#1657,4.5E-1);
#1659=CARTESIAN_POINT('',(7.25E-1,-4.E-1,-1.026945052911E0));
#1660=LINE('',#1659,#1658);
#1661=CURVE_STYLE('',#36,POSITIVE_LENGTH_MEASURE(2.E-2),#19);
#1662=PRESENTATION_STYLE_ASSIGNMENT((#1661));
#1663=STYLED_ITEM('',(#1662),#1660);
#1664=DIRECTION('',(1.E0,0.E0,0.E0));
#1665=VECTOR('',#1664,4.5E-1);
#1666=CARTESIAN_POINT('',(7.25E-1,0.E0,-7.566499124110E-1));
#1667=LINE('',#1666,#1665);
#1668=CURVE_STYLE('',#36,POSITIVE_LENGTH_MEASURE(2.E-2),#19);
#1669=PRESENTATION_STYLE_ASSIGNMENT((#1668));
#1670=STYLED_ITEM('',(#1669),#1667);
#1671=DIRECTION('',(-1.E0,0.E0,0.E0));
#1672=VECTOR('',#1671,4.5E-1);
#1673=CARTESIAN_POINT('',(1.175E0,-1.756261313187E-1,-9.551591427392E-1));
#1674=LINE('',#1673,#1672);
#1675=CURVE_STYLE('',#36,POSITIVE_LENGTH_MEASURE(2.E-2),#19);
#1676=PRESENTATION_STYLE_ASSIGNMENT((#1675));
#1677=STYLED_ITEM('',(#1676),#1674);
#1678=DIRECTION('',(1.E0,0.E0,0.E0));
#1679=VECTOR('',#1678,4.5E-1);
#1680=CARTESIAN_POINT('',(7.25E-1,0.E0,-7.E-1));
#1681=LINE('',#1680,#1679);
#1682=CURVE_STYLE('',#36,POSITIVE_LENGTH_MEASURE(2.E-2),#19);
#1683=PRESENTATION_STYLE_ASSIGNMENT((#1682));
#1684=STYLED_ITEM('',(#1683),#1681);
#1685=DIRECTION('',(0.E0,0.E0,1.E0));
#1686=VECTOR('',#1685,5.664991241100E-2);
#1687=CARTESIAN_POINT('',(7.25E-1,0.E0,-7.566499124110E-1));
#1688=LINE('',#1687,#1686);
#1689=CURVE_STYLE('',#36,POSITIVE_LENGTH_MEASURE(2.E-2),#19);
#1690=PRESENTATION_STYLE_ASSIGNMENT((#1689));
#1691=STYLED_ITEM('',(#1690),#1688);
#1692=DIRECTION('',(1.E0,0.E0,0.E0));
#1693=VECTOR('',#1692,4.5E-1);
#1694=CARTESIAN_POINT('',(7.25E-1,-5.5E-1,-1.026945052911E0));
#1695=LINE('',#1694,#1693);
#1696=CURVE_STYLE('',#36,POSITIVE_LENGTH_MEASURE(2.E-2),#19);
#1697=PRESENTATION_STYLE_ASSIGNMENT((#1696));
#1698=STYLED_ITEM('',(#1697),#1695);
#1699=DIRECTION('',(-1.E0,0.E0,0.E0));
#1700=VECTOR('',#1699,4.5E-1);
#1701=CARTESIAN_POINT('',(1.175E0,-3.743738686817E-1,-8.284358225830E-1));
#1702=LINE('',#1701,#1700);
#1703=CURVE_STYLE('',#36,POSITIVE_LENGTH_MEASURE(2.E-2),#19);
#1704=PRESENTATION_STYLE_ASSIGNMENT((#1703));
#1705=STYLED_ITEM('',(#1704),#1702);
#1706=DIRECTION('',(0.E0,4.853123614292E-14,-1.E0));
#1707=VECTOR('',#1706,6.977321193992E-2);
#1708=CARTESIAN_POINT('',(7.25E-1,-1.5E-1,-6.868767004711E-1));
#1709=LINE('',#1708,#1707);
#1710=CURVE_STYLE('',#36,POSITIVE_LENGTH_MEASURE(2.E-2),#19);
#1711=PRESENTATION_STYLE_ASSIGNMENT((#1710));
#1712=STYLED_ITEM('',(#1711),#1709);
#1713=DIRECTION('',(-1.E0,0.E0,0.E0));
#1714=VECTOR('',#1713,4.5E-1);
#1715=CARTESIAN_POINT('',(1.175E0,-1.939065328302E-1,-8.062772199932E-1));
#1716=LINE('',#1715,#1714);
#1717=CURVE_STYLE('',#36,POSITIVE_LENGTH_MEASURE(2.E-2),#19);
#1718=PRESENTATION_STYLE_ASSIGNMENT((#1717));
#1719=STYLED_ITEM('',(#1718),#1716);
#1720=DIRECTION('',(1.E0,0.E0,0.E0));
#1721=VECTOR('',#1720,4.5E-1);
#1722=CARTESIAN_POINT('',(7.25E-1,-1.5E-1,-7.566499124110E-1));
#1723=LINE('',#1722,#1721);
#1724=CURVE_STYLE('',#36,POSITIVE_LENGTH_MEASURE(2.E-2),#19);
#1725=PRESENTATION_STYLE_ASSIGNMENT((#1724));
#1726=STYLED_ITEM('',(#1725),#1723);
#1727=DIRECTION('',(-1.E0,0.E0,0.E0));
#1728=VECTOR('',#1727,4.5E-1);
#1729=CARTESIAN_POINT('',(1.175E0,0.E0,7.E-1));
#1730=LINE('',#1729,#1728);
#1731=CURVE_STYLE('',#36,POSITIVE_LENGTH_MEASURE(2.E-2),#19);
#1732=PRESENTATION_STYLE_ASSIGNMENT((#1731));
#1733=STYLED_ITEM('',(#1732),#1730);
#1734=DIRECTION('',(0.E0,0.E0,-1.E0));
#1735=VECTOR('',#1734,5.664991241100E-2);
#1736=CARTESIAN_POINT('',(1.175E0,0.E0,7.566499124110E-1));
#1737=LINE('',#1736,#1735);
#1738=CURVE_STYLE('',#36,POSITIVE_LENGTH_MEASURE(2.E-2),#19);
#1739=PRESENTATION_STYLE_ASSIGNMENT((#1738));
#1740=STYLED_ITEM('',(#1739),#1737);
#1741=DIRECTION('',(0.E0,-9.925461516414E-1,1.218693434048E-1));
#1742=VECTOR('',#1741,1.818226140448E-1);
#1743=CARTESIAN_POINT('',(7.25E-1,-1.939065328302E-1,8.062772199932E-1));
#1744=LINE('',#1743,#1742);
#1745=CURVE_STYLE('',#36,POSITIVE_LENGTH_MEASURE(2.E-2),#19);
#1746=PRESENTATION_STYLE_ASSIGNMENT((#1745));
#1747=STYLED_ITEM('',(#1746),#1744);
#1748=CARTESIAN_POINT('',(7.25E-1,-2.E-1,7.566499124110E-1));
#1749=DIRECTION('',(1.E0,0.E0,0.E0));
#1750=DIRECTION('',(0.E0,1.E0,6.661338147751E-14));
#1751=AXIS2_PLACEMENT_3D('',#1748,#1749,#1750);
#1753=CURVE_STYLE('',#36,POSITIVE_LENGTH_MEASURE(2.E-2),#19);
#1754=PRESENTATION_STYLE_ASSIGNMENT((#1753));
#1755=STYLED_ITEM('',(#1754),#1752);
#1756=DIRECTION('',(0.E0,4.853123614292E-14,1.E0));
#1757=VECTOR('',#1756,6.977321193992E-2);
#1758=CARTESIAN_POINT('',(7.25E-1,-1.5E-1,6.868767004711E-1));
#1759=LINE('',#1758,#1757);
#1760=CURVE_STYLE('',#36,POSITIVE_LENGTH_MEASURE(2.E-2),#19);
#1761=PRESENTATION_STYLE_ASSIGNMENT((#1760));
#1762=STYLED_ITEM('',(#1761),#1759);
#1763=DIRECTION('',(0.E0,-9.961946980917E-1,-8.715574274789E-2));
#1764=VECTOR('',#1763,1.505729756315E-1);
#1765=CARTESIAN_POINT('',(7.25E-1,0.E0,7.E-1));
#1766=LINE('',#1765,#1764);
#1767=CURVE_STYLE('',#36,POSITIVE_LENGTH_MEASURE(2.E-2),#19);
#1768=PRESENTATION_STYLE_ASSIGNMENT((#1767));
#1769=STYLED_ITEM('',(#1768),#1766);
#1770=DIRECTION('',(0.E0,0.E0,-1.E0));
#1771=VECTOR('',#1770,5.664991241100E-2);
#1772=CARTESIAN_POINT('',(7.25E-1,0.E0,7.566499124110E-1));
#1773=LINE('',#1772,#1771);
#1774=CURVE_STYLE('',#36,POSITIVE_LENGTH_MEASURE(2.E-2),#19);
#1775=PRESENTATION_STYLE_ASSIGNMENT((#1774));
#1776=STYLED_ITEM('',(#1775),#1773);
#1777=CARTESIAN_POINT('',(7.25E-1,-2.E-1,7.566499124110E-1));
#1778=DIRECTION('',(-1.E0,0.E0,0.E0));
#1779=DIRECTION('',(0.E0,1.218693434093E-1,9.925461516408E-1));
#1780=AXIS2_PLACEMENT_3D('',#1777,#1778,#1779);
#1782=CURVE_STYLE('',#36,POSITIVE_LENGTH_MEASURE(2.E-2),#19);
#1783=PRESENTATION_STYLE_ASSIGNMENT((#1782));
#1784=STYLED_ITEM('',(#1783),#1781);
#1785=DIRECTION('',(0.E0,9.925461516414E-1,-1.218693434048E-1));
#1786=VECTOR('',#1785,1.818226140447E-1);
#1787=CARTESIAN_POINT('',(7.25E-1,-3.560934671701E-1,9.773177453289E-1));
#1788=LINE('',#1787,#1786);
#1789=CURVE_STYLE('',#36,POSITIVE_LENGTH_MEASURE(2.E-2),#19);
#1790=PRESENTATION_STYLE_ASSIGNMENT((#1789));
#1791=STYLED_ITEM('',(#1790),#1788);
#1792=CARTESIAN_POINT('',(7.25E-1,-3.5E-1,1.026945052911E0));
#1793=DIRECTION('',(1.E0,0.E0,0.E0));
#1794=DIRECTION('',(0.E0,-1.E0,0.E0));
#1795=AXIS2_PLACEMENT_3D('',#1792,#1793,#1794);
#1797=CURVE_STYLE('',#36,POSITIVE_LENGTH_MEASURE(2.E-2),#19);
#1798=PRESENTATION_STYLE_ASSIGNMENT((#1797));
#1799=STYLED_ITEM('',(#1798),#1796);
#1800=DIRECTION('',(0.E0,0.E0,-1.E0));
#1801=VECTOR('',#1800,2.230549470890E-1);
#1802=CARTESIAN_POINT('',(7.25E-1,-4.E-1,1.25E0));
#1803=LINE('',#1802,#1801);
#1804=CURVE_STYLE('',#36,POSITIVE_LENGTH_MEASURE(2.E-2),#19);
#1805=PRESENTATION_STYLE_ASSIGNMENT((#1804));
#1806=STYLED_ITEM('',(#1805),#1803);
#1807=DIRECTION('',(0.E0,1.E0,0.E0));
#1808=VECTOR('',#1807,1.5E-1);
#1809=CARTESIAN_POINT('',(7.25E-1,-5.5E-1,1.25E0));
#1810=LINE('',#1809,#1808);
#1811=CURVE_STYLE('',#36,POSITIVE_LENGTH_MEASURE(2.E-2),#19);
#1812=PRESENTATION_STYLE_ASSIGNMENT((#1811));
#1813=STYLED_ITEM('',(#1812),#1810);
#1814=DIRECTION('',(0.E0,0.E0,1.E0));
#1815=VECTOR('',#1814,2.230549470890E-1);
#1816=CARTESIAN_POINT('',(7.25E-1,-5.5E-1,1.026945052911E0));
#1817=LINE('',#1816,#1815);
#1818=CURVE_STYLE('',#36,POSITIVE_LENGTH_MEASURE(2.E-2),#19);
#1819=PRESENTATION_STYLE_ASSIGNMENT((#1818));
#1820=STYLED_ITEM('',(#1819),#1817);
#1821=CARTESIAN_POINT('',(7.25E-1,-3.5E-1,1.026945052911E0));
#1822=DIRECTION('',(-1.E0,0.E0,0.E0));
#1823=DIRECTION('',(0.E0,-1.218693434151E-1,-9.925461516401E-1));
#1824=AXIS2_PLACEMENT_3D('',#1821,#1822,#1823);
#1826=CURVE_STYLE('',#36,POSITIVE_LENGTH_MEASURE(2.E-2),#19);
#1827=PRESENTATION_STYLE_ASSIGNMENT((#1826));
#1828=STYLED_ITEM('',(#1827),#1825);
#1829=CARTESIAN_POINT('',(1.175E0,-3.5E-1,1.026945052911E0));
#1830=DIRECTION('',(-1.E0,0.E0,0.E0));
#1831=DIRECTION('',(0.E0,-1.218693434056E-1,-9.925461516413E-1));
#1832=AXIS2_PLACEMENT_3D('',#1829,#1830,#1831);
#1834=CURVE_STYLE('',#36,POSITIVE_LENGTH_MEASURE(2.E-2),#19);
#1835=PRESENTATION_STYLE_ASSIGNMENT((#1834));
#1836=STYLED_ITEM('',(#1835),#1833);
#1837=DIRECTION('',(0.E0,-9.925461516414E-1,1.218693434048E-1));
#1838=VECTOR('',#1837,1.818226140447E-1);
#1839=CARTESIAN_POINT('',(1.175E0,-1.756261313187E-1,9.551591427392E-1));
#1840=LINE('',#1839,#1838);
#1841=CURVE_STYLE('',#36,POSITIVE_LENGTH_MEASURE(2.E-2),#19);
#1842=PRESENTATION_STYLE_ASSIGNMENT((#1841));
#1843=STYLED_ITEM('',(#1842),#1840);
#1844=CARTESIAN_POINT('',(1.175E0,-2.E-1,7.566499124110E-1));
#1845=DIRECTION('',(1.E0,0.E0,0.E0));
#1846=DIRECTION('',(0.E0,1.E0,0.E0));
#1847=AXIS2_PLACEMENT_3D('',#1844,#1845,#1846);
#1849=CURVE_STYLE('',#36,POSITIVE_LENGTH_MEASURE(2.E-2),#19);
#1850=PRESENTATION_STYLE_ASSIGNMENT((#1849));
#1851=STYLED_ITEM('',(#1850),#1848);
#1852=DIRECTION('',(0.E0,9.961946980917E-1,8.715574274789E-2));
#1853=VECTOR('',#1852,1.505729756315E-1);
#1854=CARTESIAN_POINT('',(1.175E0,-1.5E-1,6.868767004711E-1));
#1855=LINE('',#1854,#1853);
#1856=CURVE_STYLE('',#36,POSITIVE_LENGTH_MEASURE(2.E-2),#19);
#1857=PRESENTATION_STYLE_ASSIGNMENT((#1856));
#1858=STYLED_ITEM('',(#1857),#1855);
#1859=CARTESIAN_POINT('',(1.175E0,-2.E-1,7.566499124110E-1));
#1860=DIRECTION('',(-1.E0,0.E0,0.E0));
#1861=DIRECTION('',(0.E0,1.218693433892E-1,9.925461516433E-1));
#1862=AXIS2_PLACEMENT_3D('',#1859,#1860,#1861);
#1864=CURVE_STYLE('',#36,POSITIVE_LENGTH_MEASURE(2.E-2),#19);
#1865=PRESENTATION_STYLE_ASSIGNMENT((#1864));
#1866=STYLED_ITEM('',(#1865),#1863);
#1867=DIRECTION('',(0.E0,9.925461516414E-1,-1.218693434048E-1));
#1868=VECTOR('',#1867,1.818226140448E-1);
#1869=CARTESIAN_POINT('',(1.175E0,-3.743738686817E-1,8.284358225830E-1));
#1870=LINE('',#1869,#1868);
#1871=CURVE_STYLE('',#36,POSITIVE_LENGTH_MEASURE(2.E-2),#19);
#1872=PRESENTATION_STYLE_ASSIGNMENT((#1871));
#1873=STYLED_ITEM('',(#1872),#1870);
#1874=CARTESIAN_POINT('',(1.175E0,-3.5E-1,1.026945052911E0));
#1875=DIRECTION('',(1.E0,0.E0,0.E0));
#1876=DIRECTION('',(0.E0,-1.E0,1.110223024625E-14));
#1877=AXIS2_PLACEMENT_3D('',#1874,#1875,#1876);
#1879=CURVE_STYLE('',#36,POSITIVE_LENGTH_MEASURE(2.E-2),#19);
#1880=PRESENTATION_STYLE_ASSIGNMENT((#1879));
#1881=STYLED_ITEM('',(#1880),#1878);
#1882=DIRECTION('',(0.E0,0.E0,1.E0));
#1883=VECTOR('',#1882,2.230549470890E-1);
#1884=CARTESIAN_POINT('',(1.175E0,-5.5E-1,1.026945052911E0));
#1885=LINE('',#1884,#1883);
#1886=CURVE_STYLE('',#36,POSITIVE_LENGTH_MEASURE(2.E-2),#19);
#1887=PRESENTATION_STYLE_ASSIGNMENT((#1886));
#1888=STYLED_ITEM('',(#1887),#1885);
#1889=DIRECTION('',(0.E0,1.E0,0.E0));
#1890=VECTOR('',#1889,1.5E-1);
#1891=CARTESIAN_POINT('',(1.175E0,-5.5E-1,1.25E0));
#1892=LINE('',#1891,#1890);
#1893=CURVE_STYLE('',#36,POSITIVE_LENGTH_MEASURE(2.E-2),#19);
#1894=PRESENTATION_STYLE_ASSIGNMENT((#1893));
#1895=STYLED_ITEM('',(#1894),#1892);
#1896=DIRECTION('',(1.E0,0.E0,0.E0));
#1897=VECTOR('',#1896,4.5E-1);
#1898=CARTESIAN_POINT('',(7.25E-1,-5.5E-1,1.25E0));
#1899=LINE('',#1898,#1897);
#1900=CURVE_STYLE('',#36,POSITIVE_LENGTH_MEASURE(2.E-2),#19);
#1901=PRESENTATION_STYLE_ASSIGNMENT((#1900));
#1902=STYLED_ITEM('',(#1901),#1899);
#1903=DIRECTION('',(0.E0,0.E0,-1.E0));
#1904=VECTOR('',#1903,2.230549470890E-1);
#1905=CARTESIAN_POINT('',(1.175E0,-4.E-1,1.25E0));
#1906=LINE('',#1905,#1904);
#1907=CURVE_STYLE('',#36,POSITIVE_LENGTH_MEASURE(2.E-2),#19);
#1908=PRESENTATION_STYLE_ASSIGNMENT((#1907));
#1909=STYLED_ITEM('',(#1908),#1906);
#1910=DIRECTION('',(1.E0,0.E0,0.E0));
#1911=VECTOR('',#1910,4.5E-1);
#1912=CARTESIAN_POINT('',(7.25E-1,-4.E-1,1.25E0));
#1913=LINE('',#1912,#1911);
#1914=CURVE_STYLE('',#36,POSITIVE_LENGTH_MEASURE(2.E-2),#19);
#1915=PRESENTATION_STYLE_ASSIGNMENT((#1914));
#1916=STYLED_ITEM('',(#1915),#1913);
#1917=DIRECTION('',(-1.E0,0.E0,0.E0));
#1918=VECTOR('',#1917,4.5E-1);
#1919=CARTESIAN_POINT('',(1.175E0,-4.E-1,1.026945052911E0));
#1920=LINE('',#1919,#1918);
#1921=CURVE_STYLE('',#36,POSITIVE_LENGTH_MEASURE(2.E-2),#19);
#1922=PRESENTATION_STYLE_ASSIGNMENT((#1921));
#1923=STYLED_ITEM('',(#1922),#1920);
#1924=DIRECTION('',(1.E0,0.E0,0.E0));
#1925=VECTOR('',#1924,4.5E-1);
#1926=CARTESIAN_POINT('',(7.25E-1,-3.560934671701E-1,9.773177453289E-1));
#1927=LINE('',#1926,#1925);
#1928=CURVE_STYLE('',#36,POSITIVE_LENGTH_MEASURE(2.E-2),#19);
#1929=PRESENTATION_STYLE_ASSIGNMENT((#1928));
#1930=STYLED_ITEM('',(#1929),#1927);
#1931=DIRECTION('',(1.E0,0.E0,0.E0));
#1932=VECTOR('',#1931,4.5E-1);
#1933=CARTESIAN_POINT('',(7.25E-1,-1.756261313187E-1,9.551591427392E-1));
#1934=LINE('',#1933,#1932);
#1935=CURVE_STYLE('',#36,POSITIVE_LENGTH_MEASURE(2.E-2),#19);
#1936=PRESENTATION_STYLE_ASSIGNMENT((#1935));
#1937=STYLED_ITEM('',(#1936),#1934);
#1938=DIRECTION('',(-1.E0,0.E0,0.E0));
#1939=VECTOR('',#1938,4.5E-1);
#1940=CARTESIAN_POINT('',(1.175E0,0.E0,7.566499124110E-1));
#1941=LINE('',#1940,#1939);
#1942=CURVE_STYLE('',#36,POSITIVE_LENGTH_MEASURE(2.E-2),#19);
#1943=PRESENTATION_STYLE_ASSIGNMENT((#1942));
#1944=STYLED_ITEM('',(#1943),#1941);
#1945=DIRECTION('',(1.E0,0.E0,0.E0));
#1946=VECTOR('',#1945,4.5E-1);
#1947=CARTESIAN_POINT('',(7.25E-1,-3.743738686817E-1,8.284358225830E-1));
#1948=LINE('',#1947,#1946);
#1949=CURVE_STYLE('',#36,POSITIVE_LENGTH_MEASURE(2.E-2),#19);
#1950=PRESENTATION_STYLE_ASSIGNMENT((#1949));
#1951=STYLED_ITEM('',(#1950),#1948);
#1952=DIRECTION('',(-1.E0,0.E0,0.E0));
#1953=VECTOR('',#1952,4.5E-1);
#1954=CARTESIAN_POINT('',(1.175E0,-5.5E-1,1.026945052911E0));
#1955=LINE('',#1954,#1953);
#1956=CURVE_STYLE('',#36,POSITIVE_LENGTH_MEASURE(2.E-2),#19);
#1957=PRESENTATION_STYLE_ASSIGNMENT((#1956));
#1958=STYLED_ITEM('',(#1957),#1955);
#1959=DIRECTION('',(0.E0,4.853123614292E-14,1.E0));
#1960=VECTOR('',#1959,6.977321193992E-2);
#1961=CARTESIAN_POINT('',(1.175E0,-1.5E-1,6.868767004711E-1));
#1962=LINE('',#1961,#1960);
#1963=CURVE_STYLE('',#36,POSITIVE_LENGTH_MEASURE(2.E-2),#19);
#1964=PRESENTATION_STYLE_ASSIGNMENT((#1963));
#1965=STYLED_ITEM('',(#1964),#1962);
#1966=DIRECTION('',(1.E0,0.E0,0.E0));
#1967=VECTOR('',#1966,4.5E-1);
#1968=CARTESIAN_POINT('',(7.25E-1,-1.5E-1,6.868767004711E-1));
#1969=LINE('',#1968,#1967);
#1970=CURVE_STYLE('',#36,POSITIVE_LENGTH_MEASURE(2.E-2),#19);
#1971=PRESENTATION_STYLE_ASSIGNMENT((#1970));
#1972=STYLED_ITEM('',(#1971),#1969);
#1973=DIRECTION('',(-1.E0,0.E0,0.E0));
#1974=VECTOR('',#1973,4.5E-1);
#1975=CARTESIAN_POINT('',(1.175E0,-1.5E-1,7.566499124110E-1));
#1976=LINE('',#1975,#1974);
#1977=CURVE_STYLE('',#36,POSITIVE_LENGTH_MEASURE(2.E-2),#19);
#1978=PRESENTATION_STYLE_ASSIGNMENT((#1977));
#1979=STYLED_ITEM('',(#1978),#1976);
#1980=DIRECTION('',(1.E0,0.E0,0.E0));
#1981=VECTOR('',#1980,4.5E-1);
#1982=CARTESIAN_POINT('',(7.25E-1,-1.939065328302E-1,8.062772199932E-1));
#1983=LINE('',#1982,#1981);
#1984=CURVE_STYLE('',#36,POSITIVE_LENGTH_MEASURE(2.E-2),#19);
#1985=PRESENTATION_STYLE_ASSIGNMENT((#1984));
#1986=STYLED_ITEM('',(#1985),#1983);
#1987=DIRECTION('',(-1.E0,0.E0,0.E0));
#1988=VECTOR('',#1987,4.5E-1);
#1989=CARTESIAN_POINT('',(2.25E-1,0.E0,7.E-1));
#1990=LINE('',#1989,#1988);
#1991=CURVE_STYLE('',#36,POSITIVE_LENGTH_MEASURE(2.E-2),#19);
#1992=PRESENTATION_STYLE_ASSIGNMENT((#1991));
#1993=STYLED_ITEM('',(#1992),#1990);
#1994=DIRECTION('',(0.E0,0.E0,-1.E0));
#1995=VECTOR('',#1994,5.664991241100E-2);
#1996=CARTESIAN_POINT('',(2.25E-1,0.E0,7.566499124110E-1));
#1997=LINE('',#1996,#1995);
#1998=CURVE_STYLE('',#36,POSITIVE_LENGTH_MEASURE(2.E-2),#19);
#1999=PRESENTATION_STYLE_ASSIGNMENT((#1998));
#2000=STYLED_ITEM('',(#1999),#1997);
#2001=DIRECTION('',(0.E0,9.925461516414E-1,-1.218693434048E-1));
#2002=VECTOR('',#2001,1.818226140448E-1);
#2003=CARTESIAN_POINT('',(-2.25E-1,-3.560934671698E-1,9.773177453288E-1));
#2004=LINE('',#2003,#2002);
#2005=CURVE_STYLE('',#36,POSITIVE_LENGTH_MEASURE(2.E-2),#19);
#2006=PRESENTATION_STYLE_ASSIGNMENT((#2005));
#2007=STYLED_ITEM('',(#2006),#2004);
#2008=CARTESIAN_POINT('',(-2.25E-1,-3.5E-1,1.026945052911E0));
#2009=DIRECTION('',(1.E0,0.E0,0.E0));
#2010=DIRECTION('',(0.E0,-1.E0,0.E0));
#2011=AXIS2_PLACEMENT_3D('',#2008,#2009,#2010);
#2013=CURVE_STYLE('',#36,POSITIVE_LENGTH_MEASURE(2.E-2),#19);
#2014=PRESENTATION_STYLE_ASSIGNMENT((#2013));
#2015=STYLED_ITEM('',(#2014),#2012);
#2016=DIRECTION('',(0.E0,0.E0,-1.E0));
#2017=VECTOR('',#2016,2.230549470890E-1);
#2018=CARTESIAN_POINT('',(-2.25E-1,-4.E-1,1.25E0));
#2019=LINE('',#2018,#2017);
#2020=CURVE_STYLE('',#36,POSITIVE_LENGTH_MEASURE(2.E-2),#19);
#2021=PRESENTATION_STYLE_ASSIGNMENT((#2020));
#2022=STYLED_ITEM('',(#2021),#2019);
#2023=DIRECTION('',(0.E0,1.E0,0.E0));
#2024=VECTOR('',#2023,1.5E-1);
#2025=CARTESIAN_POINT('',(-2.25E-1,-5.5E-1,1.25E0));
#2026=LINE('',#2025,#2024);
#2027=CURVE_STYLE('',#36,POSITIVE_LENGTH_MEASURE(2.E-2),#19);
#2028=PRESENTATION_STYLE_ASSIGNMENT((#2027));
#2029=STYLED_ITEM('',(#2028),#2026);
#2030=DIRECTION('',(0.E0,0.E0,1.E0));
#2031=VECTOR('',#2030,2.230549470890E-1);
#2032=CARTESIAN_POINT('',(-2.25E-1,-5.5E-1,1.026945052911E0));
#2033=LINE('',#2032,#2031);
#2034=CURVE_STYLE('',#36,POSITIVE_LENGTH_MEASURE(2.E-2),#19);
#2035=PRESENTATION_STYLE_ASSIGNMENT((#2034));
#2036=STYLED_ITEM('',(#2035),#2033);
#2037=CARTESIAN_POINT('',(-2.25E-1,-3.5E-1,1.026945052911E0));
#2038=DIRECTION('',(-1.E0,0.E0,0.E0));
#2039=DIRECTION('',(0.E0,-1.218693434150E-1,-9.925461516401E-1));
#2040=AXIS2_PLACEMENT_3D('',#2037,#2038,#2039);
#2042=CURVE_STYLE('',#36,POSITIVE_LENGTH_MEASURE(2.E-2),#19);
#2043=PRESENTATION_STYLE_ASSIGNMENT((#2042));
#2044=STYLED_ITEM('',(#2043),#2041);
#2045=DIRECTION('',(0.E0,-9.925461516414E-1,1.218693434048E-1));
#2046=VECTOR('',#2045,1.818226140448E-1);
#2047=CARTESIAN_POINT('',(-2.25E-1,-1.939065328302E-1,8.062772199932E-1));
#2048=LINE('',#2047,#2046);
#2049=CURVE_STYLE('',#36,POSITIVE_LENGTH_MEASURE(2.E-2),#19);
#2050=PRESENTATION_STYLE_ASSIGNMENT((#2049));
#2051=STYLED_ITEM('',(#2050),#2048);
#2052=CARTESIAN_POINT('',(-2.25E-1,-2.E-1,7.566499124110E-1));
#2053=DIRECTION('',(1.E0,0.E0,0.E0));
#2054=DIRECTION('',(0.E0,1.E0,0.E0));
#2055=AXIS2_PLACEMENT_3D('',#2052,#2053,#2054);
#2057=CURVE_STYLE('',#36,POSITIVE_LENGTH_MEASURE(2.E-2),#19);
#2058=PRESENTATION_STYLE_ASSIGNMENT((#2057));
#2059=STYLED_ITEM('',(#2058),#2056);
#2060=DIRECTION('',(0.E0,4.853123614292E-14,1.E0));
#2061=VECTOR('',#2060,6.977321193992E-2);
#2062=CARTESIAN_POINT('',(-2.25E-1,-1.5E-1,6.868767004711E-1));
#2063=LINE('',#2062,#2061);
#2064=CURVE_STYLE('',#36,POSITIVE_LENGTH_MEASURE(2.E-2),#19);
#2065=PRESENTATION_STYLE_ASSIGNMENT((#2064));
#2066=STYLED_ITEM('',(#2065),#2063);
#2067=DIRECTION('',(0.E0,-9.961946980917E-1,-8.715574274789E-2));
#2068=VECTOR('',#2067,1.505729756315E-1);
#2069=CARTESIAN_POINT('',(-2.25E-1,0.E0,7.E-1));
#2070=LINE('',#2069,#2068);
#2071=CURVE_STYLE('',#36,POSITIVE_LENGTH_MEASURE(2.E-2),#19);
#2072=PRESENTATION_STYLE_ASSIGNMENT((#2071));
#2073=STYLED_ITEM('',(#2072),#2070);
#2074=DIRECTION('',(0.E0,0.E0,-1.E0));
#2075=VECTOR('',#2074,5.664991241100E-2);
#2076=CARTESIAN_POINT('',(-2.25E-1,0.E0,7.566499124110E-1));
#2077=LINE('',#2076,#2075);
#2078=CURVE_STYLE('',#36,POSITIVE_LENGTH_MEASURE(2.E-2),#19);
#2079=PRESENTATION_STYLE_ASSIGNMENT((#2078));
#2080=STYLED_ITEM('',(#2079),#2077);
#2081=CARTESIAN_POINT('',(-2.25E-1,-2.E-1,7.566499124110E-1));
#2082=DIRECTION('',(-1.E0,0.E0,0.E0));
#2083=DIRECTION('',(0.E0,1.218693434150E-1,9.925461516401E-1));
#2084=AXIS2_PLACEMENT_3D('',#2081,#2082,#2083);
#2086=CURVE_STYLE('',#36,POSITIVE_LENGTH_MEASURE(2.E-2),#19);
#2087=PRESENTATION_STYLE_ASSIGNMENT((#2086));
#2088=STYLED_ITEM('',(#2087),#2085);
#2089=DIRECTION('',(0.E0,9.961946980917E-1,8.715574274789E-2));
#2090=VECTOR('',#2089,1.505729756315E-1);
#2091=CARTESIAN_POINT('',(2.25E-1,-1.5E-1,6.868767004711E-1));
#2092=LINE('',#2091,#2090);
#2093=CURVE_STYLE('',#36,POSITIVE_LENGTH_MEASURE(2.E-2),#19);
#2094=PRESENTATION_STYLE_ASSIGNMENT((#2093));
#2095=STYLED_ITEM('',(#2094),#2092);
#2096=CARTESIAN_POINT('',(2.25E-1,-2.E-1,7.566499124110E-1));
#2097=DIRECTION('',(-1.E0,0.E0,0.E0));
#2098=DIRECTION('',(0.E0,1.218693433895E-1,9.925461516432E-1));
#2099=AXIS2_PLACEMENT_3D('',#2096,#2097,#2098);
#2101=CURVE_STYLE('',#36,POSITIVE_LENGTH_MEASURE(2.E-2),#19);
#2102=PRESENTATION_STYLE_ASSIGNMENT((#2101));
#2103=STYLED_ITEM('',(#2102),#2100);
#2104=DIRECTION('',(0.E0,9.925461516414E-1,-1.218693434048E-1));
#2105=VECTOR('',#2104,1.818226140448E-1);
#2106=CARTESIAN_POINT('',(2.25E-1,-3.743738686817E-1,8.284358225830E-1));
#2107=LINE('',#2106,#2105);
#2108=CURVE_STYLE('',#36,POSITIVE_LENGTH_MEASURE(2.E-2),#19);
#2109=PRESENTATION_STYLE_ASSIGNMENT((#2108));
#2110=STYLED_ITEM('',(#2109),#2107);
#2111=CARTESIAN_POINT('',(2.25E-1,-3.5E-1,1.026945052911E0));
#2112=DIRECTION('',(1.E0,0.E0,0.E0));
#2113=DIRECTION('',(0.E0,-1.E0,0.E0));
#2114=AXIS2_PLACEMENT_3D('',#2111,#2112,#2113);
#2116=CURVE_STYLE('',#36,POSITIVE_LENGTH_MEASURE(2.E-2),#19);
#2117=PRESENTATION_STYLE_ASSIGNMENT((#2116));
#2118=STYLED_ITEM('',(#2117),#2115);
#2119=CARTESIAN_POINT('',(2.25E-1,-3.5E-1,1.026945052911E0));
#2120=DIRECTION('',(-1.E0,0.E0,0.E0));
#2121=DIRECTION('',(0.E0,-1.218693433895E-1,-9.925461516432E-1));
#2122=AXIS2_PLACEMENT_3D('',#2119,#2120,#2121);
#2124=CURVE_STYLE('',#36,POSITIVE_LENGTH_MEASURE(2.E-2),#19);
#2125=PRESENTATION_STYLE_ASSIGNMENT((#2124));
#2126=STYLED_ITEM('',(#2125),#2123);
#2127=DIRECTION('',(0.E0,-9.925461516414E-1,1.218693434048E-1));
#2128=VECTOR('',#2127,1.818226140448E-1);
#2129=CARTESIAN_POINT('',(2.25E-1,-1.756261313183E-1,9.551591427390E-1));
#2130=LINE('',#2129,#2128);
#2131=CURVE_STYLE('',#36,POSITIVE_LENGTH_MEASURE(2.E-2),#19);
#2132=PRESENTATION_STYLE_ASSIGNMENT((#2131));
#2133=STYLED_ITEM('',(#2132),#2130);
#2134=CARTESIAN_POINT('',(2.25E-1,-2.E-1,7.566499124110E-1));
#2135=DIRECTION('',(1.E0,0.E0,0.E0));
#2136=DIRECTION('',(0.E0,1.E0,0.E0));
#2137=AXIS2_PLACEMENT_3D('',#2134,#2135,#2136);
#2139=CURVE_STYLE('',#36,POSITIVE_LENGTH_MEASURE(2.E-2),#19);
#2140=PRESENTATION_STYLE_ASSIGNMENT((#2139));
#2141=STYLED_ITEM('',(#2140),#2138);
#2142=DIRECTION('',(0.E0,4.853123614292E-14,1.E0));
#2143=VECTOR('',#2142,6.977321193992E-2);
#2144=CARTESIAN_POINT('',(2.25E-1,-1.5E-1,6.868767004711E-1));
#2145=LINE('',#2144,#2143);
#2146=CURVE_STYLE('',#36,POSITIVE_LENGTH_MEASURE(2.E-2),#19);
#2147=PRESENTATION_STYLE_ASSIGNMENT((#2146));
#2148=STYLED_ITEM('',(#2147),#2145);
#2149=DIRECTION('',(1.E0,0.E0,0.E0));
#2150=VECTOR('',#2149,4.5E-1);
#2151=CARTESIAN_POINT('',(-2.25E-1,-1.5E-1,6.868767004711E-1));
#2152=LINE('',#2151,#2150);
#2153=CURVE_STYLE('',#36,POSITIVE_LENGTH_MEASURE(2.E-2),#19);
#2154=PRESENTATION_STYLE_ASSIGNMENT((#2153));
#2155=STYLED_ITEM('',(#2154),#2152);
#2156=DIRECTION('',(-1.E0,0.E0,0.E0));
#2157=VECTOR('',#2156,4.5E-1);
#2158=CARTESIAN_POINT('',(2.25E-1,-1.5E-1,7.566499124110E-1));
#2159=LINE('',#2158,#2157);
#2160=CURVE_STYLE('',#36,POSITIVE_LENGTH_MEASURE(2.E-2),#19);
#2161=PRESENTATION_STYLE_ASSIGNMENT((#2160));
#2162=STYLED_ITEM('',(#2161),#2159);
#2163=DIRECTION('',(1.E0,0.E0,0.E0));
#2164=VECTOR('',#2163,4.5E-1);
#2165=CARTESIAN_POINT('',(-2.25E-1,-1.939065328302E-1,8.062772199932E-1));
#2166=LINE('',#2165,#2164);
#2167=CURVE_STYLE('',#36,POSITIVE_LENGTH_MEASURE(2.E-2),#19);
#2168=PRESENTATION_STYLE_ASSIGNMENT((#2167));
#2169=STYLED_ITEM('',(#2168),#2166);
#2170=DIRECTION('',(1.E0,0.E0,0.E0));
#2171=VECTOR('',#2170,4.5E-1);
#2172=CARTESIAN_POINT('',(-2.25E-1,-3.743738686817E-1,8.284358225830E-1));
#2173=LINE('',#2172,#2171);
#2174=CURVE_STYLE('',#36,POSITIVE_LENGTH_MEASURE(2.E-2),#19);
#2175=PRESENTATION_STYLE_ASSIGNMENT((#2174));
#2176=STYLED_ITEM('',(#2175),#2173);
#2177=DIRECTION('',(-1.E0,0.E0,0.E0));
#2178=VECTOR('',#2177,4.5E-1);
#2179=CARTESIAN_POINT('',(2.25E-1,-5.5E-1,1.026945052911E0));
#2180=LINE('',#2179,#2178);
#2181=CURVE_STYLE('',#36,POSITIVE_LENGTH_MEASURE(2.E-2),#19);
#2182=PRESENTATION_STYLE_ASSIGNMENT((#2181));
#2183=STYLED_ITEM('',(#2182),#2180);
#2184=DIRECTION('',(0.E0,0.E0,1.E0));
#2185=VECTOR('',#2184,2.230549470890E-1);
#2186=CARTESIAN_POINT('',(2.25E-1,-5.5E-1,1.026945052911E0));
#2187=LINE('',#2186,#2185);
#2188=CURVE_STYLE('',#36,POSITIVE_LENGTH_MEASURE(2.E-2),#19);
#2189=PRESENTATION_STYLE_ASSIGNMENT((#2188));
#2190=STYLED_ITEM('',(#2189),#2187);
#2191=DIRECTION('',(0.E0,1.E0,0.E0));
#2192=VECTOR('',#2191,1.5E-1);
#2193=CARTESIAN_POINT('',(2.25E-1,-5.5E-1,1.25E0));
#2194=LINE('',#2193,#2192);
#2195=CURVE_STYLE('',#36,POSITIVE_LENGTH_MEASURE(2.E-2),#19);
#2196=PRESENTATION_STYLE_ASSIGNMENT((#2195));
#2197=STYLED_ITEM('',(#2196),#2194);
#2198=DIRECTION('',(1.E0,0.E0,0.E0));
#2199=VECTOR('',#2198,4.5E-1);
#2200=CARTESIAN_POINT('',(-2.25E-1,-5.5E-1,1.25E0));
#2201=LINE('',#2200,#2199);
#2202=CURVE_STYLE('',#36,POSITIVE_LENGTH_MEASURE(2.E-2),#19);
#2203=PRESENTATION_STYLE_ASSIGNMENT((#2202));
#2204=STYLED_ITEM('',(#2203),#2201);
#2205=DIRECTION('',(0.E0,0.E0,-1.E0));
#2206=VECTOR('',#2205,2.230549470890E-1);
#2207=CARTESIAN_POINT('',(2.25E-1,-4.E-1,1.25E0));
#2208=LINE('',#2207,#2206);
#2209=CURVE_STYLE('',#36,POSITIVE_LENGTH_MEASURE(2.E-2),#19);
#2210=PRESENTATION_STYLE_ASSIGNMENT((#2209));
#2211=STYLED_ITEM('',(#2210),#2208);
#2212=DIRECTION('',(1.E0,0.E0,0.E0));
#2213=VECTOR('',#2212,4.5E-1);
#2214=CARTESIAN_POINT('',(-2.25E-1,-4.E-1,1.25E0));
#2215=LINE('',#2214,#2213);
#2216=CURVE_STYLE('',#36,POSITIVE_LENGTH_MEASURE(2.E-2),#19);
#2217=PRESENTATION_STYLE_ASSIGNMENT((#2216));
#2218=STYLED_ITEM('',(#2217),#2215);
#2219=DIRECTION('',(-1.E0,0.E0,0.E0));
#2220=VECTOR('',#2219,4.5E-1);
#2221=CARTESIAN_POINT('',(2.25E-1,-4.E-1,1.026945052911E0));
#2222=LINE('',#2221,#2220);
#2223=CURVE_STYLE('',#36,POSITIVE_LENGTH_MEASURE(2.E-2),#19);
#2224=PRESENTATION_STYLE_ASSIGNMENT((#2223));
#2225=STYLED_ITEM('',(#2224),#2222);
#2226=DIRECTION('',(1.E0,0.E0,0.E0));
#2227=VECTOR('',#2226,4.5E-1);
#2228=CARTESIAN_POINT('',(-2.25E-1,-3.560934671698E-1,9.773177453288E-1));
#2229=LINE('',#2228,#2227);
#2230=CURVE_STYLE('',#36,POSITIVE_LENGTH_MEASURE(2.E-2),#19);
#2231=PRESENTATION_STYLE_ASSIGNMENT((#2230));
#2232=STYLED_ITEM('',(#2231),#2229);
#2233=DIRECTION('',(1.E0,0.E0,0.E0));
#2234=VECTOR('',#2233,4.5E-1);
#2235=CARTESIAN_POINT('',(-2.25E-1,-1.756261313183E-1,9.551591427390E-1));
#2236=LINE('',#2235,#2234);
#2237=CURVE_STYLE('',#36,POSITIVE_LENGTH_MEASURE(2.E-2),#19);
#2238=PRESENTATION_STYLE_ASSIGNMENT((#2237));
#2239=STYLED_ITEM('',(#2238),#2236);
#2240=DIRECTION('',(-1.E0,0.E0,0.E0));
#2241=VECTOR('',#2240,4.5E-1);
#2242=CARTESIAN_POINT('',(2.25E-1,0.E0,7.566499124110E-1));
#2243=LINE('',#2242,#2241);
#2244=CURVE_STYLE('',#36,POSITIVE_LENGTH_MEASURE(2.E-2),#19);
#2245=PRESENTATION_STYLE_ASSIGNMENT((#2244));
#2246=STYLED_ITEM('',(#2245),#2243);
#2247=DIRECTION('',(-1.E0,0.E0,0.E0));
#2248=VECTOR('',#2247,4.5E-1);
#2249=CARTESIAN_POINT('',(-7.25E-1,-5.5E-1,1.026945052911E0));
#2250=LINE('',#2249,#2248);
#2251=CURVE_STYLE('',#36,POSITIVE_LENGTH_MEASURE(2.E-2),#19);
#2252=PRESENTATION_STYLE_ASSIGNMENT((#2251));
#2253=STYLED_ITEM('',(#2252),#2250);
#2254=DIRECTION('',(1.E0,0.E0,0.E0));
#2255=VECTOR('',#2254,4.5E-1);
#2256=CARTESIAN_POINT('',(-1.175E0,-3.743738686817E-1,8.284358225830E-1));
#2257=LINE('',#2256,#2255);
#2258=CURVE_STYLE('',#36,POSITIVE_LENGTH_MEASURE(2.E-2),#19);
#2259=PRESENTATION_STYLE_ASSIGNMENT((#2258));
#2260=STYLED_ITEM('',(#2259),#2257);
#2261=DIRECTION('',(0.E0,4.853123614292E-14,1.E0));
#2262=VECTOR('',#2261,6.977321193992E-2);
#2263=CARTESIAN_POINT('',(-7.25E-1,-1.5E-1,6.868767004711E-1));
#2264=LINE('',#2263,#2262);
#2265=CURVE_STYLE('',#36,POSITIVE_LENGTH_MEASURE(2.E-2),#19);
#2266=PRESENTATION_STYLE_ASSIGNMENT((#2265));
#2267=STYLED_ITEM('',(#2266),#2264);
#2268=DIRECTION('',(1.E0,0.E0,0.E0));
#2269=VECTOR('',#2268,4.5E-1);
#2270=CARTESIAN_POINT('',(-1.175E0,-1.939065328302E-1,8.062772199932E-1));
#2271=LINE('',#2270,#2269);
#2272=CURVE_STYLE('',#36,POSITIVE_LENGTH_MEASURE(2.E-2),#19);
#2273=PRESENTATION_STYLE_ASSIGNMENT((#2272));
#2274=STYLED_ITEM('',(#2273),#2271);
#2275=DIRECTION('',(-1.E0,0.E0,0.E0));
#2276=VECTOR('',#2275,4.5E-1);
#2277=CARTESIAN_POINT('',(-7.25E-1,-1.5E-1,7.566499124110E-1));
#2278=LINE('',#2277,#2276);
#2279=CURVE_STYLE('',#36,POSITIVE_LENGTH_MEASURE(2.E-2),#19);
#2280=PRESENTATION_STYLE_ASSIGNMENT((#2279));
#2281=STYLED_ITEM('',(#2280),#2278);
#2282=CARTESIAN_POINT('',(-1.5E0,0.E0,7.E-1));
#2283=CARTESIAN_POINT('',(-1.5E0,0.E0,-7.E-1));
#2284=VERTEX_POINT('',#2282);
#2285=VERTEX_POINT('',#2283);
#2286=CARTESIAN_POINT('',(-1.451881235061E0,5.5E-1,6.518812350608E-1));
#2287=VERTEX_POINT('',#2286);
#2288=CARTESIAN_POINT('',(-1.451881235061E0,5.5E-1,-6.518812350608E-1));
#2289=VERTEX_POINT('',#2288);
#2290=CARTESIAN_POINT('',(-1.175E0,0.E0,7.E-1));
#2291=VERTEX_POINT('',#2290);
#2292=CARTESIAN_POINT('',(-7.25E-1,0.E0,7.E-1));
#2293=VERTEX_POINT('',#2292);
#2294=CARTESIAN_POINT('',(-2.25E-1,0.E0,7.E-1));
#2295=VERTEX_POINT('',#2294);
#2296=CARTESIAN_POINT('',(2.25E-1,0.E0,7.E-1));
#2297=VERTEX_POINT('',#2296);
#2298=CARTESIAN_POINT('',(7.25E-1,0.E0,7.E-1));
#2299=VERTEX_POINT('',#2298);
#2300=CARTESIAN_POINT('',(1.175E0,0.E0,7.E-1));
#2301=VERTEX_POINT('',#2300);
#2302=CARTESIAN_POINT('',(1.5E0,0.E0,7.E-1));
#2303=VERTEX_POINT('',#2302);
#2304=CARTESIAN_POINT('',(1.451881235061E0,5.5E-1,6.518812350608E-1));
#2305=VERTEX_POINT('',#2304);
#2306=CARTESIAN_POINT('',(1.5E0,0.E0,-7.E-1));
#2307=VERTEX_POINT('',#2306);
#2308=CARTESIAN_POINT('',(1.451881235061E0,5.5E-1,-6.518812350609E-1));
#2309=VERTEX_POINT('',#2308);
#2310=CARTESIAN_POINT('',(1.175E0,0.E0,-7.E-1));
#2311=VERTEX_POINT('',#2310);
#2312=CARTESIAN_POINT('',(7.25E-1,0.E0,-7.E-1));
#2313=VERTEX_POINT('',#2312);
#2314=CARTESIAN_POINT('',(-7.25E-1,0.E0,-7.E-1));
#2315=VERTEX_POINT('',#2314);
#2316=CARTESIAN_POINT('',(-1.175E0,0.E0,-7.E-1));
#2317=VERTEX_POINT('',#2316);
#2318=CARTESIAN_POINT('',(-1.460630101413E0,-4.5E-1,-6.606301014132E-1));
#2319=VERTEX_POINT('',#2318);
#2320=CARTESIAN_POINT('',(-1.460630101413E0,-4.5E-1,6.606301014132E-1));
#2321=VERTEX_POINT('',#2320);
#2322=CARTESIAN_POINT('',(-1.175E0,-1.5E-1,-6.868767004711E-1));
#2323=VERTEX_POINT('',#2322);
#2324=CARTESIAN_POINT('',(-7.25E-1,-1.5E-1,-6.868767004711E-1));
#2325=VERTEX_POINT('',#2324);
#2326=CARTESIAN_POINT('',(7.25E-1,-1.5E-1,-6.868767004711E-1));
#2327=VERTEX_POINT('',#2326);
#2328=CARTESIAN_POINT('',(1.175E0,-1.5E-1,-6.868767004711E-1));
#2329=VERTEX_POINT('',#2328);
#2330=CARTESIAN_POINT('',(1.460630101413E0,-4.5E-1,-6.606301014132E-1));
#2331=VERTEX_POINT('',#2330);
#2332=CARTESIAN_POINT('',(1.460630101413E0,-4.5E-1,6.606301014133E-1));
#2333=VERTEX_POINT('',#2332);
#2334=CARTESIAN_POINT('',(-1.175E0,-1.5E-1,6.868767004711E-1));
#2335=VERTEX_POINT('',#2334);
#2336=CARTESIAN_POINT('',(1.175E0,-1.5E-1,6.868767004711E-1));
#2337=VERTEX_POINT('',#2336);
#2338=CARTESIAN_POINT('',(7.25E-1,-1.5E-1,6.868767004711E-1));
#2339=VERTEX_POINT('',#2338);
#2340=CARTESIAN_POINT('',(2.25E-1,-1.5E-1,6.868767004711E-1));
#2341=VERTEX_POINT('',#2340);
#2342=CARTESIAN_POINT('',(-2.25E-1,-1.5E-1,6.868767004711E-1));
#2343=VERTEX_POINT('',#2342);
#2344=CARTESIAN_POINT('',(-7.25E-1,-1.5E-1,6.868767004711E-1));
#2345=VERTEX_POINT('',#2344);
#2346=CARTESIAN_POINT('',(-2.25E-1,0.E0,7.566499124110E-1));
#2347=VERTEX_POINT('',#2346);
#2348=CARTESIAN_POINT('',(2.25E-1,0.E0,7.566499124110E-1));
#2349=VERTEX_POINT('',#2348);
#2350=CARTESIAN_POINT('',(2.25E-1,-1.756261313183E-1,9.551591427390E-1));
#2351=CARTESIAN_POINT('',(2.25E-1,-3.560934671698E-1,9.773177453288E-1));
#2352=VERTEX_POINT('',#2350);
#2353=VERTEX_POINT('',#2351);
#2354=CARTESIAN_POINT('',(-2.25E-1,-1.756261313183E-1,9.551591427390E-1));
#2355=VERTEX_POINT('',#2354);
#2356=CARTESIAN_POINT('',(-2.25E-1,-3.560934671698E-1,9.773177453288E-1));
#2357=VERTEX_POINT('',#2356);
#2358=CARTESIAN_POINT('',(2.25E-1,-4.E-1,1.25E0));
#2359=CARTESIAN_POINT('',(2.25E-1,-4.E-1,1.026945052911E0));
#2360=VERTEX_POINT('',#2358);
#2361=VERTEX_POINT('',#2359);
#2362=CARTESIAN_POINT('',(-2.25E-1,-4.E-1,1.026945052911E0));
#2363=VERTEX_POINT('',#2362);
#2364=CARTESIAN_POINT('',(-2.25E-1,-4.E-1,1.25E0));
#2365=VERTEX_POINT('',#2364);
#2366=CARTESIAN_POINT('',(-2.25E-1,-5.5E-1,1.25E0));
#2367=VERTEX_POINT('',#2366);
#2368=CARTESIAN_POINT('',(2.25E-1,-5.5E-1,1.25E0));
#2369=VERTEX_POINT('',#2368);
#2370=CARTESIAN_POINT('',(-2.25E-1,-5.5E-1,1.026945052911E0));
#2371=VERTEX_POINT('',#2370);
#2372=CARTESIAN_POINT('',(2.25E-1,-5.5E-1,1.026945052911E0));
#2373=VERTEX_POINT('',#2372);
#2374=CARTESIAN_POINT('',(2.25E-1,-3.743738686817E-1,8.284358225830E-1));
#2375=CARTESIAN_POINT('',(2.25E-1,-1.939065328302E-1,8.062772199932E-1));
#2376=VERTEX_POINT('',#2374);
#2377=VERTEX_POINT('',#2375);
#2378=CARTESIAN_POINT('',(-2.25E-1,-3.743738686817E-1,8.284358225830E-1));
#2379=VERTEX_POINT('',#2378);
#2380=CARTESIAN_POINT('',(-2.25E-1,-1.939065328302E-1,8.062772199932E-1));
#2381=VERTEX_POINT('',#2380);
#2382=CARTESIAN_POINT('',(2.25E-1,-1.5E-1,7.566499124110E-1));
#2383=VERTEX_POINT('',#2382);
#2384=CARTESIAN_POINT('',(-2.25E-1,-1.5E-1,7.566499124110E-1));
#2385=VERTEX_POINT('',#2384);
#2386=CARTESIAN_POINT('',(1.175E0,0.E0,-7.566499124110E-1));
#2387=VERTEX_POINT('',#2386);
#2388=CARTESIAN_POINT('',(7.25E-1,0.E0,-7.566499124110E-1));
#2389=VERTEX_POINT('',#2388);
#2390=CARTESIAN_POINT('',(7.25E-1,-1.5E-1,-7.566499124110E-1));
#2391=VERTEX_POINT('',#2390);
#2392=CARTESIAN_POINT('',(1.175E0,-1.5E-1,-7.566499124110E-1));
#2393=VERTEX_POINT('',#2392);
#2394=CARTESIAN_POINT('',(7.25E-1,-3.743738686817E-1,-8.284358225830E-1));
#2395=CARTESIAN_POINT('',(7.25E-1,-1.939065328302E-1,-8.062772199932E-1));
#2396=VERTEX_POINT('',#2394);
#2397=VERTEX_POINT('',#2395);
#2398=CARTESIAN_POINT('',(1.175E0,-3.743738686817E-1,-8.284358225830E-1));
#2399=VERTEX_POINT('',#2398);
#2400=CARTESIAN_POINT('',(1.175E0,-1.939065328302E-1,-8.062772199932E-1));
#2401=VERTEX_POINT('',#2400);
#2402=CARTESIAN_POINT('',(1.175E0,-5.5E-1,-1.026945052911E0));
#2403=CARTESIAN_POINT('',(1.175E0,-5.5E-1,-1.25E0));
#2404=VERTEX_POINT('',#2402);
#2405=VERTEX_POINT('',#2403);
#2406=CARTESIAN_POINT('',(7.25E-1,-5.5E-1,-1.026945052911E0));
#2407=VERTEX_POINT('',#2406);
#2408=CARTESIAN_POINT('',(7.25E-1,-5.5E-1,-1.25E0));
#2409=VERTEX_POINT('',#2408);
#2410=CARTESIAN_POINT('',(7.25E-1,-4.E-1,-1.25E0));
#2411=VERTEX_POINT('',#2410);
#2412=CARTESIAN_POINT('',(1.175E0,-4.E-1,-1.25E0));
#2413=VERTEX_POINT('',#2412);
#2414=CARTESIAN_POINT('',(7.25E-1,-4.E-1,-1.026945052911E0));
#2415=VERTEX_POINT('',#2414);
#2416=CARTESIAN_POINT('',(1.175E0,-4.E-1,-1.026945052911E0));
#2417=VERTEX_POINT('',#2416);
#2418=CARTESIAN_POINT('',(7.25E-1,-1.756261313187E-1,-9.551591427392E-1));
#2419=CARTESIAN_POINT('',(7.25E-1,-3.560934671701E-1,-9.773177453289E-1));
#2420=VERTEX_POINT('',#2418);
#2421=VERTEX_POINT('',#2419);
#2422=CARTESIAN_POINT('',(1.175E0,-1.756261313187E-1,-9.551591427392E-1));
#2423=VERTEX_POINT('',#2422);
#2424=CARTESIAN_POINT('',(1.175E0,-3.560934671701E-1,-9.773177453289E-1));
#2425=VERTEX_POINT('',#2424);
#2426=CARTESIAN_POINT('',(-7.25E-1,0.E0,-7.566499124110E-1));
#2427=VERTEX_POINT('',#2426);
#2428=CARTESIAN_POINT('',(-1.175E0,0.E0,-7.566499124110E-1));
#2429=VERTEX_POINT('',#2428);
#2430=CARTESIAN_POINT('',(-1.175E0,-1.756261313187E-1,-9.551591427392E-1));
#2431=CARTESIAN_POINT('',(-1.175E0,-3.560934671701E-1,-9.773177453289E-1));
#2432=VERTEX_POINT('',#2430);
#2433=VERTEX_POINT('',#2431);
#2434=CARTESIAN_POINT('',(-7.25E-1,-1.756261313187E-1,-9.551591427392E-1));
#2435=VERTEX_POINT('',#2434);
#2436=CARTESIAN_POINT('',(-7.25E-1,-3.560934671701E-1,-9.773177453289E-1));
#2437=VERTEX_POINT('',#2436);
#2438=CARTESIAN_POINT('',(-1.175E0,-4.E-1,-1.25E0));
#2439=CARTESIAN_POINT('',(-1.175E0,-4.E-1,-1.026945052911E0));
#2440=VERTEX_POINT('',#2438);
#2441=VERTEX_POINT('',#2439);
#2442=CARTESIAN_POINT('',(-7.25E-1,-4.E-1,-1.026945052911E0));
#2443=VERTEX_POINT('',#2442);
#2444=CARTESIAN_POINT('',(-7.25E-1,-4.E-1,-1.25E0));
#2445=VERTEX_POINT('',#2444);
#2446=CARTESIAN_POINT('',(-7.25E-1,-5.5E-1,-1.25E0));
#2447=VERTEX_POINT('',#2446);
#2448=CARTESIAN_POINT('',(-1.175E0,-5.5E-1,-1.25E0));
#2449=VERTEX_POINT('',#2448);
#2450=CARTESIAN_POINT('',(-7.25E-1,-5.5E-1,-1.026945052911E0));
#2451=VERTEX_POINT('',#2450);
#2452=CARTESIAN_POINT('',(-1.175E0,-5.5E-1,-1.026945052911E0));
#2453=VERTEX_POINT('',#2452);
#2454=CARTESIAN_POINT('',(-1.175E0,-3.743738686817E-1,-8.284358225830E-1));
#2455=CARTESIAN_POINT('',(-1.175E0,-1.939065328302E-1,-8.062772199932E-1));
#2456=VERTEX_POINT('',#2454);
#2457=VERTEX_POINT('',#2455);
#2458=CARTESIAN_POINT('',(-7.25E-1,-3.743738686817E-1,-8.284358225830E-1));
#2459=VERTEX_POINT('',#2458);
#2460=CARTESIAN_POINT('',(-7.25E-1,-1.939065328302E-1,-8.062772199932E-1));
#2461=VERTEX_POINT('',#2460);
#2462=CARTESIAN_POINT('',(-1.175E0,-1.5E-1,-7.566499124110E-1));
#2463=VERTEX_POINT('',#2462);
#2464=CARTESIAN_POINT('',(-7.25E-1,-1.5E-1,-7.566499124110E-1));
#2465=VERTEX_POINT('',#2464);
#2466=CARTESIAN_POINT('',(7.25E-1,0.E0,7.566499124110E-1));
#2467=VERTEX_POINT('',#2466);
#2468=CARTESIAN_POINT('',(1.175E0,0.E0,7.566499124110E-1));
#2469=VERTEX_POINT('',#2468);
#2470=CARTESIAN_POINT('',(1.175E0,-1.756261313187E-1,9.551591427392E-1));
#2471=CARTESIAN_POINT('',(1.175E0,-3.560934671701E-1,9.773177453289E-1));
#2472=VERTEX_POINT('',#2470);
#2473=VERTEX_POINT('',#2471);
#2474=CARTESIAN_POINT('',(7.25E-1,-1.756261313187E-1,9.551591427392E-1));
#2475=VERTEX_POINT('',#2474);
#2476=CARTESIAN_POINT('',(7.25E-1,-3.560934671701E-1,9.773177453289E-1));
#2477=VERTEX_POINT('',#2476);
#2478=CARTESIAN_POINT('',(1.175E0,-4.E-1,1.25E0));
#2479=CARTESIAN_POINT('',(1.175E0,-4.E-1,1.026945052911E0));
#2480=VERTEX_POINT('',#2478);
#2481=VERTEX_POINT('',#2479);
#2482=CARTESIAN_POINT('',(7.25E-1,-4.E-1,1.026945052911E0));
#2483=VERTEX_POINT('',#2482);
#2484=CARTESIAN_POINT('',(7.25E-1,-4.E-1,1.25E0));
#2485=VERTEX_POINT('',#2484);
#2486=CARTESIAN_POINT('',(7.25E-1,-5.5E-1,1.25E0));
#2487=VERTEX_POINT('',#2486);
#2488=CARTESIAN_POINT('',(1.175E0,-5.5E-1,1.25E0));
#2489=VERTEX_POINT('',#2488);
#2490=CARTESIAN_POINT('',(7.25E-1,-5.5E-1,1.026945052911E0));
#2491=VERTEX_POINT('',#2490);
#2492=CARTESIAN_POINT('',(1.175E0,-5.5E-1,1.026945052911E0));
#2493=VERTEX_POINT('',#2492);
#2494=CARTESIAN_POINT('',(1.175E0,-3.743738686817E-1,8.284358225830E-1));
#2495=CARTESIAN_POINT('',(1.175E0,-1.939065328302E-1,8.062772199932E-1));
#2496=VERTEX_POINT('',#2494);
#2497=VERTEX_POINT('',#2495);
#2498=CARTESIAN_POINT('',(7.25E-1,-3.743738686817E-1,8.284358225830E-1));
#2499=VERTEX_POINT('',#2498);
#2500=CARTESIAN_POINT('',(7.25E-1,-1.939065328302E-1,8.062772199932E-1));
#2501=VERTEX_POINT('',#2500);
#2502=CARTESIAN_POINT('',(1.175E0,-1.5E-1,7.566499124110E-1));
#2503=VERTEX_POINT('',#2502);
#2504=CARTESIAN_POINT('',(7.25E-1,-1.5E-1,7.566499124110E-1));
#2505=VERTEX_POINT('',#2504);
#2506=CARTESIAN_POINT('',(-1.175E0,0.E0,7.566499124110E-1));
#2507=VERTEX_POINT('',#2506);
#2508=CARTESIAN_POINT('',(-7.25E-1,0.E0,7.566499124110E-1));
#2509=VERTEX_POINT('',#2508);
#2510=CARTESIAN_POINT('',(-7.25E-1,-1.5E-1,7.566499124110E-1));
#2511=VERTEX_POINT('',#2510);
#2512=CARTESIAN_POINT('',(-1.175E0,-1.5E-1,7.566499124110E-1));
#2513=VERTEX_POINT('',#2512);
#2514=CARTESIAN_POINT('',(-7.25E-1,-3.743738686817E-1,8.284358225830E-1));
#2515=CARTESIAN_POINT('',(-7.25E-1,-1.939065328302E-1,8.062772199932E-1));
#2516=VERTEX_POINT('',#2514);
#2517=VERTEX_POINT('',#2515);
#2518=CARTESIAN_POINT('',(-1.175E0,-3.743738686817E-1,8.284358225830E-1));
#2519=VERTEX_POINT('',#2518);
#2520=CARTESIAN_POINT('',(-1.175E0,-1.939065328302E-1,8.062772199932E-1));
#2521=VERTEX_POINT('',#2520);
#2522=CARTESIAN_POINT('',(-1.175E0,-5.5E-1,1.026945052911E0));
#2523=CARTESIAN_POINT('',(-1.175E0,-5.5E-1,1.25E0));
#2524=VERTEX_POINT('',#2522);
#2525=VERTEX_POINT('',#2523);
#2526=CARTESIAN_POINT('',(-7.25E-1,-5.5E-1,1.026945052911E0));
#2527=VERTEX_POINT('',#2526);
#2528=CARTESIAN_POINT('',(-7.25E-1,-5.5E-1,1.25E0));
#2529=VERTEX_POINT('',#2528);
#2530=CARTESIAN_POINT('',(-7.25E-1,-4.E-1,1.25E0));
#2531=VERTEX_POINT('',#2530);
#2532=CARTESIAN_POINT('',(-1.175E0,-4.E-1,1.25E0));
#2533=VERTEX_POINT('',#2532);
#2534=CARTESIAN_POINT('',(-7.25E-1,-4.E-1,1.026945052911E0));
#2535=VERTEX_POINT('',#2534);
#2536=CARTESIAN_POINT('',(-1.175E0,-4.E-1,1.026945052911E0));
#2537=VERTEX_POINT('',#2536);
#2538=CARTESIAN_POINT('',(-7.25E-1,-1.756261313187E-1,9.551591427392E-1));
#2539=CARTESIAN_POINT('',(-7.25E-1,-3.560934671701E-1,9.773177453289E-1));
#2540=VERTEX_POINT('',#2538);
#2541=VERTEX_POINT('',#2539);
#2542=CARTESIAN_POINT('',(-1.175E0,-1.756261313187E-1,9.551591427392E-1));
#2543=VERTEX_POINT('',#2542);
#2544=CARTESIAN_POINT('',(-1.175E0,-3.560934671701E-1,9.773177453289E-1));
#2545=VERTEX_POINT('',#2544);
#2546=CARTESIAN_POINT('',(-1.5E0,0.E0,-7.E-1));
#2547=DIRECTION('',(-9.961946980917E-1,8.715574274764E-2,0.E0));
#2548=DIRECTION('',(-8.715574274764E-2,-9.961946980917E-1,0.E0));
#2549=AXIS2_PLACEMENT_3D('',#2546,#2547,#2548);
#2550=PLANE('',#2549);
#2552=ORIENTED_EDGE('',*,*,#2551,.T.);
#2554=ORIENTED_EDGE('',*,*,#2553,.T.);
#2556=ORIENTED_EDGE('',*,*,#2555,.F.);
#2558=ORIENTED_EDGE('',*,*,#2557,.F.);
#2559=EDGE_LOOP('',(#2552,#2554,#2556,#2558));
#2560=FACE_OUTER_BOUND('',#2559,.F.);
#2561=ADVANCED_FACE('',(#2560),#2550,.T.);
#2562=FILL_AREA_STYLE_COLOUR('',#1);
#2563=FILL_AREA_STYLE('',(#2562));
#2564=SURFACE_STYLE_FILL_AREA(#2563);
#2565=SURFACE_SIDE_STYLE('',(#2564));
#2566=SURFACE_STYLE_USAGE(.BOTH.,#2565);
#2567=PRESENTATION_STYLE_ASSIGNMENT((#2566));
#2568=OVER_RIDING_STYLED_ITEM('',(#2567),#2561,#806);
#2569=CARTESIAN_POINT('',(-1.5E0,0.E0,-7.E-1));
#2570=DIRECTION('',(-9.961946980917E-1,-8.715574274764E-2,0.E0));
#2571=DIRECTION('',(8.715574274764E-2,-9.961946980917E-1,0.E0));
#2572=AXIS2_PLACEMENT_3D('',#2569,#2570,#2571);
#2573=PLANE('',#2572);
#2574=ORIENTED_EDGE('',*,*,#2551,.F.);
#2576=ORIENTED_EDGE('',*,*,#2575,.T.);
#2578=ORIENTED_EDGE('',*,*,#2577,.T.);
#2580=ORIENTED_EDGE('',*,*,#2579,.F.);
#2581=EDGE_LOOP('',(#2574,#2576,#2578,#2580));
#2582=FACE_OUTER_BOUND('',#2581,.F.);
#2583=ADVANCED_FACE('',(#2582),#2573,.T.);
#2584=FILL_AREA_STYLE_COLOUR('',#1);
#2585=FILL_AREA_STYLE('',(#2584));
#2586=SURFACE_STYLE_FILL_AREA(#2585);
#2587=SURFACE_SIDE_STYLE('',(#2586));
#2588=SURFACE_STYLE_USAGE(.BOTH.,#2587);
#2589=PRESENTATION_STYLE_ASSIGNMENT((#2588));
#2590=OVER_RIDING_STYLED_ITEM('',(#2589),#2583,#806);
#2591=CARTESIAN_POINT('',(-1.5E0,0.E0,7.E-1));
#2592=DIRECTION('',(0.E0,-8.715574274764E-2,9.961946980917E-1));
#2593=DIRECTION('',(0.E0,-9.961946980917E-1,-8.715574274764E-2));
#2594=AXIS2_PLACEMENT_3D('',#2591,#2592,#2593);
#2595=PLANE('',#2594);
#2597=ORIENTED_EDGE('',*,*,#2596,.T.);
#2599=ORIENTED_EDGE('',*,*,#2598,.F.);
#2601=ORIENTED_EDGE('',*,*,#2600,.T.);
#2603=ORIENTED_EDGE('',*,*,#2602,.F.);
#2605=ORIENTED_EDGE('',*,*,#2604,.T.);
#2607=ORIENTED_EDGE('',*,*,#2606,.T.);
#2609=ORIENTED_EDGE('',*,*,#2608,.T.);
#2611=ORIENTED_EDGE('',*,*,#2610,.F.);
#2613=ORIENTED_EDGE('',*,*,#2612,.T.);
#2615=ORIENTED_EDGE('',*,*,#2614,.T.);
#2617=ORIENTED_EDGE('',*,*,#2616,.T.);
#2619=ORIENTED_EDGE('',*,*,#2618,.F.);
#2621=ORIENTED_EDGE('',*,*,#2620,.T.);
#2623=ORIENTED_EDGE('',*,*,#2622,.T.);
#2624=ORIENTED_EDGE('',*,*,#2575,.F.);
#2626=ORIENTED_EDGE('',*,*,#2625,.F.);
#2627=EDGE_LOOP('',(#2597,#2599,#2601,#2603,#2605,#2607,#2609,#2611,#2613,#2615,
#2617,#2619,#2621,#2623,#2624,#2626));
#2628=FACE_OUTER_BOUND('',#2627,.F.);
#2629=ADVANCED_FACE('',(#2628),#2595,.T.);
#2630=FILL_AREA_STYLE_COLOUR('',#1);
#2631=FILL_AREA_STYLE('',(#2630));
#2632=SURFACE_STYLE_FILL_AREA(#2631);
#2633=SURFACE_SIDE_STYLE('',(#2632));
#2634=SURFACE_STYLE_USAGE(.BOTH.,#2633);
#2635=PRESENTATION_STYLE_ASSIGNMENT((#2634));
#2636=OVER_RIDING_STYLED_ITEM('',(#2635),#2629,#806);
#2637=CARTESIAN_POINT('',(-1.175E0,-2.75E-1,2.132466935826E0));
#2638=DIRECTION('',(-1.E0,0.E0,0.E0));
#2639=DIRECTION('',(0.E0,0.E0,1.E0));
#2640=AXIS2_PLACEMENT_3D('',#2637,#2638,#2639);
#2641=PLANE('',#2640);
#2643=ORIENTED_EDGE('',*,*,#2642,.F.);
#2645=ORIENTED_EDGE('',*,*,#2644,.F.);
#2647=ORIENTED_EDGE('',*,*,#2646,.F.);
#2648=ORIENTED_EDGE('',*,*,#2596,.F.);
#2650=ORIENTED_EDGE('',*,*,#2649,.F.);
#2652=ORIENTED_EDGE('',*,*,#2651,.F.);
#2654=ORIENTED_EDGE('',*,*,#2653,.F.);
#2656=ORIENTED_EDGE('',*,*,#2655,.F.);
#2658=ORIENTED_EDGE('',*,*,#2657,.F.);
#2660=ORIENTED_EDGE('',*,*,#2659,.F.);
#2662=ORIENTED_EDGE('',*,*,#2661,.F.);
#2664=ORIENTED_EDGE('',*,*,#2663,.F.);
#2665=EDGE_LOOP('',(#2643,#2645,#2647,#2648,#2650,#2652,#2654,#2656,#2658,#2660,
#2662,#2664));
#2666=FACE_OUTER_BOUND('',#2665,.F.);
#2667=ADVANCED_FACE('',(#2666),#2641,.T.);
#2668=CARTESIAN_POINT('',(-1.175E0,-4.342127537170E-1,8.357831138070E-1));
#2669=DIRECTION('',(0.E0,-1.218693434050E-1,-9.925461516413E-1));
#2670=DIRECTION('',(0.E0,9.925461516413E-1,-1.218693434050E-1));
#2671=AXIS2_PLACEMENT_3D('',#2668,#2669,#2670);
#2672=PLANE('',#2671);
#2674=ORIENTED_EDGE('',*,*,#2673,.T.);
#2676=ORIENTED_EDGE('',*,*,#2675,.F.);
#2677=ORIENTED_EDGE('',*,*,#2642,.T.);
#2679=ORIENTED_EDGE('',*,*,#2678,.T.);
#2680=EDGE_LOOP('',(#2674,#2676,#2677,#2679));
#2681=FACE_OUTER_BOUND('',#2680,.F.);
#2682=ADVANCED_FACE('',(#2681),#2672,.T.);
#2683=CARTESIAN_POINT('',(-7.25E-1,-2.75E-1,2.132466935826E0));
#2684=DIRECTION('',(-1.E0,0.E0,0.E0));
#2685=DIRECTION('',(0.E0,0.E0,1.E0));
#2686=AXIS2_PLACEMENT_3D('',#2683,#2684,#2685);
#2687=PLANE('',#2686);
#2689=ORIENTED_EDGE('',*,*,#2688,.T.);
#2691=ORIENTED_EDGE('',*,*,#2690,.T.);
#2693=ORIENTED_EDGE('',*,*,#2692,.T.);
#2695=ORIENTED_EDGE('',*,*,#2694,.F.);
#2697=ORIENTED_EDGE('',*,*,#2696,.F.);
#2699=ORIENTED_EDGE('',*,*,#2698,.F.);
#2701=ORIENTED_EDGE('',*,*,#2700,.T.);
#2702=ORIENTED_EDGE('',*,*,#2600,.F.);
#2704=ORIENTED_EDGE('',*,*,#2703,.T.);
#2706=ORIENTED_EDGE('',*,*,#2705,.F.);
#2707=ORIENTED_EDGE('',*,*,#2673,.F.);
#2709=ORIENTED_EDGE('',*,*,#2708,.F.);
#2710=EDGE_LOOP('',(#2689,#2691,#2693,#2695,#2697,#2699,#2701,#2702,#2704,#2706,
#2707,#2709));
#2711=FACE_OUTER_BOUND('',#2710,.F.);
#2712=ADVANCED_FACE('',(#2711),#2687,.F.);
#2713=CARTESIAN_POINT('',(-1.175E0,-5.5E-1,2.132466935826E0));
#2714=DIRECTION('',(0.E0,-1.E0,0.E0));
#2715=DIRECTION('',(0.E0,0.E0,-1.E0));
#2716=AXIS2_PLACEMENT_3D('',#2713,#2714,#2715);
#2717=PLANE('',#2716);
#2718=ORIENTED_EDGE('',*,*,#2661,.T.);
#2720=ORIENTED_EDGE('',*,*,#2719,.F.);
#2721=ORIENTED_EDGE('',*,*,#2688,.F.);
#2723=ORIENTED_EDGE('',*,*,#2722,.T.);
#2724=EDGE_LOOP('',(#2718,#2720,#2721,#2723));
#2725=FACE_OUTER_BOUND('',#2724,.F.);
#2726=ADVANCED_FACE('',(#2725),#2717,.T.);
#2727=CARTESIAN_POINT('',(-1.175E0,-2.75E-1,1.25E0));
#2728=DIRECTION('',(0.E0,0.E0,1.E0));
#2729=DIRECTION('',(1.E0,0.E0,0.E0));
#2730=AXIS2_PLACEMENT_3D('',#2727,#2728,#2729);
#2731=PLANE('',#2730);
#2732=ORIENTED_EDGE('',*,*,#2719,.T.);
#2733=ORIENTED_EDGE('',*,*,#2659,.T.);
#2735=ORIENTED_EDGE('',*,*,#2734,.F.);
#2736=ORIENTED_EDGE('',*,*,#2690,.F.);
#2737=EDGE_LOOP('',(#2732,#2733,#2735,#2736));
#2738=FACE_OUTER_BOUND('',#2737,.F.);
#2739=ADVANCED_FACE('',(#2738),#2731,.T.);
#2740=CARTESIAN_POINT('',(-1.175E0,-4.E-1,2.132466935826E0));
#2741=DIRECTION('',(0.E0,1.E0,0.E0));
#2742=DIRECTION('',(0.E0,0.E0,1.E0));
#2743=AXIS2_PLACEMENT_3D('',#2740,#2741,#2742);
#2744=PLANE('',#2743);
#2745=ORIENTED_EDGE('',*,*,#2692,.F.);
#2746=ORIENTED_EDGE('',*,*,#2734,.T.);
#2747=ORIENTED_EDGE('',*,*,#2657,.T.);
#2749=ORIENTED_EDGE('',*,*,#2748,.F.);
#2750=EDGE_LOOP('',(#2745,#2746,#2747,#2749));
#2751=FACE_OUTER_BOUND('',#2750,.F.);
#2752=ADVANCED_FACE('',(#2751),#2744,.T.);
#2753=CARTESIAN_POINT('',(-1.175E0,-3.5E-1,1.026945052911E0));
#2754=DIRECTION('',(-1.E0,0.E0,0.E0));
#2755=DIRECTION('',(0.E0,0.E0,1.E0));
#2756=AXIS2_PLACEMENT_3D('',#2753,#2754,#2755);
#2757=CYLINDRICAL_SURFACE('',#2756,5.E-2);
#2759=ORIENTED_EDGE('',*,*,#2758,.T.);
#2760=ORIENTED_EDGE('',*,*,#2694,.T.);
#2761=ORIENTED_EDGE('',*,*,#2748,.T.);
#2762=ORIENTED_EDGE('',*,*,#2655,.T.);
#2763=EDGE_LOOP('',(#2759,#2760,#2761,#2762));
#2764=FACE_OUTER_BOUND('',#2763,.F.);
#2765=ADVANCED_FACE('',(#2764),#2757,.F.);
#2766=CARTESIAN_POINT('',(-1.175E0,-4.159323522060E-1,9.846650365530E-1));
#2767=DIRECTION('',(0.E0,1.218693434050E-1,9.925461516413E-1));
#2768=DIRECTION('',(0.E0,-9.925461516413E-1,1.218693434050E-1));
#2769=AXIS2_PLACEMENT_3D('',#2766,#2767,#2768);
#2770=PLANE('',#2769);
#2771=ORIENTED_EDGE('',*,*,#2696,.T.);
#2772=ORIENTED_EDGE('',*,*,#2758,.F.);
#2773=ORIENTED_EDGE('',*,*,#2653,.T.);
#2775=ORIENTED_EDGE('',*,*,#2774,.T.);
#2776=EDGE_LOOP('',(#2771,#2772,#2773,#2775));
#2777=FACE_OUTER_BOUND('',#2776,.F.);
#2778=ADVANCED_FACE('',(#2777),#2770,.T.);
#2779=CARTESIAN_POINT('',(-1.175E0,-2.E-1,7.566499124110E-1));
#2780=DIRECTION('',(1.E0,0.E0,0.E0));
#2781=DIRECTION('',(0.E0,0.E0,-1.E0));
#2782=AXIS2_PLACEMENT_3D('',#2779,#2780,#2781);
#2783=CYLINDRICAL_SURFACE('',#2782,2.E-1);
#2784=ORIENTED_EDGE('',*,*,#2651,.T.);
#2786=ORIENTED_EDGE('',*,*,#2785,.F.);
#2787=ORIENTED_EDGE('',*,*,#2698,.T.);
#2788=ORIENTED_EDGE('',*,*,#2774,.F.);
#2789=EDGE_LOOP('',(#2784,#2786,#2787,#2788));
#2790=FACE_OUTER_BOUND('',#2789,.F.);
#2791=ADVANCED_FACE('',(#2790),#2783,.T.);
#2792=CARTESIAN_POINT('',(-1.175E0,0.E0,2.132466935826E0));
#2793=DIRECTION('',(0.E0,1.E0,0.E0));
#2794=DIRECTION('',(0.E0,0.E0,1.E0));
#2795=AXIS2_PLACEMENT_3D('',#2792,#2793,#2794);
#2796=PLANE('',#2795);
#2797=ORIENTED_EDGE('',*,*,#2649,.T.);
#2799=ORIENTED_EDGE('',*,*,#2798,.F.);
#2800=ORIENTED_EDGE('',*,*,#2700,.F.);
#2801=ORIENTED_EDGE('',*,*,#2785,.T.);
#2802=EDGE_LOOP('',(#2797,#2799,#2800,#2801));
#2803=FACE_OUTER_BOUND('',#2802,.F.);
#2804=ADVANCED_FACE('',(#2803),#2796,.T.);
#2805=CARTESIAN_POINT('',(-1.5E0,0.E0,7.E-1));
#2806=DIRECTION('',(0.E0,8.715574274764E-2,9.961946980917E-1));
#2807=DIRECTION('',(0.E0,-9.961946980917E-1,8.715574274764E-2));
#2808=AXIS2_PLACEMENT_3D('',#2805,#2806,#2807);
#2809=PLANE('',#2808);
#2810=ORIENTED_EDGE('',*,*,#2625,.T.);
#2811=ORIENTED_EDGE('',*,*,#2557,.T.);
#2813=ORIENTED_EDGE('',*,*,#2812,.F.);
#2815=ORIENTED_EDGE('',*,*,#2814,.F.);
#2816=ORIENTED_EDGE('',*,*,#2618,.T.);
#2818=ORIENTED_EDGE('',*,*,#2817,.T.);
#2819=ORIENTED_EDGE('',*,*,#2610,.T.);
#2821=ORIENTED_EDGE('',*,*,#2820,.T.);
#2822=ORIENTED_EDGE('',*,*,#2602,.T.);
#2823=ORIENTED_EDGE('',*,*,#2798,.T.);
#2824=EDGE_LOOP('',(#2810,#2811,#2813,#2815,#2816,#2818,#2819,#2821,#2822,
#2823));
#2825=FACE_OUTER_BOUND('',#2824,.F.);
#2826=ADVANCED_FACE('',(#2825),#2809,.T.);
#2827=FILL_AREA_STYLE_COLOUR('',#1);
#2828=FILL_AREA_STYLE('',(#2827));
#2829=SURFACE_STYLE_FILL_AREA(#2828);
#2830=SURFACE_SIDE_STYLE('',(#2829));
#2831=SURFACE_STYLE_USAGE(.BOTH.,#2830);
#2832=PRESENTATION_STYLE_ASSIGNMENT((#2831));
#2833=OVER_RIDING_STYLED_ITEM('',(#2832),#2826,#806);
#2834=CARTESIAN_POINT('',(-1.5E0,5.5E-1,7.E-1));
#2835=DIRECTION('',(0.E0,1.E0,0.E0));
#2836=DIRECTION('',(0.E0,0.E0,1.E0));
#2837=AXIS2_PLACEMENT_3D('',#2834,#2835,#2836);
#2838=PLANE('',#2837);
#2839=ORIENTED_EDGE('',*,*,#2555,.T.);
#2841=ORIENTED_EDGE('',*,*,#2840,.T.);
#2843=ORIENTED_EDGE('',*,*,#2842,.T.);
#2844=ORIENTED_EDGE('',*,*,#2812,.T.);
#2845=EDGE_LOOP('',(#2839,#2841,#2843,#2844));
#2846=FACE_OUTER_BOUND('',#2845,.F.);
#2847=ADVANCED_FACE('',(#2846),#2838,.T.);
#2848=FILL_AREA_STYLE_COLOUR('',#1);
#2849=FILL_AREA_STYLE('',(#2848));
#2850=SURFACE_STYLE_FILL_AREA(#2849);
#2851=SURFACE_SIDE_STYLE('',(#2850));
#2852=SURFACE_STYLE_USAGE(.BOTH.,#2851);
#2853=PRESENTATION_STYLE_ASSIGNMENT((#2852));
#2854=OVER_RIDING_STYLED_ITEM('',(#2853),#2847,#806);
#2855=CARTESIAN_POINT('',(-1.5E0,0.E0,-7.E-1));
#2856=DIRECTION('',(0.E0,8.715574274764E-2,-9.961946980917E-1));
#2857=DIRECTION('',(0.E0,9.961946980917E-1,8.715574274764E-2));
#2858=AXIS2_PLACEMENT_3D('',#2855,#2856,#2857);
#2859=PLANE('',#2858);
#2861=ORIENTED_EDGE('',*,*,#2860,.T.);
#2863=ORIENTED_EDGE('',*,*,#2862,.T.);
#2864=ORIENTED_EDGE('',*,*,#2840,.F.);
#2865=ORIENTED_EDGE('',*,*,#2553,.F.);
#2867=ORIENTED_EDGE('',*,*,#2866,.T.);
#2869=ORIENTED_EDGE('',*,*,#2868,.T.);
#2871=ORIENTED_EDGE('',*,*,#2870,.T.);
#2873=ORIENTED_EDGE('',*,*,#2872,.T.);
#2874=EDGE_LOOP('',(#2861,#2863,#2864,#2865,#2867,#2869,#2871,#2873));
#2875=FACE_OUTER_BOUND('',#2874,.F.);
#2876=ADVANCED_FACE('',(#2875),#2859,.T.);
#2877=FILL_AREA_STYLE_COLOUR('',#1);
#2878=FILL_AREA_STYLE('',(#2877));
#2879=SURFACE_STYLE_FILL_AREA(#2878);
#2880=SURFACE_SIDE_STYLE('',(#2879));
#2881=SURFACE_STYLE_USAGE(.BOTH.,#2880);
#2882=PRESENTATION_STYLE_ASSIGNMENT((#2881));
#2883=OVER_RIDING_STYLED_ITEM('',(#2882),#2876,#806);
#2884=CARTESIAN_POINT('',(-1.5E0,0.E0,-7.E-1));
#2885=DIRECTION('',(0.E0,-8.715574274764E-2,-9.961946980917E-1));
#2886=DIRECTION('',(0.E0,9.961946980917E-1,-8.715574274764E-2));
#2887=AXIS2_PLACEMENT_3D('',#2884,#2885,#2886);
#2888=PLANE('',#2887);
#2890=ORIENTED_EDGE('',*,*,#2889,.T.);
#2891=ORIENTED_EDGE('',*,*,#2866,.F.);
#2892=ORIENTED_EDGE('',*,*,#2579,.T.);
#2894=ORIENTED_EDGE('',*,*,#2893,.T.);
#2896=ORIENTED_EDGE('',*,*,#2895,.F.);
#2897=ORIENTED_EDGE('',*,*,#2860,.F.);
#2899=ORIENTED_EDGE('',*,*,#2898,.T.);
#2901=ORIENTED_EDGE('',*,*,#2900,.F.);
#2903=ORIENTED_EDGE('',*,*,#2902,.T.);
#2904=ORIENTED_EDGE('',*,*,#2870,.F.);
#2906=ORIENTED_EDGE('',*,*,#2905,.T.);
#2908=ORIENTED_EDGE('',*,*,#2907,.T.);
#2909=EDGE_LOOP('',(#2890,#2891,#2892,#2894,#2896,#2897,#2899,#2901,#2903,#2904,
#2906,#2908));
#2910=FACE_OUTER_BOUND('',#2909,.F.);
#2911=ADVANCED_FACE('',(#2910),#2888,.T.);
#2912=FILL_AREA_STYLE_COLOUR('',#1);
#2913=FILL_AREA_STYLE('',(#2912));
#2914=SURFACE_STYLE_FILL_AREA(#2913);
#2915=SURFACE_SIDE_STYLE('',(#2914));
#2916=SURFACE_STYLE_USAGE(.BOTH.,#2915);
#2917=PRESENTATION_STYLE_ASSIGNMENT((#2916));
#2918=OVER_RIDING_STYLED_ITEM('',(#2917),#2911,#806);
#2919=CARTESIAN_POINT('',(-1.175E0,-2.75E-1,-2.132466935826E0));
#2920=DIRECTION('',(-1.E0,0.E0,0.E0));
#2921=DIRECTION('',(0.E0,0.E0,-1.E0));
#2922=AXIS2_PLACEMENT_3D('',#2919,#2920,#2921);
#2923=PLANE('',#2922);
#2925=ORIENTED_EDGE('',*,*,#2924,.T.);
#2927=ORIENTED_EDGE('',*,*,#2926,.T.);
#2929=ORIENTED_EDGE('',*,*,#2928,.T.);
#2931=ORIENTED_EDGE('',*,*,#2930,.F.);
#2933=ORIENTED_EDGE('',*,*,#2932,.F.);
#2935=ORIENTED_EDGE('',*,*,#2934,.F.);
#2937=ORIENTED_EDGE('',*,*,#2936,.T.);
#2938=ORIENTED_EDGE('',*,*,#2889,.F.);
#2940=ORIENTED_EDGE('',*,*,#2939,.T.);
#2942=ORIENTED_EDGE('',*,*,#2941,.F.);
#2944=ORIENTED_EDGE('',*,*,#2943,.F.);
#2946=ORIENTED_EDGE('',*,*,#2945,.F.);
#2947=EDGE_LOOP('',(#2925,#2927,#2929,#2931,#2933,#2935,#2937,#2938,#2940,#2942,
#2944,#2946));
#2948=FACE_OUTER_BOUND('',#2947,.F.);
#2949=ADVANCED_FACE('',(#2948),#2923,.T.);
#2950=CARTESIAN_POINT('',(-1.175E0,-5.5E-1,-2.132466935826E0));
#2951=DIRECTION('',(0.E0,1.E0,0.E0));
#2952=DIRECTION('',(0.E0,0.E0,1.E0));
#2953=AXIS2_PLACEMENT_3D('',#2950,#2951,#2952);
#2954=PLANE('',#2953);
#2956=ORIENTED_EDGE('',*,*,#2955,.T.);
#2958=ORIENTED_EDGE('',*,*,#2957,.T.);
#2959=ORIENTED_EDGE('',*,*,#2924,.F.);
#2961=ORIENTED_EDGE('',*,*,#2960,.T.);
#2962=EDGE_LOOP('',(#2956,#2958,#2959,#2961));
#2963=FACE_OUTER_BOUND('',#2962,.F.);
#2964=ADVANCED_FACE('',(#2963),#2954,.F.);
#2965=CARTESIAN_POINT('',(-7.25E-1,-2.75E-1,-2.132466935826E0));
#2966=DIRECTION('',(-1.E0,0.E0,0.E0));
#2967=DIRECTION('',(0.E0,0.E0,-1.E0));
#2968=AXIS2_PLACEMENT_3D('',#2965,#2966,#2967);
#2969=PLANE('',#2968);
#2971=ORIENTED_EDGE('',*,*,#2970,.F.);
#2973=ORIENTED_EDGE('',*,*,#2972,.F.);
#2975=ORIENTED_EDGE('',*,*,#2974,.F.);
#2976=ORIENTED_EDGE('',*,*,#2905,.F.);
#2978=ORIENTED_EDGE('',*,*,#2977,.F.);
#2980=ORIENTED_EDGE('',*,*,#2979,.F.);
#2982=ORIENTED_EDGE('',*,*,#2981,.F.);
#2984=ORIENTED_EDGE('',*,*,#2983,.F.);
#2986=ORIENTED_EDGE('',*,*,#2985,.F.);
#2988=ORIENTED_EDGE('',*,*,#2987,.F.);
#2989=ORIENTED_EDGE('',*,*,#2955,.F.);
#2991=ORIENTED_EDGE('',*,*,#2990,.F.);
#2992=EDGE_LOOP('',(#2971,#2973,#2975,#2976,#2978,#2980,#2982,#2984,#2986,#2988,
#2989,#2991));
#2993=FACE_OUTER_BOUND('',#2992,.F.);
#2994=ADVANCED_FACE('',(#2993),#2969,.F.);
#2995=CARTESIAN_POINT('',(-1.175E0,-4.342127537170E-1,-8.357831138070E-1));
#2996=DIRECTION('',(0.E0,1.218693434050E-1,-9.925461516413E-1));
#2997=DIRECTION('',(0.E0,9.925461516413E-1,1.218693434050E-1));
#2998=AXIS2_PLACEMENT_3D('',#2995,#2996,#2997);
#2999=PLANE('',#2998);
#3000=ORIENTED_EDGE('',*,*,#2943,.T.);
#3002=ORIENTED_EDGE('',*,*,#3001,.F.);
#3003=ORIENTED_EDGE('',*,*,#2970,.T.);
#3005=ORIENTED_EDGE('',*,*,#3004,.T.);
#3006=EDGE_LOOP('',(#3000,#3002,#3003,#3005));
#3007=FACE_OUTER_BOUND('',#3006,.F.);
#3008=ADVANCED_FACE('',(#3007),#2999,.F.);
#3009=CARTESIAN_POINT('',(-1.175E0,-2.E-1,-7.566499124110E-1));
#3010=DIRECTION('',(-1.E0,0.E0,0.E0));
#3011=DIRECTION('',(0.E0,0.E0,1.E0));
#3012=AXIS2_PLACEMENT_3D('',#3009,#3010,#3011);
#3013=CYLINDRICAL_SURFACE('',#3012,5.E-2);
#3015=ORIENTED_EDGE('',*,*,#3014,.T.);
#3016=ORIENTED_EDGE('',*,*,#2972,.T.);
#3017=ORIENTED_EDGE('',*,*,#3001,.T.);
#3018=ORIENTED_EDGE('',*,*,#2941,.T.);
#3019=EDGE_LOOP('',(#3015,#3016,#3017,#3018));
#3020=FACE_OUTER_BOUND('',#3019,.F.);
#3021=ADVANCED_FACE('',(#3020),#3013,.F.);
#3022=CARTESIAN_POINT('',(-1.175E0,-1.5E-1,-2.132466935826E0));
#3023=DIRECTION('',(0.E0,1.E0,0.E0));
#3024=DIRECTION('',(0.E0,0.E0,1.E0));
#3025=AXIS2_PLACEMENT_3D('',#3022,#3023,#3024);
#3026=PLANE('',#3025);
#3027=ORIENTED_EDGE('',*,*,#2939,.F.);
#3028=ORIENTED_EDGE('',*,*,#2907,.F.);
#3029=ORIENTED_EDGE('',*,*,#2974,.T.);
#3030=ORIENTED_EDGE('',*,*,#3014,.F.);
#3031=EDGE_LOOP('',(#3027,#3028,#3029,#3030));
#3032=FACE_OUTER_BOUND('',#3031,.F.);
#3033=ADVANCED_FACE('',(#3032),#3026,.F.);
#3034=CARTESIAN_POINT('',(-1.175E0,-3.5E-1,-1.026945052911E0));
#3035=DIRECTION('',(1.E0,0.E0,0.E0));
#3036=DIRECTION('',(0.E0,0.E0,-1.E0));
#3037=AXIS2_PLACEMENT_3D('',#3034,#3035,#3036);
#3038=CYLINDRICAL_SURFACE('',#3037,2.E-1);
#3039=ORIENTED_EDGE('',*,*,#2945,.T.);
#3040=ORIENTED_EDGE('',*,*,#3004,.F.);
#3041=ORIENTED_EDGE('',*,*,#2990,.T.);
#3042=ORIENTED_EDGE('',*,*,#2960,.F.);
#3043=EDGE_LOOP('',(#3039,#3040,#3041,#3042));
#3044=FACE_OUTER_BOUND('',#3043,.F.);
#3045=ADVANCED_FACE('',(#3044),#3038,.T.);
#3046=CARTESIAN_POINT('',(-1.175E0,0.E0,-2.132466935826E0));
#3047=DIRECTION('',(0.E0,-1.E0,0.E0));
#3048=DIRECTION('',(0.E0,0.E0,-1.E0));
#3049=AXIS2_PLACEMENT_3D('',#3046,#3047,#3048);
#3050=PLANE('',#3049);
#3051=ORIENTED_EDGE('',*,*,#2977,.T.);
#3052=ORIENTED_EDGE('',*,*,#2868,.F.);
#3053=ORIENTED_EDGE('',*,*,#2936,.F.);
#3055=ORIENTED_EDGE('',*,*,#3054,.T.);
#3056=EDGE_LOOP('',(#3051,#3052,#3053,#3055));
#3057=FACE_OUTER_BOUND('',#3056,.F.);
#3058=ADVANCED_FACE('',(#3057),#3050,.F.);
#3059=CARTESIAN_POINT('',(-1.175E0,-2.E-1,-7.566499124110E-1));
#3060=DIRECTION('',(1.E0,0.E0,0.E0));
#3061=DIRECTION('',(0.E0,0.E0,-1.E0));
#3062=AXIS2_PLACEMENT_3D('',#3059,#3060,#3061);
#3063=CYLINDRICAL_SURFACE('',#3062,2.E-1);
#3064=ORIENTED_EDGE('',*,*,#2934,.T.);
#3066=ORIENTED_EDGE('',*,*,#3065,.F.);
#3067=ORIENTED_EDGE('',*,*,#2979,.T.);
#3068=ORIENTED_EDGE('',*,*,#3054,.F.);
#3069=EDGE_LOOP('',(#3064,#3066,#3067,#3068));
#3070=FACE_OUTER_BOUND('',#3069,.F.);
#3071=ADVANCED_FACE('',(#3070),#3063,.T.);
#3072=CARTESIAN_POINT('',(-1.175E0,-4.159323522060E-1,-9.846650365530E-1));
#3073=DIRECTION('',(0.E0,-1.218693434050E-1,9.925461516413E-1));
#3074=DIRECTION('',(0.E0,-9.925461516413E-1,-1.218693434050E-1));
#3075=AXIS2_PLACEMENT_3D('',#3072,#3073,#3074);
#3076=PLANE('',#3075);
#3077=ORIENTED_EDGE('',*,*,#2932,.T.);
#3079=ORIENTED_EDGE('',*,*,#3078,.F.);
#3080=ORIENTED_EDGE('',*,*,#2981,.T.);
#3081=ORIENTED_EDGE('',*,*,#3065,.T.);
#3082=EDGE_LOOP('',(#3077,#3079,#3080,#3081));
#3083=FACE_OUTER_BOUND('',#3082,.F.);
#3084=ADVANCED_FACE('',(#3083),#3076,.F.);
#3085=CARTESIAN_POINT('',(-1.175E0,-3.5E-1,-1.026945052911E0));
#3086=DIRECTION('',(-1.E0,0.E0,0.E0));
#3087=DIRECTION('',(0.E0,0.E0,1.E0));
#3088=AXIS2_PLACEMENT_3D('',#3085,#3086,#3087);
#3089=CYLINDRICAL_SURFACE('',#3088,5.E-2);
#3091=ORIENTED_EDGE('',*,*,#3090,.T.);
#3092=ORIENTED_EDGE('',*,*,#2983,.T.);
#3093=ORIENTED_EDGE('',*,*,#3078,.T.);
#3094=ORIENTED_EDGE('',*,*,#2930,.T.);
#3095=EDGE_LOOP('',(#3091,#3092,#3093,#3094));
#3096=FACE_OUTER_BOUND('',#3095,.F.);
#3097=ADVANCED_FACE('',(#3096),#3089,.F.);
#3098=CARTESIAN_POINT('',(-1.175E0,-4.E-1,-2.132466935826E0));
#3099=DIRECTION('',(0.E0,-1.E0,0.E0));
#3100=DIRECTION('',(0.E0,0.E0,-1.E0));
#3101=AXIS2_PLACEMENT_3D('',#3098,#3099,#3100);
#3102=PLANE('',#3101);
#3103=ORIENTED_EDGE('',*,*,#2928,.F.);
#3105=ORIENTED_EDGE('',*,*,#3104,.F.);
#3106=ORIENTED_EDGE('',*,*,#2985,.T.);
#3107=ORIENTED_EDGE('',*,*,#3090,.F.);
#3108=EDGE_LOOP('',(#3103,#3105,#3106,#3107));
#3109=FACE_OUTER_BOUND('',#3108,.F.);
#3110=ADVANCED_FACE('',(#3109),#3102,.F.);
#3111=CARTESIAN_POINT('',(-1.175E0,-2.75E-1,-1.25E0));
#3112=DIRECTION('',(0.E0,0.E0,1.E0));
#3113=DIRECTION('',(1.E0,0.E0,0.E0));
#3114=AXIS2_PLACEMENT_3D('',#3111,#3112,#3113);
#3115=PLANE('',#3114);
#3116=ORIENTED_EDGE('',*,*,#3104,.T.);
#3117=ORIENTED_EDGE('',*,*,#2926,.F.);
#3118=ORIENTED_EDGE('',*,*,#2957,.F.);
#3119=ORIENTED_EDGE('',*,*,#2987,.T.);
#3120=EDGE_LOOP('',(#3116,#3117,#3118,#3119));
#3121=FACE_OUTER_BOUND('',#3120,.F.);
#3122=ADVANCED_FACE('',(#3121),#3115,.F.);
#3123=CARTESIAN_POINT('',(-1.5E0,-4.5E-1,7.E-1));
#3124=DIRECTION('',(0.E0,1.E0,0.E0));
#3125=DIRECTION('',(0.E0,0.E0,1.E0));
#3126=AXIS2_PLACEMENT_3D('',#3123,#3124,#3125);
#3127=PLANE('',#3126);
#3128=ORIENTED_EDGE('',*,*,#2577,.F.);
#3129=ORIENTED_EDGE('',*,*,#2622,.F.);
#3131=ORIENTED_EDGE('',*,*,#3130,.F.);
#3132=ORIENTED_EDGE('',*,*,#2893,.F.);
#3133=EDGE_LOOP('',(#3128,#3129,#3131,#3132));
#3134=FACE_OUTER_BOUND('',#3133,.F.);
#3135=ADVANCED_FACE('',(#3134),#3127,.F.);
#3136=FILL_AREA_STYLE_COLOUR('',#1);
#3137=FILL_AREA_STYLE('',(#3136));
#3138=SURFACE_STYLE_FILL_AREA(#3137);
#3139=SURFACE_SIDE_STYLE('',(#3138));
#3140=SURFACE_STYLE_USAGE(.BOTH.,#3139);
#3141=PRESENTATION_STYLE_ASSIGNMENT((#3140));
#3142=OVER_RIDING_STYLED_ITEM('',(#3141),#3135,#806);
#3143=CARTESIAN_POINT('',(1.5E0,0.E0,-7.E-1));
#3144=DIRECTION('',(9.961946980917E-1,-8.715574274764E-2,0.E0));
#3145=DIRECTION('',(8.715574274764E-2,9.961946980917E-1,0.E0));
#3146=AXIS2_PLACEMENT_3D('',#3143,#3144,#3145);
#3147=PLANE('',#3146);
#3149=ORIENTED_EDGE('',*,*,#3148,.F.);
#3150=ORIENTED_EDGE('',*,*,#2895,.T.);
#3151=ORIENTED_EDGE('',*,*,#3130,.T.);
#3152=ORIENTED_EDGE('',*,*,#2620,.F.);
#3153=EDGE_LOOP('',(#3149,#3150,#3151,#3152));
#3154=FACE_OUTER_BOUND('',#3153,.F.);
#3155=ADVANCED_FACE('',(#3154),#3147,.T.);
#3156=FILL_AREA_STYLE_COLOUR('',#1);
#3157=FILL_AREA_STYLE('',(#3156));
#3158=SURFACE_STYLE_FILL_AREA(#3157);
#3159=SURFACE_SIDE_STYLE('',(#3158));
#3160=SURFACE_STYLE_USAGE(.BOTH.,#3159);
#3161=PRESENTATION_STYLE_ASSIGNMENT((#3160));
#3162=OVER_RIDING_STYLED_ITEM('',(#3161),#3155,#806);
#3163=CARTESIAN_POINT('',(1.5E0,0.E0,-7.E-1));
#3164=DIRECTION('',(9.961946980917E-1,8.715574274764E-2,0.E0));
#3165=DIRECTION('',(-8.715574274764E-2,9.961946980917E-1,0.E0));
#3166=AXIS2_PLACEMENT_3D('',#3163,#3164,#3165);
#3167=PLANE('',#3166);
#3168=ORIENTED_EDGE('',*,*,#3148,.T.);
#3169=ORIENTED_EDGE('',*,*,#2814,.T.);
#3170=ORIENTED_EDGE('',*,*,#2842,.F.);
#3171=ORIENTED_EDGE('',*,*,#2862,.F.);
#3172=EDGE_LOOP('',(#3168,#3169,#3170,#3171));
#3173=FACE_OUTER_BOUND('',#3172,.F.);
#3174=ADVANCED_FACE('',(#3173),#3167,.T.);
#3175=FILL_AREA_STYLE_COLOUR('',#1);
#3176=FILL_AREA_STYLE('',(#3175));
#3177=SURFACE_STYLE_FILL_AREA(#3176);
#3178=SURFACE_SIDE_STYLE('',(#3177));
#3179=SURFACE_STYLE_USAGE(.BOTH.,#3178);
#3180=PRESENTATION_STYLE_ASSIGNMENT((#3179));
#3181=OVER_RIDING_STYLED_ITEM('',(#3180),#3174,#806);
#3182=CARTESIAN_POINT('',(1.175E0,-2.75E-1,-2.132466935826E0));
#3183=DIRECTION('',(1.E0,0.E0,0.E0));
#3184=DIRECTION('',(0.E0,0.E0,-1.E0));
#3185=AXIS2_PLACEMENT_3D('',#3182,#3183,#3184);
#3186=PLANE('',#3185);
#3188=ORIENTED_EDGE('',*,*,#3187,.F.);
#3190=ORIENTED_EDGE('',*,*,#3189,.F.);
#3192=ORIENTED_EDGE('',*,*,#3191,.F.);
#3193=ORIENTED_EDGE('',*,*,#2898,.F.);
#3195=ORIENTED_EDGE('',*,*,#3194,.F.);
#3197=ORIENTED_EDGE('',*,*,#3196,.F.);
#3199=ORIENTED_EDGE('',*,*,#3198,.F.);
#3201=ORIENTED_EDGE('',*,*,#3200,.F.);
#3203=ORIENTED_EDGE('',*,*,#3202,.F.);
#3205=ORIENTED_EDGE('',*,*,#3204,.F.);
#3207=ORIENTED_EDGE('',*,*,#3206,.F.);
#3209=ORIENTED_EDGE('',*,*,#3208,.F.);
#3210=EDGE_LOOP('',(#3188,#3190,#3192,#3193,#3195,#3197,#3199,#3201,#3203,#3205,
#3207,#3209));
#3211=FACE_OUTER_BOUND('',#3210,.F.);
#3212=ADVANCED_FACE('',(#3211),#3186,.T.);
#3213=CARTESIAN_POINT('',(1.175E0,-4.342127537170E-1,-8.357831138070E-1));
#3214=DIRECTION('',(0.E0,-1.218693434050E-1,9.925461516413E-1));
#3215=DIRECTION('',(0.E0,-9.925461516413E-1,-1.218693434050E-1));
#3216=AXIS2_PLACEMENT_3D('',#3213,#3214,#3215);
#3217=PLANE('',#3216);
#3219=ORIENTED_EDGE('',*,*,#3218,.T.);
#3221=ORIENTED_EDGE('',*,*,#3220,.F.);
#3222=ORIENTED_EDGE('',*,*,#3187,.T.);
#3224=ORIENTED_EDGE('',*,*,#3223,.T.);
#3225=EDGE_LOOP('',(#3219,#3221,#3222,#3224));
#3226=FACE_OUTER_BOUND('',#3225,.F.);
#3227=ADVANCED_FACE('',(#3226),#3217,.T.);
#3228=CARTESIAN_POINT('',(7.25E-1,-2.75E-1,-2.132466935826E0));
#3229=DIRECTION('',(1.E0,0.E0,0.E0));
#3230=DIRECTION('',(0.E0,0.E0,-1.E0));
#3231=AXIS2_PLACEMENT_3D('',#3228,#3229,#3230);
#3232=PLANE('',#3231);
#3234=ORIENTED_EDGE('',*,*,#3233,.T.);
#3236=ORIENTED_EDGE('',*,*,#3235,.T.);
#3238=ORIENTED_EDGE('',*,*,#3237,.T.);
#3240=ORIENTED_EDGE('',*,*,#3239,.F.);
#3242=ORIENTED_EDGE('',*,*,#3241,.F.);
#3244=ORIENTED_EDGE('',*,*,#3243,.F.);
#3246=ORIENTED_EDGE('',*,*,#3245,.T.);
#3247=ORIENTED_EDGE('',*,*,#2902,.F.);
#3249=ORIENTED_EDGE('',*,*,#3248,.T.);
#3251=ORIENTED_EDGE('',*,*,#3250,.F.);
#3252=ORIENTED_EDGE('',*,*,#3218,.F.);
#3254=ORIENTED_EDGE('',*,*,#3253,.F.);
#3255=EDGE_LOOP('',(#3234,#3236,#3238,#3240,#3242,#3244,#3246,#3247,#3249,#3251,
#3252,#3254));
#3256=FACE_OUTER_BOUND('',#3255,.F.);
#3257=ADVANCED_FACE('',(#3256),#3232,.F.);
#3258=CARTESIAN_POINT('',(1.175E0,-5.5E-1,-2.132466935826E0));
#3259=DIRECTION('',(0.E0,-1.E0,0.E0));
#3260=DIRECTION('',(0.E0,0.E0,-1.E0));
#3261=AXIS2_PLACEMENT_3D('',#3258,#3259,#3260);
#3262=PLANE('',#3261);
#3263=ORIENTED_EDGE('',*,*,#3206,.T.);
#3265=ORIENTED_EDGE('',*,*,#3264,.F.);
#3266=ORIENTED_EDGE('',*,*,#3233,.F.);
#3268=ORIENTED_EDGE('',*,*,#3267,.T.);
#3269=EDGE_LOOP('',(#3263,#3265,#3266,#3268));
#3270=FACE_OUTER_BOUND('',#3269,.F.);
#3271=ADVANCED_FACE('',(#3270),#3262,.T.);
#3272=CARTESIAN_POINT('',(1.175E0,-2.75E-1,-1.25E0));
#3273=DIRECTION('',(0.E0,0.E0,-1.E0));
#3274=DIRECTION('',(-1.E0,0.E0,0.E0));
#3275=AXIS2_PLACEMENT_3D('',#3272,#3273,#3274);
#3276=PLANE('',#3275);
#3277=ORIENTED_EDGE('',*,*,#3264,.T.);
#3278=ORIENTED_EDGE('',*,*,#3204,.T.);
#3280=ORIENTED_EDGE('',*,*,#3279,.F.);
#3281=ORIENTED_EDGE('',*,*,#3235,.F.);
#3282=EDGE_LOOP('',(#3277,#3278,#3280,#3281));
#3283=FACE_OUTER_BOUND('',#3282,.F.);
#3284=ADVANCED_FACE('',(#3283),#3276,.T.);
#3285=CARTESIAN_POINT('',(1.175E0,-4.E-1,-2.132466935826E0));
#3286=DIRECTION('',(0.E0,1.E0,0.E0));
#3287=DIRECTION('',(0.E0,0.E0,1.E0));
#3288=AXIS2_PLACEMENT_3D('',#3285,#3286,#3287);
#3289=PLANE('',#3288);
#3290=ORIENTED_EDGE('',*,*,#3237,.F.);
#3291=ORIENTED_EDGE('',*,*,#3279,.T.);
#3292=ORIENTED_EDGE('',*,*,#3202,.T.);
#3294=ORIENTED_EDGE('',*,*,#3293,.F.);
#3295=EDGE_LOOP('',(#3290,#3291,#3292,#3294));
#3296=FACE_OUTER_BOUND('',#3295,.F.);
#3297=ADVANCED_FACE('',(#3296),#3289,.T.);
#3298=CARTESIAN_POINT('',(1.175E0,-3.5E-1,-1.026945052911E0));
#3299=DIRECTION('',(1.E0,0.E0,0.E0));
#3300=DIRECTION('',(0.E0,0.E0,-1.E0));
#3301=AXIS2_PLACEMENT_3D('',#3298,#3299,#3300);
#3302=CYLINDRICAL_SURFACE('',#3301,5.E-2);
#3304=ORIENTED_EDGE('',*,*,#3303,.T.);
#3305=ORIENTED_EDGE('',*,*,#3239,.T.);
#3306=ORIENTED_EDGE('',*,*,#3293,.T.);
#3307=ORIENTED_EDGE('',*,*,#3200,.T.);
#3308=EDGE_LOOP('',(#3304,#3305,#3306,#3307));
#3309=FACE_OUTER_BOUND('',#3308,.F.);
#3310=ADVANCED_FACE('',(#3309),#3302,.F.);
#3311=CARTESIAN_POINT('',(1.175E0,-4.159323522060E-1,-9.846650365530E-1));
#3312=DIRECTION('',(0.E0,1.218693434050E-1,-9.925461516413E-1));
#3313=DIRECTION('',(0.E0,9.925461516413E-1,1.218693434050E-1));
#3314=AXIS2_PLACEMENT_3D('',#3311,#3312,#3313);
#3315=PLANE('',#3314);
#3316=ORIENTED_EDGE('',*,*,#3241,.T.);
#3317=ORIENTED_EDGE('',*,*,#3303,.F.);
#3318=ORIENTED_EDGE('',*,*,#3198,.T.);
#3320=ORIENTED_EDGE('',*,*,#3319,.T.);
#3321=EDGE_LOOP('',(#3316,#3317,#3318,#3320));
#3322=FACE_OUTER_BOUND('',#3321,.F.);
#3323=ADVANCED_FACE('',(#3322),#3315,.T.);
#3324=CARTESIAN_POINT('',(1.175E0,-2.E-1,-7.566499124110E-1));
#3325=DIRECTION('',(-1.E0,0.E0,0.E0));
#3326=DIRECTION('',(0.E0,0.E0,1.E0));
#3327=AXIS2_PLACEMENT_3D('',#3324,#3325,#3326);
#3328=CYLINDRICAL_SURFACE('',#3327,2.E-1);
#3329=ORIENTED_EDGE('',*,*,#3196,.T.);
#3331=ORIENTED_EDGE('',*,*,#3330,.F.);
#3332=ORIENTED_EDGE('',*,*,#3243,.T.);
#3333=ORIENTED_EDGE('',*,*,#3319,.F.);
#3334=EDGE_LOOP('',(#3329,#3331,#3332,#3333));
#3335=FACE_OUTER_BOUND('',#3334,.F.);
#3336=ADVANCED_FACE('',(#3335),#3328,.T.);
#3337=CARTESIAN_POINT('',(1.175E0,0.E0,-2.132466935826E0));
#3338=DIRECTION('',(0.E0,1.E0,0.E0));
#3339=DIRECTION('',(0.E0,0.E0,1.E0));
#3340=AXIS2_PLACEMENT_3D('',#3337,#3338,#3339);
#3341=PLANE('',#3340);
#3342=ORIENTED_EDGE('',*,*,#3194,.T.);
#3343=ORIENTED_EDGE('',*,*,#2872,.F.);
#3344=ORIENTED_EDGE('',*,*,#3245,.F.);
#3345=ORIENTED_EDGE('',*,*,#3330,.T.);
#3346=EDGE_LOOP('',(#3342,#3343,#3344,#3345));
#3347=FACE_OUTER_BOUND('',#3346,.F.);
#3348=ADVANCED_FACE('',(#3347),#3341,.T.);
#3349=CARTESIAN_POINT('',(1.175E0,-3.5E-1,-1.026945052911E0));
#3350=DIRECTION('',(-1.E0,0.E0,0.E0));
#3351=DIRECTION('',(0.E0,0.E0,1.E0));
#3352=AXIS2_PLACEMENT_3D('',#3349,#3350,#3351);
#3353=CYLINDRICAL_SURFACE('',#3352,2.E-1);
#3354=ORIENTED_EDGE('',*,*,#3208,.T.);
#3355=ORIENTED_EDGE('',*,*,#3267,.F.);
#3356=ORIENTED_EDGE('',*,*,#3253,.T.);
#3357=ORIENTED_EDGE('',*,*,#3223,.F.);
#3358=EDGE_LOOP('',(#3354,#3355,#3356,#3357));
#3359=FACE_OUTER_BOUND('',#3358,.F.);
#3360=ADVANCED_FACE('',(#3359),#3353,.T.);
#3361=CARTESIAN_POINT('',(1.175E0,-1.5E-1,-2.132466935826E0));
#3362=DIRECTION('',(0.E0,-1.E0,0.E0));
#3363=DIRECTION('',(0.E0,0.E0,-1.E0));
#3364=AXIS2_PLACEMENT_3D('',#3361,#3362,#3363);
#3365=PLANE('',#3364);
#3366=ORIENTED_EDGE('',*,*,#3248,.F.);
#3367=ORIENTED_EDGE('',*,*,#2900,.T.);
#3368=ORIENTED_EDGE('',*,*,#3191,.T.);
#3370=ORIENTED_EDGE('',*,*,#3369,.F.);
#3371=EDGE_LOOP('',(#3366,#3367,#3368,#3370));
#3372=FACE_OUTER_BOUND('',#3371,.F.);
#3373=ADVANCED_FACE('',(#3372),#3365,.T.);
#3374=CARTESIAN_POINT('',(1.175E0,-2.E-1,-7.566499124110E-1));
#3375=DIRECTION('',(1.E0,0.E0,0.E0));
#3376=DIRECTION('',(0.E0,0.E0,-1.E0));
#3377=AXIS2_PLACEMENT_3D('',#3374,#3375,#3376);
#3378=CYLINDRICAL_SURFACE('',#3377,5.E-2);
#3379=ORIENTED_EDGE('',*,*,#3220,.T.);
#3380=ORIENTED_EDGE('',*,*,#3250,.T.);
#3381=ORIENTED_EDGE('',*,*,#3369,.T.);
#3382=ORIENTED_EDGE('',*,*,#3189,.T.);
#3383=EDGE_LOOP('',(#3379,#3380,#3381,#3382));
#3384=FACE_OUTER_BOUND('',#3383,.F.);
#3385=ADVANCED_FACE('',(#3384),#3378,.F.);
#3386=CARTESIAN_POINT('',(1.175E0,0.E0,2.132466935826E0));
#3387=DIRECTION('',(0.E0,-1.E0,0.E0));
#3388=DIRECTION('',(0.E0,0.E0,-1.E0));
#3389=AXIS2_PLACEMENT_3D('',#3386,#3387,#3388);
#3390=PLANE('',#3389);
#3392=ORIENTED_EDGE('',*,*,#3391,.T.);
#3393=ORIENTED_EDGE('',*,*,#2817,.F.);
#3395=ORIENTED_EDGE('',*,*,#3394,.F.);
#3397=ORIENTED_EDGE('',*,*,#3396,.T.);
#3398=EDGE_LOOP('',(#3392,#3393,#3395,#3397));
#3399=FACE_OUTER_BOUND('',#3398,.F.);
#3400=ADVANCED_FACE('',(#3399),#3390,.F.);
#3401=CARTESIAN_POINT('',(7.25E-1,-2.75E-1,2.132466935826E0));
#3402=DIRECTION('',(1.E0,0.E0,0.E0));
#3403=DIRECTION('',(0.E0,0.E0,1.E0));
#3404=AXIS2_PLACEMENT_3D('',#3401,#3402,#3403);
#3405=PLANE('',#3404);
#3407=ORIENTED_EDGE('',*,*,#3406,.F.);
#3409=ORIENTED_EDGE('',*,*,#3408,.F.);
#3411=ORIENTED_EDGE('',*,*,#3410,.F.);
#3412=ORIENTED_EDGE('',*,*,#2612,.F.);
#3413=ORIENTED_EDGE('',*,*,#3391,.F.);
#3415=ORIENTED_EDGE('',*,*,#3414,.F.);
#3417=ORIENTED_EDGE('',*,*,#3416,.F.);
#3419=ORIENTED_EDGE('',*,*,#3418,.F.);
#3421=ORIENTED_EDGE('',*,*,#3420,.F.);
#3423=ORIENTED_EDGE('',*,*,#3422,.F.);
#3425=ORIENTED_EDGE('',*,*,#3424,.F.);
#3427=ORIENTED_EDGE('',*,*,#3426,.F.);
#3428=EDGE_LOOP('',(#3407,#3409,#3411,#3412,#3413,#3415,#3417,#3419,#3421,#3423,
#3425,#3427));
#3429=FACE_OUTER_BOUND('',#3428,.F.);
#3430=ADVANCED_FACE('',(#3429),#3405,.F.);
#3431=CARTESIAN_POINT('',(1.175E0,-4.342127537170E-1,8.357831138070E-1));
#3432=DIRECTION('',(0.E0,1.218693434050E-1,9.925461516413E-1));
#3433=DIRECTION('',(0.E0,-9.925461516413E-1,1.218693434050E-1));
#3434=AXIS2_PLACEMENT_3D('',#3431,#3432,#3433);
#3435=PLANE('',#3434);
#3437=ORIENTED_EDGE('',*,*,#3436,.T.);
#3439=ORIENTED_EDGE('',*,*,#3438,.F.);
#3440=ORIENTED_EDGE('',*,*,#3406,.T.);
#3442=ORIENTED_EDGE('',*,*,#3441,.T.);
#3443=EDGE_LOOP('',(#3437,#3439,#3440,#3442));
#3444=FACE_OUTER_BOUND('',#3443,.F.);
#3445=ADVANCED_FACE('',(#3444),#3435,.F.);
#3446=CARTESIAN_POINT('',(1.175E0,-2.75E-1,2.132466935826E0));
#3447=DIRECTION('',(1.E0,0.E0,0.E0));
#3448=DIRECTION('',(0.E0,0.E0,1.E0));
#3449=AXIS2_PLACEMENT_3D('',#3446,#3447,#3448);
#3450=PLANE('',#3449);
#3452=ORIENTED_EDGE('',*,*,#3451,.T.);
#3454=ORIENTED_EDGE('',*,*,#3453,.T.);
#3456=ORIENTED_EDGE('',*,*,#3455,.T.);
#3458=ORIENTED_EDGE('',*,*,#3457,.F.);
#3460=ORIENTED_EDGE('',*,*,#3459,.F.);
#3462=ORIENTED_EDGE('',*,*,#3461,.F.);
#3463=ORIENTED_EDGE('',*,*,#3394,.T.);
#3464=ORIENTED_EDGE('',*,*,#2616,.F.);
#3466=ORIENTED_EDGE('',*,*,#3465,.T.);
#3468=ORIENTED_EDGE('',*,*,#3467,.F.);
#3469=ORIENTED_EDGE('',*,*,#3436,.F.);
#3471=ORIENTED_EDGE('',*,*,#3470,.F.);
#3472=EDGE_LOOP('',(#3452,#3454,#3456,#3458,#3460,#3462,#3463,#3464,#3466,#3468,
#3469,#3471));
#3473=FACE_OUTER_BOUND('',#3472,.F.);
#3474=ADVANCED_FACE('',(#3473),#3450,.T.);
#3475=CARTESIAN_POINT('',(1.175E0,-5.5E-1,2.132466935826E0));
#3476=DIRECTION('',(0.E0,1.E0,0.E0));
#3477=DIRECTION('',(0.E0,0.E0,1.E0));
#3478=AXIS2_PLACEMENT_3D('',#3475,#3476,#3477);
#3479=PLANE('',#3478);
#3480=ORIENTED_EDGE('',*,*,#3424,.T.);
#3482=ORIENTED_EDGE('',*,*,#3481,.T.);
#3483=ORIENTED_EDGE('',*,*,#3451,.F.);
#3485=ORIENTED_EDGE('',*,*,#3484,.T.);
#3486=EDGE_LOOP('',(#3480,#3482,#3483,#3485));
#3487=FACE_OUTER_BOUND('',#3486,.F.);
#3488=ADVANCED_FACE('',(#3487),#3479,.F.);
#3489=CARTESIAN_POINT('',(1.175E0,-2.75E-1,1.25E0));
#3490=DIRECTION('',(0.E0,0.E0,-1.E0));
#3491=DIRECTION('',(-1.E0,0.E0,0.E0));
#3492=AXIS2_PLACEMENT_3D('',#3489,#3490,#3491);
#3493=PLANE('',#3492);
#3495=ORIENTED_EDGE('',*,*,#3494,.T.);
#3496=ORIENTED_EDGE('',*,*,#3453,.F.);
#3497=ORIENTED_EDGE('',*,*,#3481,.F.);
#3498=ORIENTED_EDGE('',*,*,#3422,.T.);
#3499=EDGE_LOOP('',(#3495,#3496,#3497,#3498));
#3500=FACE_OUTER_BOUND('',#3499,.F.);
#3501=ADVANCED_FACE('',(#3500),#3493,.F.);
#3502=CARTESIAN_POINT('',(1.175E0,-4.E-1,2.132466935826E0));
#3503=DIRECTION('',(0.E0,-1.E0,0.E0));
#3504=DIRECTION('',(0.E0,0.E0,-1.E0));
#3505=AXIS2_PLACEMENT_3D('',#3502,#3503,#3504);
#3506=PLANE('',#3505);
#3507=ORIENTED_EDGE('',*,*,#3455,.F.);
#3508=ORIENTED_EDGE('',*,*,#3494,.F.);
#3509=ORIENTED_EDGE('',*,*,#3420,.T.);
#3511=ORIENTED_EDGE('',*,*,#3510,.F.);
#3512=EDGE_LOOP('',(#3507,#3508,#3509,#3511));
#3513=FACE_OUTER_BOUND('',#3512,.F.);
#3514=ADVANCED_FACE('',(#3513),#3506,.F.);
#3515=CARTESIAN_POINT('',(1.175E0,-3.5E-1,1.026945052911E0));
#3516=DIRECTION('',(1.E0,0.E0,0.E0));
#3517=DIRECTION('',(0.E0,0.E0,-1.E0));
#3518=AXIS2_PLACEMENT_3D('',#3515,#3516,#3517);
#3519=CYLINDRICAL_SURFACE('',#3518,5.E-2);
#3520=ORIENTED_EDGE('',*,*,#3510,.T.);
#3521=ORIENTED_EDGE('',*,*,#3418,.T.);
#3523=ORIENTED_EDGE('',*,*,#3522,.T.);
#3524=ORIENTED_EDGE('',*,*,#3457,.T.);
#3525=EDGE_LOOP('',(#3520,#3521,#3523,#3524));
#3526=FACE_OUTER_BOUND('',#3525,.F.);
#3527=ADVANCED_FACE('',(#3526),#3519,.F.);
#3528=CARTESIAN_POINT('',(1.175E0,-4.159323522060E-1,9.846650365530E-1));
#3529=DIRECTION('',(0.E0,-1.218693434050E-1,-9.925461516413E-1));
#3530=DIRECTION('',(0.E0,9.925461516413E-1,-1.218693434050E-1));
#3531=AXIS2_PLACEMENT_3D('',#3528,#3529,#3530);
#3532=PLANE('',#3531);
#3533=ORIENTED_EDGE('',*,*,#3459,.T.);
#3534=ORIENTED_EDGE('',*,*,#3522,.F.);
#3535=ORIENTED_EDGE('',*,*,#3416,.T.);
#3537=ORIENTED_EDGE('',*,*,#3536,.T.);
#3538=EDGE_LOOP('',(#3533,#3534,#3535,#3537));
#3539=FACE_OUTER_BOUND('',#3538,.F.);
#3540=ADVANCED_FACE('',(#3539),#3532,.F.);
#3541=CARTESIAN_POINT('',(1.175E0,-2.E-1,7.566499124110E-1));
#3542=DIRECTION('',(-1.E0,0.E0,0.E0));
#3543=DIRECTION('',(0.E0,0.E0,1.E0));
#3544=AXIS2_PLACEMENT_3D('',#3541,#3542,#3543);
#3545=CYLINDRICAL_SURFACE('',#3544,2.E-1);
#3546=ORIENTED_EDGE('',*,*,#3461,.T.);
#3547=ORIENTED_EDGE('',*,*,#3536,.F.);
#3548=ORIENTED_EDGE('',*,*,#3414,.T.);
#3549=ORIENTED_EDGE('',*,*,#3396,.F.);
#3550=EDGE_LOOP('',(#3546,#3547,#3548,#3549));
#3551=FACE_OUTER_BOUND('',#3550,.F.);
#3552=ADVANCED_FACE('',(#3551),#3545,.T.);
#3553=CARTESIAN_POINT('',(1.175E0,-3.5E-1,1.026945052911E0));
#3554=DIRECTION('',(-1.E0,0.E0,0.E0));
#3555=DIRECTION('',(0.E0,0.E0,1.E0));
#3556=AXIS2_PLACEMENT_3D('',#3553,#3554,#3555);
#3557=CYLINDRICAL_SURFACE('',#3556,2.E-1);
#3558=ORIENTED_EDGE('',*,*,#3470,.T.);
#3559=ORIENTED_EDGE('',*,*,#3441,.F.);
#3560=ORIENTED_EDGE('',*,*,#3426,.T.);
#3561=ORIENTED_EDGE('',*,*,#3484,.F.);
#3562=EDGE_LOOP('',(#3558,#3559,#3560,#3561));
#3563=FACE_OUTER_BOUND('',#3562,.F.);
#3564=ADVANCED_FACE('',(#3563),#3557,.T.);
#3565=CARTESIAN_POINT('',(1.175E0,-1.5E-1,2.132466935826E0));
#3566=DIRECTION('',(0.E0,1.E0,0.E0));
#3567=DIRECTION('',(0.E0,0.E0,1.E0));
#3568=AXIS2_PLACEMENT_3D('',#3565,#3566,#3567);
#3569=PLANE('',#3568);
#3570=ORIENTED_EDGE('',*,*,#3465,.F.);
#3571=ORIENTED_EDGE('',*,*,#2614,.F.);
#3572=ORIENTED_EDGE('',*,*,#3410,.T.);
#3574=ORIENTED_EDGE('',*,*,#3573,.F.);
#3575=EDGE_LOOP('',(#3570,#3571,#3572,#3574));
#3576=FACE_OUTER_BOUND('',#3575,.F.);
#3577=ADVANCED_FACE('',(#3576),#3569,.F.);
#3578=CARTESIAN_POINT('',(1.175E0,-2.E-1,7.566499124110E-1));
#3579=DIRECTION('',(1.E0,0.E0,0.E0));
#3580=DIRECTION('',(0.E0,0.E0,-1.E0));
#3581=AXIS2_PLACEMENT_3D('',#3578,#3579,#3580);
#3582=CYLINDRICAL_SURFACE('',#3581,5.E-2);
#3583=ORIENTED_EDGE('',*,*,#3573,.T.);
#3584=ORIENTED_EDGE('',*,*,#3408,.T.);
#3585=ORIENTED_EDGE('',*,*,#3438,.T.);
#3586=ORIENTED_EDGE('',*,*,#3467,.T.);
#3587=EDGE_LOOP('',(#3583,#3584,#3585,#3586));
#3588=FACE_OUTER_BOUND('',#3587,.F.);
#3589=ADVANCED_FACE('',(#3588),#3582,.F.);
#3590=CARTESIAN_POINT('',(2.25E-1,0.E0,5.852738084930E-1));
#3591=DIRECTION('',(0.E0,-1.E0,0.E0));
#3592=DIRECTION('',(0.E0,0.E0,-1.E0));
#3593=AXIS2_PLACEMENT_3D('',#3590,#3591,#3592);
#3594=PLANE('',#3593);
#3596=ORIENTED_EDGE('',*,*,#3595,.T.);
#3597=ORIENTED_EDGE('',*,*,#2820,.F.);
#3599=ORIENTED_EDGE('',*,*,#3598,.F.);
#3601=ORIENTED_EDGE('',*,*,#3600,.T.);
#3602=EDGE_LOOP('',(#3596,#3597,#3599,#3601));
#3603=FACE_OUTER_BOUND('',#3602,.F.);
#3604=ADVANCED_FACE('',(#3603),#3594,.F.);
#3605=CARTESIAN_POINT('',(-2.25E-1,0.E0,1.25E0));
#3606=DIRECTION('',(1.E0,0.E0,0.E0));
#3607=DIRECTION('',(0.E0,0.E0,-1.E0));
#3608=AXIS2_PLACEMENT_3D('',#3605,#3606,#3607);
#3609=PLANE('',#3608);
#3611=ORIENTED_EDGE('',*,*,#3610,.F.);
#3613=ORIENTED_EDGE('',*,*,#3612,.F.);
#3615=ORIENTED_EDGE('',*,*,#3614,.F.);
#3617=ORIENTED_EDGE('',*,*,#3616,.F.);
#3619=ORIENTED_EDGE('',*,*,#3618,.F.);
#3621=ORIENTED_EDGE('',*,*,#3620,.F.);
#3623=ORIENTED_EDGE('',*,*,#3622,.F.);
#3625=ORIENTED_EDGE('',*,*,#3624,.F.);
#3627=ORIENTED_EDGE('',*,*,#3626,.F.);
#3628=ORIENTED_EDGE('',*,*,#2604,.F.);
#3629=ORIENTED_EDGE('',*,*,#3595,.F.);
#3631=ORIENTED_EDGE('',*,*,#3630,.F.);
#3632=EDGE_LOOP('',(#3611,#3613,#3615,#3617,#3619,#3621,#3623,#3625,#3627,#3628,
#3629,#3631));
#3633=FACE_OUTER_BOUND('',#3632,.F.);
#3634=ADVANCED_FACE('',(#3633),#3609,.F.);
#3635=CARTESIAN_POINT('',(2.25E-1,0.E0,9.335949653220E-1));
#3636=DIRECTION('',(0.E0,-1.218693434050E-1,-9.925461516413E-1));
#3637=DIRECTION('',(0.E0,9.925461516413E-1,-1.218693434050E-1));
#3638=AXIS2_PLACEMENT_3D('',#3635,#3636,#3637);
#3639=PLANE('',#3638);
#3641=ORIENTED_EDGE('',*,*,#3640,.T.);
#3643=ORIENTED_EDGE('',*,*,#3642,.F.);
#3644=ORIENTED_EDGE('',*,*,#3610,.T.);
#3646=ORIENTED_EDGE('',*,*,#3645,.T.);
#3647=EDGE_LOOP('',(#3641,#3643,#3644,#3646));
#3648=FACE_OUTER_BOUND('',#3647,.F.);
#3649=ADVANCED_FACE('',(#3648),#3639,.F.);
#3650=CARTESIAN_POINT('',(2.25E-1,0.E0,1.25E0));
#3651=DIRECTION('',(1.E0,0.E0,0.E0));
#3652=DIRECTION('',(0.E0,0.E0,-1.E0));
#3653=AXIS2_PLACEMENT_3D('',#3650,#3651,#3652);
#3654=PLANE('',#3653);
#3655=ORIENTED_EDGE('',*,*,#3598,.T.);
#3656=ORIENTED_EDGE('',*,*,#2608,.F.);
#3658=ORIENTED_EDGE('',*,*,#3657,.T.);
#3660=ORIENTED_EDGE('',*,*,#3659,.F.);
#3662=ORIENTED_EDGE('',*,*,#3661,.F.);
#3664=ORIENTED_EDGE('',*,*,#3663,.F.);
#3666=ORIENTED_EDGE('',*,*,#3665,.T.);
#3668=ORIENTED_EDGE('',*,*,#3667,.T.);
#3670=ORIENTED_EDGE('',*,*,#3669,.T.);
#3672=ORIENTED_EDGE('',*,*,#3671,.F.);
#3673=ORIENTED_EDGE('',*,*,#3640,.F.);
#3675=ORIENTED_EDGE('',*,*,#3674,.F.);
#3676=EDGE_LOOP('',(#3655,#3656,#3658,#3660,#3662,#3664,#3666,#3668,#3670,#3672,
#3673,#3675));
#3677=FACE_OUTER_BOUND('',#3676,.F.);
#3678=ADVANCED_FACE('',(#3677),#3654,.T.);
#3679=CARTESIAN_POINT('',(2.25E-1,-1.5E-1,8.008861756390E-1));
#3680=DIRECTION('',(0.E0,1.E0,0.E0));
#3681=DIRECTION('',(0.E0,0.E0,1.E0));
#3682=AXIS2_PLACEMENT_3D('',#3679,#3680,#3681);
#3683=PLANE('',#3682);
#3684=ORIENTED_EDGE('',*,*,#3657,.F.);
#3685=ORIENTED_EDGE('',*,*,#2606,.F.);
#3686=ORIENTED_EDGE('',*,*,#3626,.T.);
#3688=ORIENTED_EDGE('',*,*,#3687,.F.);
#3689=EDGE_LOOP('',(#3684,#3685,#3686,#3688));
#3690=FACE_OUTER_BOUND('',#3689,.F.);
#3691=ADVANCED_FACE('',(#3690),#3683,.F.);
#3692=CARTESIAN_POINT('',(2.25E-1,-2.E-1,7.566499124110E-1));
#3693=DIRECTION('',(1.E0,0.E0,0.E0));
#3694=DIRECTION('',(0.E0,0.E0,-1.E0));
#3695=AXIS2_PLACEMENT_3D('',#3692,#3693,#3694);
#3696=CYLINDRICAL_SURFACE('',#3695,5.E-2);
#3697=ORIENTED_EDGE('',*,*,#3687,.T.);
#3698=ORIENTED_EDGE('',*,*,#3624,.T.);
#3700=ORIENTED_EDGE('',*,*,#3699,.T.);
#3701=ORIENTED_EDGE('',*,*,#3659,.T.);
#3702=EDGE_LOOP('',(#3697,#3698,#3700,#3701));
#3703=FACE_OUTER_BOUND('',#3702,.F.);
#3704=ADVANCED_FACE('',(#3703),#3696,.F.);
#3705=CARTESIAN_POINT('',(2.25E-1,-5.5E-1,8.5E-1));
#3706=DIRECTION('',(0.E0,1.218693434050E-1,9.925461516413E-1));
#3707=DIRECTION('',(0.E0,-9.925461516413E-1,1.218693434050E-1));
#3708=AXIS2_PLACEMENT_3D('',#3705,#3706,#3707);
#3709=PLANE('',#3708);
#3710=ORIENTED_EDGE('',*,*,#3661,.T.);
#3711=ORIENTED_EDGE('',*,*,#3699,.F.);
#3712=ORIENTED_EDGE('',*,*,#3622,.T.);
#3714=ORIENTED_EDGE('',*,*,#3713,.T.);
#3715=EDGE_LOOP('',(#3710,#3711,#3712,#3714));
#3716=FACE_OUTER_BOUND('',#3715,.F.);
#3717=ADVANCED_FACE('',(#3716),#3709,.F.);
#3718=CARTESIAN_POINT('',(2.25E-1,-3.5E-1,1.026945052911E0));
#3719=DIRECTION('',(-1.E0,0.E0,0.E0));
#3720=DIRECTION('',(0.E0,0.E0,1.E0));
#3721=AXIS2_PLACEMENT_3D('',#3718,#3719,#3720);
#3722=CYLINDRICAL_SURFACE('',#3721,2.E-1);
#3723=ORIENTED_EDGE('',*,*,#3663,.T.);
#3724=ORIENTED_EDGE('',*,*,#3713,.F.);
#3725=ORIENTED_EDGE('',*,*,#3620,.T.);
#3727=ORIENTED_EDGE('',*,*,#3726,.F.);
#3728=EDGE_LOOP('',(#3723,#3724,#3725,#3727));
#3729=FACE_OUTER_BOUND('',#3728,.F.);
#3730=ADVANCED_FACE('',(#3729),#3722,.T.);
#3731=CARTESIAN_POINT('',(2.25E-1,-5.5E-1,1.25E0));
#3732=DIRECTION('',(0.E0,1.E0,0.E0));
#3733=DIRECTION('',(0.E0,0.E0,1.E0));
#3734=AXIS2_PLACEMENT_3D('',#3731,#3732,#3733);
#3735=PLANE('',#3734);
#3736=ORIENTED_EDGE('',*,*,#3618,.T.);
#3738=ORIENTED_EDGE('',*,*,#3737,.T.);
#3739=ORIENTED_EDGE('',*,*,#3665,.F.);
#3740=ORIENTED_EDGE('',*,*,#3726,.T.);
#3741=EDGE_LOOP('',(#3736,#3738,#3739,#3740));
#3742=FACE_OUTER_BOUND('',#3741,.F.);
#3743=ADVANCED_FACE('',(#3742),#3735,.F.);
#3744=CARTESIAN_POINT('',(2.25E-1,-4.E-1,1.25E0));
#3745=DIRECTION('',(0.E0,0.E0,-1.E0));
#3746=DIRECTION('',(-1.E0,0.E0,0.E0));
#3747=AXIS2_PLACEMENT_3D('',#3744,#3745,#3746);
#3748=PLANE('',#3747);
#3750=ORIENTED_EDGE('',*,*,#3749,.T.);
#3751=ORIENTED_EDGE('',*,*,#3667,.F.);
#3752=ORIENTED_EDGE('',*,*,#3737,.F.);
#3753=ORIENTED_EDGE('',*,*,#3616,.T.);
#3754=EDGE_LOOP('',(#3750,#3751,#3752,#3753));
#3755=FACE_OUTER_BOUND('',#3754,.F.);
#3756=ADVANCED_FACE('',(#3755),#3748,.F.);
#3757=CARTESIAN_POINT('',(2.25E-1,-4.E-1,9.827087896830E-1));
#3758=DIRECTION('',(0.E0,-1.E0,0.E0));
#3759=DIRECTION('',(0.E0,0.E0,-1.E0));
#3760=AXIS2_PLACEMENT_3D('',#3757,#3758,#3759);
#3761=PLANE('',#3760);
#3762=ORIENTED_EDGE('',*,*,#3669,.F.);
#3763=ORIENTED_EDGE('',*,*,#3749,.F.);
#3764=ORIENTED_EDGE('',*,*,#3614,.T.);
#3766=ORIENTED_EDGE('',*,*,#3765,.F.);
#3767=EDGE_LOOP('',(#3762,#3763,#3764,#3766));
#3768=FACE_OUTER_BOUND('',#3767,.F.);
#3769=ADVANCED_FACE('',(#3768),#3761,.F.);
#3770=CARTESIAN_POINT('',(2.25E-1,-3.5E-1,1.026945052911E0));
#3771=DIRECTION('',(1.E0,0.E0,0.E0));
#3772=DIRECTION('',(0.E0,0.E0,-1.E0));
#3773=AXIS2_PLACEMENT_3D('',#3770,#3771,#3772);
#3774=CYLINDRICAL_SURFACE('',#3773,5.E-2);
#3775=ORIENTED_EDGE('',*,*,#3765,.T.);
#3776=ORIENTED_EDGE('',*,*,#3612,.T.);
#3777=ORIENTED_EDGE('',*,*,#3642,.T.);
#3778=ORIENTED_EDGE('',*,*,#3671,.T.);
#3779=EDGE_LOOP('',(#3775,#3776,#3777,#3778));
#3780=FACE_OUTER_BOUND('',#3779,.F.);
#3781=ADVANCED_FACE('',(#3780),#3774,.F.);
#3782=CARTESIAN_POINT('',(2.25E-1,-2.E-1,7.566499124110E-1));
#3783=DIRECTION('',(-1.E0,0.E0,0.E0));
#3784=DIRECTION('',(0.E0,0.E0,1.E0));
#3785=AXIS2_PLACEMENT_3D('',#3782,#3783,#3784);
#3786=CYLINDRICAL_SURFACE('',#3785,2.E-1);
#3787=ORIENTED_EDGE('',*,*,#3674,.T.);
#3788=ORIENTED_EDGE('',*,*,#3645,.F.);
#3789=ORIENTED_EDGE('',*,*,#3630,.T.);
#3790=ORIENTED_EDGE('',*,*,#3600,.F.);
#3791=EDGE_LOOP('',(#3787,#3788,#3789,#3790));
#3792=FACE_OUTER_BOUND('',#3791,.F.);
#3793=ADVANCED_FACE('',(#3792),#3786,.T.);
#3794=CARTESIAN_POINT('',(-1.175E0,-3.5E-1,1.026945052911E0));
#3795=DIRECTION('',(1.E0,0.E0,0.E0));
#3796=DIRECTION('',(0.E0,0.E0,-1.E0));
#3797=AXIS2_PLACEMENT_3D('',#3794,#3795,#3796);
#3798=CYLINDRICAL_SURFACE('',#3797,2.E-1);
#3799=ORIENTED_EDGE('',*,*,#2663,.T.);
#3800=ORIENTED_EDGE('',*,*,#2722,.F.);
#3801=ORIENTED_EDGE('',*,*,#2708,.T.);
#3802=ORIENTED_EDGE('',*,*,#2678,.F.);
#3803=EDGE_LOOP('',(#3799,#3800,#3801,#3802));
#3804=FACE_OUTER_BOUND('',#3803,.F.);
#3805=ADVANCED_FACE('',(#3804),#3798,.T.);
#3806=CARTESIAN_POINT('',(-1.175E0,-1.5E-1,2.132466935826E0));
#3807=DIRECTION('',(0.E0,-1.E0,0.E0));
#3808=DIRECTION('',(0.E0,0.E0,-1.E0));
#3809=AXIS2_PLACEMENT_3D('',#3806,#3807,#3808);
#3810=PLANE('',#3809);
#3811=ORIENTED_EDGE('',*,*,#2703,.F.);
#3812=ORIENTED_EDGE('',*,*,#2598,.T.);
#3813=ORIENTED_EDGE('',*,*,#2646,.T.);
#3815=ORIENTED_EDGE('',*,*,#3814,.F.);
#3816=EDGE_LOOP('',(#3811,#3812,#3813,#3815));
#3817=FACE_OUTER_BOUND('',#3816,.F.);
#3818=ADVANCED_FACE('',(#3817),#3810,.T.);
#3819=CARTESIAN_POINT('',(-1.175E0,-2.E-1,7.566499124110E-1));
#3820=DIRECTION('',(-1.E0,0.E0,0.E0));
#3821=DIRECTION('',(0.E0,0.E0,1.E0));
#3822=AXIS2_PLACEMENT_3D('',#3819,#3820,#3821);
#3823=CYLINDRICAL_SURFACE('',#3822,5.E-2);
#3824=ORIENTED_EDGE('',*,*,#2675,.T.);
#3825=ORIENTED_EDGE('',*,*,#2705,.T.);
#3826=ORIENTED_EDGE('',*,*,#3814,.T.);
#3827=ORIENTED_EDGE('',*,*,#2644,.T.);
#3828=EDGE_LOOP('',(#3824,#3825,#3826,#3827));
#3829=FACE_OUTER_BOUND('',#3828,.F.);
#3830=ADVANCED_FACE('',(#3829),#3823,.F.);
#3833=FILL_AREA_STYLE_COLOUR('',#19);
#3834=FILL_AREA_STYLE('',(#3833));
#3835=SURFACE_STYLE_FILL_AREA(#3834);
#3836=SURFACE_SIDE_STYLE('',(#3835));
#3837=SURFACE_STYLE_USAGE(.BOTH.,#3836);
#3838=PRESENTATION_STYLE_ASSIGNMENT((#3837));
#806=STYLED_ITEM('',(#3838),#3832);
#3840=DIMENSIONAL_EXPONENTS(0.E0,0.E0,0.E0,0.E0,0.E0,0.E0,0.E0);
#3842=PLANE_ANGLE_MEASURE_WITH_UNIT(PLANE_ANGLE_MEASURE(1.745329251994E-2),
#3841);
#3843=(CONVERSION_BASED_UNIT('DEGREE',#3842)NAMED_UNIT(*)PLANE_ANGLE_UNIT());
#3845=UNCERTAINTY_MEASURE_WITH_UNIT(LENGTH_MEASURE(4.056930271318E-4),#3839,
'closure',
'Maximum model space distance between geometric entities at asserted connectivities');
#3846=(GEOMETRIC_REPRESENTATION_CONTEXT(3)GLOBAL_UNCERTAINTY_ASSIGNED_CONTEXT((
#3845))GLOBAL_UNIT_ASSIGNED_CONTEXT((#3839,#3843,#3844))REPRESENTATION_CONTEXT(
'ID2','3'));
#3847=CARTESIAN_POINT('',(0.E0,0.E0,0.E0));
#3848=DIRECTION('',(0.E0,0.E0,1.E0));
#3849=DIRECTION('',(1.E0,0.E0,0.E0));
#3852=MECHANICAL_CONTEXT('',#781,'mechanical');
#3853=PRODUCT('SW3DPS-SOT-23-5-DEFAULT','SW3DPS-SOT-23-5-DEFAULT',
'NOT SPECIFIED',(#3852));
#3854=PRODUCT_DEFINITION_FORMATION_WITH_SPECIFIED_SOURCE('1','LAST_VERSION',
#3853,.MADE.);
#3863=CARTESIAN_POINT('',(1.257675813676E1,4.591079241787E0,
-9.114785194400E-1));
#3864=DIRECTION('',(0.E0,1.E0,1.311342202845E-7));
#3865=DIRECTION('',(1.E0,0.E0,0.E0));
#3866=AXIS2_PLACEMENT_3D('',#3863,#3864,#3865);
#3867=ITEM_DEFINED_TRANSFORMATION('','',#3850,#3866);
#3868=CARTESIAN_POINT('',(0.E0,0.E0,0.E0));
#3869=DIRECTION('',(0.E0,0.E0,1.E0));
#3870=DIRECTION('',(1.E0,0.E0,0.E0));
#3872=(REPRESENTATION_RELATIONSHIP('','',#3851,#3860)REPRESENTATION_RELATIONSHIP_WITH_TRANSFORMATION(#3867)SHAPE_REPRESENTATION_RELATIONSHIP());
#3873=CONTEXT_DEPENDENT_SHAPE_REPRESENTATION(#3872,#3862);
#3875=DIMENSIONAL_EXPONENTS(0.E0,0.E0,0.E0,0.E0,0.E0,0.E0,0.E0);
#3877=PLANE_ANGLE_MEASURE_WITH_UNIT(PLANE_ANGLE_MEASURE(1.745329251994E-2),
#3876);
#3878=(CONVERSION_BASED_UNIT('DEGREE',#3877)NAMED_UNIT(*)PLANE_ANGLE_UNIT());
#3880=UNCERTAINTY_MEASURE_WITH_UNIT(LENGTH_MEASURE(8.659907627683E-2),#3874,
'closure',
'Maximum model space distance between geometric entities at asserted connectivities');
#3881=(GEOMETRIC_REPRESENTATION_CONTEXT(3)GLOBAL_UNCERTAINTY_ASSIGNED_CONTEXT((
#3880))GLOBAL_UNIT_ASSIGNED_CONTEXT((#3874,#3878,#3879))REPRESENTATION_CONTEXT(
'ID3','3'));
#3882=CARTESIAN_POINT('',(0.E0,0.E0,0.E0));
#3883=DIRECTION('',(0.E0,0.E0,1.E0));
#3884=DIRECTION('',(1.E0,0.E0,0.E0));
#3886=DESIGN_CONTEXT('',#781,'design');
#3887=MECHANICAL_CONTEXT('',#781,'mechanical');
#3888=PRODUCT('U1_ASM','U1_ASM','NOT SPECIFIED',(#3887));
#3889=PRODUCT_DEFINITION_FORMATION_WITH_SPECIFIED_SOURCE('1','LAST_VERSION',
#3888,.MADE.);
#3893=CARTESIAN_POINT('',(0.E0,0.E0,0.E0));
#3894=DIRECTION('',(0.E0,0.E0,1.E0));
#3895=DIRECTION('',(1.E0,0.E0,0.E0));
#3896=AXIS2_PLACEMENT_3D('',#3893,#3894,#3895);
#3897=ITEM_DEFINED_TRANSFORMATION('','',#3871,#3896);
#3898=CARTESIAN_POINT('',(0.E0,0.E0,0.E0));
#3899=DIRECTION('',(0.E0,0.E0,1.E0));
#3900=DIRECTION('',(1.E0,0.E0,0.E0));
#3902=(REPRESENTATION_RELATIONSHIP('','',#3860,#792)REPRESENTATION_RELATIONSHIP_WITH_TRANSFORMATION(#3897)SHAPE_REPRESENTATION_RELATIONSHIP());
#3903=CONTEXT_DEPENDENT_SHAPE_REPRESENTATION(#3902,#3892);
#3907=DIRECTION('',(0.E0,0.E0,-1.E0));
#3908=VECTOR('',#3907,7.E-1);
#3909=CARTESIAN_POINT('',(-5.E-1,3.8E-1,3.5E-1));
#3910=LINE('',#3909,#3908);
#3911=CURVE_STYLE('',#36,POSITIVE_LENGTH_MEASURE(2.E-2),#3905);
#3912=PRESENTATION_STYLE_ASSIGNMENT((#3911));
#3913=STYLED_ITEM('',(#3912),#3910);
#3914=CARTESIAN_POINT('',(-5.E-1,3.3E-1,-3.5E-1));
#3915=DIRECTION('',(1.E0,0.E0,0.E0));
#3916=DIRECTION('',(0.E0,0.E0,-1.E0));
#3917=AXIS2_PLACEMENT_3D('',#3914,#3915,#3916);
#3919=CURVE_STYLE('',#36,POSITIVE_LENGTH_MEASURE(2.E-2),#3905);
#3920=PRESENTATION_STYLE_ASSIGNMENT((#3919));
#3921=STYLED_ITEM('',(#3920),#3918);
#3922=DIRECTION('',(-1.E0,0.E0,0.E0));
#3923=VECTOR('',#3922,1.E0);
#3924=CARTESIAN_POINT('',(5.E-1,3.3E-1,-4.E-1));
#3925=LINE('',#3924,#3923);
#3926=CURVE_STYLE('',#36,POSITIVE_LENGTH_MEASURE(2.E-2),#3905);
#3927=PRESENTATION_STYLE_ASSIGNMENT((#3926));
#3928=STYLED_ITEM('',(#3927),#3925);
#3929=CARTESIAN_POINT('',(5.E-1,3.3E-1,-3.5E-1));
#3930=DIRECTION('',(-1.E0,0.E0,0.E0));
#3931=DIRECTION('',(0.E0,1.E0,0.E0));
#3932=AXIS2_PLACEMENT_3D('',#3929,#3930,#3931);
#3934=CURVE_STYLE('',#36,POSITIVE_LENGTH_MEASURE(2.E-2),#3905);
#3935=PRESENTATION_STYLE_ASSIGNMENT((#3934));
#3936=STYLED_ITEM('',(#3935),#3933);
#3937=DIRECTION('',(1.E0,0.E0,0.E0));
#3938=VECTOR('',#3937,1.E0);
#3939=CARTESIAN_POINT('',(-5.E-1,3.8E-1,-3.5E-1));
#3940=LINE('',#3939,#3938);
#3941=CURVE_STYLE('',#36,POSITIVE_LENGTH_MEASURE(2.E-2),#3905);
#3942=PRESENTATION_STYLE_ASSIGNMENT((#3941));
#3943=STYLED_ITEM('',(#3942),#3940);
#3944=DIRECTION('',(1.E0,0.E0,0.E0));
#3945=VECTOR('',#3944,2.5E-1);
#3946=CARTESIAN_POINT('',(-7.5E-1,3.8E-1,-3.5E-1));
#3947=LINE('',#3946,#3945);
#3948=CURVE_STYLE('',#36,POSITIVE_LENGTH_MEASURE(2.E-2),#3905);
#3949=PRESENTATION_STYLE_ASSIGNMENT((#3948));
#3950=STYLED_ITEM('',(#3949),#3947);
#3951=DIRECTION('',(-1.E0,0.E0,0.E0));
#3952=VECTOR('',#3951,2.5E-1);
#3953=CARTESIAN_POINT('',(-5.E-1,3.3E-1,-4.E-1));
#3954=LINE('',#3953,#3952);
#3955=CURVE_STYLE('',#36,POSITIVE_LENGTH_MEASURE(2.E-2),#3905);
#3956=PRESENTATION_STYLE_ASSIGNMENT((#3955));
#3957=STYLED_ITEM('',(#3956),#3954);
#3958=CARTESIAN_POINT('',(-7.5E-1,3.3E-1,-3.5E-1));
#3959=DIRECTION('',(0.E0,1.E0,0.E0));
#3960=DIRECTION('',(0.E0,0.E0,-1.E0));
#3961=AXIS2_PLACEMENT_3D('',#3958,#3959,#3960);
#3963=CURVE_STYLE('',#36,POSITIVE_LENGTH_MEASURE(2.E-2),#3905);
#3964=PRESENTATION_STYLE_ASSIGNMENT((#3963));
#3965=STYLED_ITEM('',(#3964),#3962);
#3966=CARTESIAN_POINT('',(-7.5E-1,3.3E-1,-3.5E-1));
#3967=DIRECTION('',(-1.E0,0.E0,0.E0));
#3968=DIRECTION('',(0.E0,1.E0,0.E0));
#3969=AXIS2_PLACEMENT_3D('',#3966,#3967,#3968);
#3971=CURVE_STYLE('',#36,POSITIVE_LENGTH_MEASURE(2.E-2),#3905);
#3972=PRESENTATION_STYLE_ASSIGNMENT((#3971));
#3973=STYLED_ITEM('',(#3972),#3970);
#3974=CARTESIAN_POINT('',(-7.5E-1,3.3E-1,-3.5E-1));
#3975=DIRECTION('',(0.E0,0.E0,-1.E0));
#3976=DIRECTION('',(-1.E0,0.E0,0.E0));
#3977=AXIS2_PLACEMENT_3D('',#3974,#3975,#3976);
#3979=CURVE_STYLE('',#36,POSITIVE_LENGTH_MEASURE(2.E-2),#3905);
#3980=PRESENTATION_STYLE_ASSIGNMENT((#3979));
#3981=STYLED_ITEM('',(#3980),#3978);
#3982=DIRECTION('',(0.E0,-1.E0,0.E0));
#3983=VECTOR('',#3982,2.8E-1);
#3984=CARTESIAN_POINT('',(-7.5E-1,3.3E-1,-4.E-1));
#3985=LINE('',#3984,#3983);
#3986=CURVE_STYLE('',#36,POSITIVE_LENGTH_MEASURE(2.E-2),#3905);
#3987=PRESENTATION_STYLE_ASSIGNMENT((#3986));
#3988=STYLED_ITEM('',(#3987),#3985);
#3989=DIRECTION('',(0.E0,1.E0,0.E0));
#3990=VECTOR('',#3989,2.8E-1);
#3991=CARTESIAN_POINT('',(-8.E-1,5.E-2,-3.5E-1));
#3992=LINE('',#3991,#3990);
#3993=CURVE_STYLE('',#36,POSITIVE_LENGTH_MEASURE(2.E-2),#3905);
#3994=PRESENTATION_STYLE_ASSIGNMENT((#3993));
#3995=STYLED_ITEM('',(#3994),#3992);
#3996=CARTESIAN_POINT('',(-7.5E-1,5.E-2,-3.5E-1));
#3997=DIRECTION('',(0.E0,0.E0,-1.E0));
#3998=DIRECTION('',(0.E0,-1.E0,0.E0));
#3999=AXIS2_PLACEMENT_3D('',#3996,#3997,#3998);
#4001=CURVE_STYLE('',#36,POSITIVE_LENGTH_MEASURE(2.E-2),#3905);
#4002=PRESENTATION_STYLE_ASSIGNMENT((#4001));
#4003=STYLED_ITEM('',(#4002),#4000);
#4004=CARTESIAN_POINT('',(-7.5E-1,5.E-2,-3.5E-1));
#4005=DIRECTION('',(-1.E0,0.E0,0.E0));
#4006=DIRECTION('',(0.E0,0.E0,-1.E0));
#4007=AXIS2_PLACEMENT_3D('',#4004,#4005,#4006);
#4009=CURVE_STYLE('',#36,POSITIVE_LENGTH_MEASURE(2.E-2),#3905);
#4010=PRESENTATION_STYLE_ASSIGNMENT((#4009));
#4011=STYLED_ITEM('',(#4010),#4008);
#4012=CARTESIAN_POINT('',(-7.5E-1,5.E-2,-3.5E-1));
#4013=DIRECTION('',(0.E0,-1.E0,0.E0));
#4014=DIRECTION('',(-1.E0,0.E0,0.E0));
#4015=AXIS2_PLACEMENT_3D('',#4012,#4013,#4014);
#4017=CURVE_STYLE('',#36,POSITIVE_LENGTH_MEASURE(2.E-2),#3905);
#4018=PRESENTATION_STYLE_ASSIGNMENT((#4017));
#4019=STYLED_ITEM('',(#4018),#4016);
#4020=DIRECTION('',(0.E0,0.E0,1.E0));
#4021=VECTOR('',#4020,7.E-1);
#4022=CARTESIAN_POINT('',(-7.5E-1,0.E0,-3.5E-1));
#4023=LINE('',#4022,#4021);
#4024=CURVE_STYLE('',#36,POSITIVE_LENGTH_MEASURE(2.E-2),#3905);
#4025=PRESENTATION_STYLE_ASSIGNMENT((#4024));
#4026=STYLED_ITEM('',(#4025),#4023);
#4027=DIRECTION('',(0.E0,0.E0,-1.E0));
#4028=VECTOR('',#4027,7.E-1);
#4029=CARTESIAN_POINT('',(-8.E-1,5.E-2,3.5E-1));
#4030=LINE('',#4029,#4028);
#4031=CURVE_STYLE('',#36,POSITIVE_LENGTH_MEASURE(2.E-2),#3905);
#4032=PRESENTATION_STYLE_ASSIGNMENT((#4031));
#4033=STYLED_ITEM('',(#4032),#4030);
#4034=CARTESIAN_POINT('',(-7.5E-1,5.E-2,3.5E-1));
#4035=DIRECTION('',(-1.E0,0.E0,0.E0));
#4036=DIRECTION('',(0.E0,-1.E0,0.E0));
#4037=AXIS2_PLACEMENT_3D('',#4034,#4035,#4036);
#4039=CURVE_STYLE('',#36,POSITIVE_LENGTH_MEASURE(2.E-2),#3905);
#4040=PRESENTATION_STYLE_ASSIGNMENT((#4039));
#4041=STYLED_ITEM('',(#4040),#4038);
#4042=CARTESIAN_POINT('',(-7.5E-1,5.E-2,3.5E-1));
#4043=DIRECTION('',(0.E0,0.E0,1.E0));
#4044=DIRECTION('',(-1.E0,0.E0,0.E0));
#4045=AXIS2_PLACEMENT_3D('',#4042,#4043,#4044);
#4047=CURVE_STYLE('',#36,POSITIVE_LENGTH_MEASURE(2.E-2),#3905);
#4048=PRESENTATION_STYLE_ASSIGNMENT((#4047));
#4049=STYLED_ITEM('',(#4048),#4046);
#4050=CARTESIAN_POINT('',(-7.5E-1,5.E-2,3.5E-1));
#4051=DIRECTION('',(0.E0,-1.E0,0.E0));
#4052=DIRECTION('',(0.E0,0.E0,1.E0));
#4053=AXIS2_PLACEMENT_3D('',#4050,#4051,#4052);
#4055=CURVE_STYLE('',#36,POSITIVE_LENGTH_MEASURE(2.E-2),#3905);
#4056=PRESENTATION_STYLE_ASSIGNMENT((#4055));
#4057=STYLED_ITEM('',(#4056),#4054);
#4058=DIRECTION('',(1.E0,0.E0,0.E0));
#4059=VECTOR('',#4058,2.5E-1);
#4060=CARTESIAN_POINT('',(-7.5E-1,0.E0,3.5E-1));
#4061=LINE('',#4060,#4059);
#4062=CURVE_STYLE('',#36,POSITIVE_LENGTH_MEASURE(2.E-2),#3905);
#4063=PRESENTATION_STYLE_ASSIGNMENT((#4062));
#4064=STYLED_ITEM('',(#4063),#4061);
#4065=DIRECTION('',(-1.E0,0.E0,0.E0));
#4066=VECTOR('',#4065,2.5E-1);
#4067=CARTESIAN_POINT('',(-5.E-1,5.E-2,4.E-1));
#4068=LINE('',#4067,#4066);
#4069=CURVE_STYLE('',#36,POSITIVE_LENGTH_MEASURE(2.E-2),#3905);
#4070=PRESENTATION_STYLE_ASSIGNMENT((#4069));
#4071=STYLED_ITEM('',(#4070),#4068);
#4072=DIRECTION('',(1.E0,0.E0,0.E0));
#4073=VECTOR('',#4072,2.5E-1);
#4074=CARTESIAN_POINT('',(-7.5E-1,5.E-2,-4.E-1));
#4075=LINE('',#4074,#4073);
#4076=CURVE_STYLE('',#36,POSITIVE_LENGTH_MEASURE(2.E-2),#3905);
#4077=PRESENTATION_STYLE_ASSIGNMENT((#4076));
#4078=STYLED_ITEM('',(#4077),#4075);
#4079=DIRECTION('',(-1.E0,0.E0,0.E0));
#4080=VECTOR('',#4079,2.5E-1);
#4081=CARTESIAN_POINT('',(-5.E-1,0.E0,-3.5E-1));
#4082=LINE('',#4081,#4080);
#4083=CURVE_STYLE('',#36,POSITIVE_LENGTH_MEASURE(2.E-2),#3905);
#4084=PRESENTATION_STYLE_ASSIGNMENT((#4083));
#4085=STYLED_ITEM('',(#4084),#4082);
#4086=DIRECTION('',(0.E0,-1.E0,0.E0));
#4087=VECTOR('',#4086,2.8E-1);
#4088=CARTESIAN_POINT('',(-5.E-1,3.3E-1,-4.E-1));
#4089=LINE('',#4088,#4087);
#4090=CURVE_STYLE('',#36,POSITIVE_LENGTH_MEASURE(2.E-2),#3905);
#4091=PRESENTATION_STYLE_ASSIGNMENT((#4090));
#4092=STYLED_ITEM('',(#4091),#4089);
#4093=CARTESIAN_POINT('',(-5.E-1,5.E-2,-3.5E-1));
#4094=DIRECTION('',(1.E0,0.E0,0.E0));
#4095=DIRECTION('',(0.E0,-1.E0,0.E0));
#4096=AXIS2_PLACEMENT_3D('',#4093,#4094,#4095);
#4098=CURVE_STYLE('',#36,POSITIVE_LENGTH_MEASURE(2.E-2),#3905);
#4099=PRESENTATION_STYLE_ASSIGNMENT((#4098));
#4100=STYLED_ITEM('',(#4099),#4097);
#4101=DIRECTION('',(-1.E0,0.E0,0.E0));
#4102=VECTOR('',#4101,1.E0);
#4103=CARTESIAN_POINT('',(5.E-1,0.E0,-3.5E-1));
#4104=LINE('',#4103,#4102);
#4105=CURVE_STYLE('',#36,POSITIVE_LENGTH_MEASURE(2.E-2),#3905);
#4106=PRESENTATION_STYLE_ASSIGNMENT((#4105));
#4107=STYLED_ITEM('',(#4106),#4104);
#4108=CARTESIAN_POINT('',(5.E-1,5.E-2,-3.5E-1));
#4109=DIRECTION('',(-1.E0,0.E0,0.E0));
#4110=DIRECTION('',(0.E0,0.E0,-1.E0));
#4111=AXIS2_PLACEMENT_3D('',#4108,#4109,#4110);
#4113=CURVE_STYLE('',#36,POSITIVE_LENGTH_MEASURE(2.E-2),#3905);
#4114=PRESENTATION_STYLE_ASSIGNMENT((#4113));
#4115=STYLED_ITEM('',(#4114),#4112);
#4116=DIRECTION('',(1.E0,0.E0,0.E0));
#4117=VECTOR('',#4116,1.E0);
#4118=CARTESIAN_POINT('',(-5.E-1,5.E-2,-4.E-1));
#4119=LINE('',#4118,#4117);
#4120=CURVE_STYLE('',#36,POSITIVE_LENGTH_MEASURE(2.E-2),#3905);
#4121=PRESENTATION_STYLE_ASSIGNMENT((#4120));
#4122=STYLED_ITEM('',(#4121),#4119);
#4123=DIRECTION('',(0.E0,0.E0,-1.E0));
#4124=VECTOR('',#4123,7.E-1);
#4125=CARTESIAN_POINT('',(-5.E-1,0.E0,3.5E-1));
#4126=LINE('',#4125,#4124);
#4127=CURVE_STYLE('',#36,POSITIVE_LENGTH_MEASURE(2.E-2),#3905);
#4128=PRESENTATION_STYLE_ASSIGNMENT((#4127));
#4129=STYLED_ITEM('',(#4128),#4126);
#4130=DIRECTION('',(0.E0,0.E0,1.E0));
#4131=VECTOR('',#4130,7.E-1);
#4132=CARTESIAN_POINT('',(5.E-1,0.E0,-3.5E-1));
#4133=LINE('',#4132,#4131);
#4134=CURVE_STYLE('',#36,POSITIVE_LENGTH_MEASURE(2.E-2),#3905);
#4135=PRESENTATION_STYLE_ASSIGNMENT((#4134));
#4136=STYLED_ITEM('',(#4135),#4133);
#4137=CARTESIAN_POINT('',(-5.E-1,5.E-2,3.5E-1));
#4138=DIRECTION('',(1.E0,0.E0,0.E0));
#4139=DIRECTION('',(0.E0,0.E0,1.E0));
#4140=AXIS2_PLACEMENT_3D('',#4137,#4138,#4139);
#4142=CURVE_STYLE('',#36,POSITIVE_LENGTH_MEASURE(2.E-2),#3905);
#4143=PRESENTATION_STYLE_ASSIGNMENT((#4142));
#4144=STYLED_ITEM('',(#4143),#4141);
#4145=DIRECTION('',(-1.E0,0.E0,0.E0));
#4146=VECTOR('',#4145,1.E0);
#4147=CARTESIAN_POINT('',(5.E-1,5.E-2,4.E-1));
#4148=LINE('',#4147,#4146);
#4149=CURVE_STYLE('',#36,POSITIVE_LENGTH_MEASURE(2.E-2),#3905);
#4150=PRESENTATION_STYLE_ASSIGNMENT((#4149));
#4151=STYLED_ITEM('',(#4150),#4148);
#4152=CARTESIAN_POINT('',(5.E-1,5.E-2,3.5E-1));
#4153=DIRECTION('',(-1.E0,0.E0,0.E0));
#4154=DIRECTION('',(0.E0,-1.E0,0.E0));
#4155=AXIS2_PLACEMENT_3D('',#4152,#4153,#4154);
#4157=CURVE_STYLE('',#36,POSITIVE_LENGTH_MEASURE(2.E-2),#3905);
#4158=PRESENTATION_STYLE_ASSIGNMENT((#4157));
#4159=STYLED_ITEM('',(#4158),#4156);
#4160=DIRECTION('',(1.E0,0.E0,0.E0));
#4161=VECTOR('',#4160,1.E0);
#4162=CARTESIAN_POINT('',(-5.E-1,0.E0,3.5E-1));
#4163=LINE('',#4162,#4161);
#4164=CURVE_STYLE('',#36,POSITIVE_LENGTH_MEASURE(2.E-2),#3905);
#4165=PRESENTATION_STYLE_ASSIGNMENT((#4164));
#4166=STYLED_ITEM('',(#4165),#4163);
#4167=CARTESIAN_POINT('',(-5.E-1,3.3E-1,3.5E-1));
#4168=DIRECTION('',(1.E0,0.E0,0.E0));
#4169=DIRECTION('',(0.E0,1.E0,0.E0));
#4170=AXIS2_PLACEMENT_3D('',#4167,#4168,#4169);
#4172=CURVE_STYLE('',#36,POSITIVE_LENGTH_MEASURE(2.E-2),#3905);
#4173=PRESENTATION_STYLE_ASSIGNMENT((#4172));
#4174=STYLED_ITEM('',(#4173),#4171);
#4175=DIRECTION('',(-1.E0,0.E0,0.E0));
#4176=VECTOR('',#4175,1.E0);
#4177=CARTESIAN_POINT('',(5.E-1,3.8E-1,3.5E-1));
#4178=LINE('',#4177,#4176);
#4179=CURVE_STYLE('',#36,POSITIVE_LENGTH_MEASURE(2.E-2),#3905);
#4180=PRESENTATION_STYLE_ASSIGNMENT((#4179));
#4181=STYLED_ITEM('',(#4180),#4178);
#4182=CARTESIAN_POINT('',(5.E-1,3.3E-1,3.5E-1));
#4183=DIRECTION('',(-1.E0,0.E0,0.E0));
#4184=DIRECTION('',(0.E0,0.E0,1.E0));
#4185=AXIS2_PLACEMENT_3D('',#4182,#4183,#4184);
#4187=CURVE_STYLE('',#36,POSITIVE_LENGTH_MEASURE(2.E-2),#3905);
#4188=PRESENTATION_STYLE_ASSIGNMENT((#4187));
#4189=STYLED_ITEM('',(#4188),#4186);
#4190=DIRECTION('',(1.E0,0.E0,0.E0));
#4191=VECTOR('',#4190,1.E0);
#4192=CARTESIAN_POINT('',(-5.E-1,3.3E-1,4.E-1));
#4193=LINE('',#4192,#4191);
#4194=CURVE_STYLE('',#36,POSITIVE_LENGTH_MEASURE(2.E-2),#3905);
#4195=PRESENTATION_STYLE_ASSIGNMENT((#4194));
#4196=STYLED_ITEM('',(#4195),#4193);
#4197=DIRECTION('',(1.E0,0.E0,0.E0));
#4198=VECTOR('',#4197,2.5E-1);
#4199=CARTESIAN_POINT('',(-7.5E-1,3.3E-1,4.E-1));
#4200=LINE('',#4199,#4198);
#4201=CURVE_STYLE('',#36,POSITIVE_LENGTH_MEASURE(2.E-2),#3905);
#4202=PRESENTATION_STYLE_ASSIGNMENT((#4201));
#4203=STYLED_ITEM('',(#4202),#4200);
#4204=DIRECTION('',(-1.E0,0.E0,0.E0));
#4205=VECTOR('',#4204,2.5E-1);
#4206=CARTESIAN_POINT('',(-5.E-1,3.8E-1,3.5E-1));
#4207=LINE('',#4206,#4205);
#4208=CURVE_STYLE('',#36,POSITIVE_LENGTH_MEASURE(2.E-2),#3905);
#4209=PRESENTATION_STYLE_ASSIGNMENT((#4208));
#4210=STYLED_ITEM('',(#4209),#4207);
#4211=DIRECTION('',(0.E0,1.E0,0.E0));
#4212=VECTOR('',#4211,2.8E-1);
#4213=CARTESIAN_POINT('',(-5.E-1,5.E-2,4.E-1));
#4214=LINE('',#4213,#4212);
#4215=CURVE_STYLE('',#36,POSITIVE_LENGTH_MEASURE(2.E-2),#3905);
#4216=PRESENTATION_STYLE_ASSIGNMENT((#4215));
#4217=STYLED_ITEM('',(#4216),#4214);
#4218=DIRECTION('',(0.E0,1.E0,0.E0));
#4219=VECTOR('',#4218,2.8E-1);
#4220=CARTESIAN_POINT('',(-7.5E-1,5.E-2,4.E-1));
#4221=LINE('',#4220,#4219);
#4222=CURVE_STYLE('',#36,POSITIVE_LENGTH_MEASURE(2.E-2),#3905);
#4223=PRESENTATION_STYLE_ASSIGNMENT((#4222));
#4224=STYLED_ITEM('',(#4223),#4221);
#4225=DIRECTION('',(0.E0,-1.E0,0.E0));
#4226=VECTOR('',#4225,2.8E-1);
#4227=CARTESIAN_POINT('',(-8.E-1,3.3E-1,3.5E-1));
#4228=LINE('',#4227,#4226);
#4229=CURVE_STYLE('',#36,POSITIVE_LENGTH_MEASURE(2.E-2),#3905);
#4230=PRESENTATION_STYLE_ASSIGNMENT((#4229));
#4231=STYLED_ITEM('',(#4230),#4228);
#4232=CARTESIAN_POINT('',(-7.5E-1,3.3E-1,3.5E-1));
#4233=DIRECTION('',(0.E0,0.E0,1.E0));
#4234=DIRECTION('',(0.E0,1.E0,0.E0));
#4235=AXIS2_PLACEMENT_3D('',#4232,#4233,#4234);
#4237=CURVE_STYLE('',#36,POSITIVE_LENGTH_MEASURE(2.E-2),#3905);
#4238=PRESENTATION_STYLE_ASSIGNMENT((#4237));
#4239=STYLED_ITEM('',(#4238),#4236);
#4240=CARTESIAN_POINT('',(-7.5E-1,3.3E-1,3.5E-1));
#4241=DIRECTION('',(-1.E0,0.E0,0.E0));
#4242=DIRECTION('',(0.E0,0.E0,1.E0));
#4243=AXIS2_PLACEMENT_3D('',#4240,#4241,#4242);
#4245=CURVE_STYLE('',#36,POSITIVE_LENGTH_MEASURE(2.E-2),#3905);
#4246=PRESENTATION_STYLE_ASSIGNMENT((#4245));
#4247=STYLED_ITEM('',(#4246),#4244);
#4248=CARTESIAN_POINT('',(-7.5E-1,3.3E-1,3.5E-1));
#4249=DIRECTION('',(0.E0,1.E0,0.E0));
#4250=DIRECTION('',(-1.E0,0.E0,0.E0));
#4251=AXIS2_PLACEMENT_3D('',#4248,#4249,#4250);
#4253=CURVE_STYLE('',#36,POSITIVE_LENGTH_MEASURE(2.E-2),#3905);
#4254=PRESENTATION_STYLE_ASSIGNMENT((#4253));
#4255=STYLED_ITEM('',(#4254),#4252);
#4256=DIRECTION('',(0.E0,0.E0,1.E0));
#4257=VECTOR('',#4256,7.E-1);
#4258=CARTESIAN_POINT('',(-8.E-1,3.3E-1,-3.5E-1));
#4259=LINE('',#4258,#4257);
#4260=CURVE_STYLE('',#36,POSITIVE_LENGTH_MEASURE(2.E-2),#3905);
#4261=PRESENTATION_STYLE_ASSIGNMENT((#4260));
#4262=STYLED_ITEM('',(#4261),#4259);
#4263=DIRECTION('',(0.E0,0.E0,-1.E0));
#4264=VECTOR('',#4263,7.E-1);
#4265=CARTESIAN_POINT('',(-7.5E-1,3.8E-1,3.5E-1));
#4266=LINE('',#4265,#4264);
#4267=CURVE_STYLE('',#36,POSITIVE_LENGTH_MEASURE(2.E-2),#3905);
#4268=PRESENTATION_STYLE_ASSIGNMENT((#4267));
#4269=STYLED_ITEM('',(#4268),#4266);
#4270=DIRECTION('',(-1.E0,0.E0,0.E0));
#4271=VECTOR('',#4270,2.5E-1);
#4272=CARTESIAN_POINT('',(7.5E-1,3.8E-1,3.5E-1));
#4273=LINE('',#4272,#4271);
#4274=CURVE_STYLE('',#36,POSITIVE_LENGTH_MEASURE(2.E-2),#3905);
#4275=PRESENTATION_STYLE_ASSIGNMENT((#4274));
#4276=STYLED_ITEM('',(#4275),#4273);
#4277=DIRECTION('',(1.E0,0.E0,0.E0));
#4278=VECTOR('',#4277,2.5E-1);
#4279=CARTESIAN_POINT('',(5.E-1,3.3E-1,4.E-1));
#4280=LINE('',#4279,#4278);
#4281=CURVE_STYLE('',#36,POSITIVE_LENGTH_MEASURE(2.E-2),#3905);
#4282=PRESENTATION_STYLE_ASSIGNMENT((#4281));
#4283=STYLED_ITEM('',(#4282),#4280);
#4284=DIRECTION('',(0.E0,0.E0,1.E0));
#4285=VECTOR('',#4284,7.E-1);
#4286=CARTESIAN_POINT('',(5.E-1,3.8E-1,-3.5E-1));
#4287=LINE('',#4286,#4285);
#4288=CURVE_STYLE('',#36,POSITIVE_LENGTH_MEASURE(2.E-2),#3905);
#4289=PRESENTATION_STYLE_ASSIGNMENT((#4288));
#4290=STYLED_ITEM('',(#4289),#4287);
#4291=DIRECTION('',(-1.E0,0.E0,0.E0));
#4292=VECTOR('',#4291,2.5E-1);
#4293=CARTESIAN_POINT('',(7.5E-1,3.3E-1,-4.E-1));
#4294=LINE('',#4293,#4292);
#4295=CURVE_STYLE('',#36,POSITIVE_LENGTH_MEASURE(2.E-2),#3905);
#4296=PRESENTATION_STYLE_ASSIGNMENT((#4295));
#4297=STYLED_ITEM('',(#4296),#4294);
#4298=DIRECTION('',(1.E0,0.E0,0.E0));
#4299=VECTOR('',#4298,2.5E-1);
#4300=CARTESIAN_POINT('',(5.E-1,3.8E-1,-3.5E-1));
#4301=LINE('',#4300,#4299);
#4302=CURVE_STYLE('',#36,POSITIVE_LENGTH_MEASURE(2.E-2),#3905);
#4303=PRESENTATION_STYLE_ASSIGNMENT((#4302));
#4304=STYLED_ITEM('',(#4303),#4301);
#4305=DIRECTION('',(0.E0,1.E0,0.E0));
#4306=VECTOR('',#4305,2.8E-1);
#4307=CARTESIAN_POINT('',(5.E-1,5.E-2,-4.E-1));
#4308=LINE('',#4307,#4306);
#4309=CURVE_STYLE('',#36,POSITIVE_LENGTH_MEASURE(2.E-2),#3905);
#4310=PRESENTATION_STYLE_ASSIGNMENT((#4309));
#4311=STYLED_ITEM('',(#4310),#4308);
#4312=DIRECTION('',(-1.E0,0.E0,0.E0));
#4313=VECTOR('',#4312,2.5E-1);
#4314=CARTESIAN_POINT('',(7.5E-1,0.E0,-3.5E-1));
#4315=LINE('',#4314,#4313);
#4316=CURVE_STYLE('',#36,POSITIVE_LENGTH_MEASURE(2.E-2),#3905);
#4317=PRESENTATION_STYLE_ASSIGNMENT((#4316));
#4318=STYLED_ITEM('',(#4317),#4315);
#4319=DIRECTION('',(1.E0,0.E0,0.E0));
#4320=VECTOR('',#4319,2.5E-1);
#4321=CARTESIAN_POINT('',(5.E-1,5.E-2,-4.E-1));
#4322=LINE('',#4321,#4320);
#4323=CURVE_STYLE('',#36,POSITIVE_LENGTH_MEASURE(2.E-2),#3905);
#4324=PRESENTATION_STYLE_ASSIGNMENT((#4323));
#4325=STYLED_ITEM('',(#4324),#4322);
#4326=DIRECTION('',(-1.E0,0.E0,0.E0));
#4327=VECTOR('',#4326,2.5E-1);
#4328=CARTESIAN_POINT('',(7.5E-1,5.E-2,4.E-1));
#4329=LINE('',#4328,#4327);
#4330=CURVE_STYLE('',#36,POSITIVE_LENGTH_MEASURE(2.E-2),#3905);
#4331=PRESENTATION_STYLE_ASSIGNMENT((#4330));
#4332=STYLED_ITEM('',(#4331),#4329);
#4333=DIRECTION('',(1.E0,0.E0,0.E0));
#4334=VECTOR('',#4333,2.5E-1);
#4335=CARTESIAN_POINT('',(5.E-1,0.E0,3.5E-1));
#4336=LINE('',#4335,#4334);
#4337=CURVE_STYLE('',#36,POSITIVE_LENGTH_MEASURE(2.E-2),#3905);
#4338=PRESENTATION_STYLE_ASSIGNMENT((#4337));
#4339=STYLED_ITEM('',(#4338),#4336);
#4340=DIRECTION('',(0.E0,-1.E0,0.E0));
#4341=VECTOR('',#4340,2.8E-1);
#4342=CARTESIAN_POINT('',(5.E-1,3.3E-1,4.E-1));
#4343=LINE('',#4342,#4341);
#4344=CURVE_STYLE('',#36,POSITIVE_LENGTH_MEASURE(2.E-2),#3905);
#4345=PRESENTATION_STYLE_ASSIGNMENT((#4344));
#4346=STYLED_ITEM('',(#4345),#4343);
#4347=DIRECTION('',(0.E0,1.E0,0.E0));
#4348=VECTOR('',#4347,2.8E-1);
#4349=CARTESIAN_POINT('',(8.E-1,5.E-2,3.5E-1));
#4350=LINE('',#4349,#4348);
#4351=CURVE_STYLE('',#36,POSITIVE_LENGTH_MEASURE(2.E-2),#3905);
#4352=PRESENTATION_STYLE_ASSIGNMENT((#4351));
#4353=STYLED_ITEM('',(#4352),#4350);
#4354=DIRECTION('',(0.E0,-1.E0,0.E0));
#4355=VECTOR('',#4354,2.8E-1);
#4356=CARTESIAN_POINT('',(7.5E-1,3.3E-1,4.E-1));
#4357=LINE('',#4356,#4355);
#4358=CURVE_STYLE('',#36,POSITIVE_LENGTH_MEASURE(2.E-2),#3905);
#4359=PRESENTATION_STYLE_ASSIGNMENT((#4358));
#4360=STYLED_ITEM('',(#4359),#4357);
#4361=CARTESIAN_POINT('',(7.5E-1,3.3E-1,3.5E-1));
#4362=DIRECTION('',(1.E0,0.E0,0.E0));
#4363=DIRECTION('',(0.E0,1.E0,0.E0));
#4364=AXIS2_PLACEMENT_3D('',#4361,#4362,#4363);
#4366=CURVE_STYLE('',#36,POSITIVE_LENGTH_MEASURE(2.E-2),#3905);
#4367=PRESENTATION_STYLE_ASSIGNMENT((#4366));
#4368=STYLED_ITEM('',(#4367),#4365);
#4369=CARTESIAN_POINT('',(7.5E-1,3.3E-1,3.5E-1));
#4370=DIRECTION('',(0.E0,0.E0,1.E0));
#4371=DIRECTION('',(1.E0,0.E0,0.E0));
#4372=AXIS2_PLACEMENT_3D('',#4369,#4370,#4371);
#4374=CURVE_STYLE('',#36,POSITIVE_LENGTH_MEASURE(2.E-2),#3905);
#4375=PRESENTATION_STYLE_ASSIGNMENT((#4374));
#4376=STYLED_ITEM('',(#4375),#4373);
#4377=CARTESIAN_POINT('',(7.5E-1,3.3E-1,3.5E-1));
#4378=DIRECTION('',(0.E0,1.E0,0.E0));
#4379=DIRECTION('',(0.E0,0.E0,1.E0));
#4380=AXIS2_PLACEMENT_3D('',#4377,#4378,#4379);
#4382=CURVE_STYLE('',#36,POSITIVE_LENGTH_MEASURE(2.E-2),#3905);
#4383=PRESENTATION_STYLE_ASSIGNMENT((#4382));
#4384=STYLED_ITEM('',(#4383),#4381);
#4385=DIRECTION('',(0.E0,0.E0,1.E0));
#4386=VECTOR('',#4385,7.E-1);
#4387=CARTESIAN_POINT('',(7.5E-1,3.8E-1,-3.5E-1));
#4388=LINE('',#4387,#4386);
#4389=CURVE_STYLE('',#36,POSITIVE_LENGTH_MEASURE(2.E-2),#3905);
#4390=PRESENTATION_STYLE_ASSIGNMENT((#4389));
#4391=STYLED_ITEM('',(#4390),#4388);
#4392=DIRECTION('',(0.E0,0.E0,-1.E0));
#4393=VECTOR('',#4392,7.E-1);
#4394=CARTESIAN_POINT('',(8.E-1,3.3E-1,3.5E-1));
#4395=LINE('',#4394,#4393);
#4396=CURVE_STYLE('',#36,POSITIVE_LENGTH_MEASURE(2.E-2),#3905);
#4397=PRESENTATION_STYLE_ASSIGNMENT((#4396));
#4398=STYLED_ITEM('',(#4397),#4395);
#4399=CARTESIAN_POINT('',(7.5E-1,3.3E-1,-3.5E-1));
#4400=DIRECTION('',(1.E0,0.E0,0.E0));
#4401=DIRECTION('',(0.E0,0.E0,-1.E0));
#4402=AXIS2_PLACEMENT_3D('',#4399,#4400,#4401);
#4404=CURVE_STYLE('',#36,POSITIVE_LENGTH_MEASURE(2.E-2),#3905);
#4405=PRESENTATION_STYLE_ASSIGNMENT((#4404));
#4406=STYLED_ITEM('',(#4405),#4403);
#4407=CARTESIAN_POINT('',(7.5E-1,3.3E-1,-3.5E-1));
#4408=DIRECTION('',(0.E0,1.E0,0.E0));
#4409=DIRECTION('',(1.E0,0.E0,0.E0));
#4410=AXIS2_PLACEMENT_3D('',#4407,#4408,#4409);
#4412=CURVE_STYLE('',#36,POSITIVE_LENGTH_MEASURE(2.E-2),#3905);
#4413=PRESENTATION_STYLE_ASSIGNMENT((#4412));
#4414=STYLED_ITEM('',(#4413),#4411);
#4415=CARTESIAN_POINT('',(7.5E-1,3.3E-1,-3.5E-1));
#4416=DIRECTION('',(0.E0,0.E0,-1.E0));
#4417=DIRECTION('',(0.E0,1.E0,0.E0));
#4418=AXIS2_PLACEMENT_3D('',#4415,#4416,#4417);
#4420=CURVE_STYLE('',#36,POSITIVE_LENGTH_MEASURE(2.E-2),#3905);
#4421=PRESENTATION_STYLE_ASSIGNMENT((#4420));
#4422=STYLED_ITEM('',(#4421),#4419);
#4423=DIRECTION('',(0.E0,1.E0,0.E0));
#4424=VECTOR('',#4423,2.8E-1);
#4425=CARTESIAN_POINT('',(7.5E-1,5.E-2,-4.E-1));
#4426=LINE('',#4425,#4424);
#4427=CURVE_STYLE('',#36,POSITIVE_LENGTH_MEASURE(2.E-2),#3905);
#4428=PRESENTATION_STYLE_ASSIGNMENT((#4427));
#4429=STYLED_ITEM('',(#4428),#4426);
#4430=DIRECTION('',(0.E0,-1.E0,0.E0));
#4431=VECTOR('',#4430,2.8E-1);
#4432=CARTESIAN_POINT('',(8.E-1,3.3E-1,-3.5E-1));
#4433=LINE('',#4432,#4431);
#4434=CURVE_STYLE('',#36,POSITIVE_LENGTH_MEASURE(2.E-2),#3905);
#4435=PRESENTATION_STYLE_ASSIGNMENT((#4434));
#4436=STYLED_ITEM('',(#4435),#4433);
#4437=CARTESIAN_POINT('',(7.5E-1,5.E-2,-3.5E-1));
#4438=DIRECTION('',(0.E0,0.E0,-1.E0));
#4439=DIRECTION('',(1.E0,0.E0,0.E0));
#4440=AXIS2_PLACEMENT_3D('',#4437,#4438,#4439);
#4442=CURVE_STYLE('',#36,POSITIVE_LENGTH_MEASURE(2.E-2),#3905);
#4443=PRESENTATION_STYLE_ASSIGNMENT((#4442));
#4444=STYLED_ITEM('',(#4443),#4441);
#4445=CARTESIAN_POINT('',(7.5E-1,5.E-2,-3.5E-1));
#4446=DIRECTION('',(0.E0,-1.E0,0.E0));
#4447=DIRECTION('',(0.E0,0.E0,-1.E0));
#4448=AXIS2_PLACEMENT_3D('',#4445,#4446,#4447);
#4450=CURVE_STYLE('',#36,POSITIVE_LENGTH_MEASURE(2.E-2),#3905);
#4451=PRESENTATION_STYLE_ASSIGNMENT((#4450));
#4452=STYLED_ITEM('',(#4451),#4449);
#4453=CARTESIAN_POINT('',(7.5E-1,5.E-2,-3.5E-1));
#4454=DIRECTION('',(1.E0,0.E0,0.E0));
#4455=DIRECTION('',(0.E0,-1.E0,0.E0));
#4456=AXIS2_PLACEMENT_3D('',#4453,#4454,#4455);
#4458=CURVE_STYLE('',#36,POSITIVE_LENGTH_MEASURE(2.E-2),#3905);
#4459=PRESENTATION_STYLE_ASSIGNMENT((#4458));
#4460=STYLED_ITEM('',(#4459),#4457);
#4461=DIRECTION('',(0.E0,0.E0,1.E0));
#4462=VECTOR('',#4461,7.E-1);
#4463=CARTESIAN_POINT('',(8.E-1,5.E-2,-3.5E-1));
#4464=LINE('',#4463,#4462);
#4465=CURVE_STYLE('',#36,POSITIVE_LENGTH_MEASURE(2.E-2),#3905);
#4466=PRESENTATION_STYLE_ASSIGNMENT((#4465));
#4467=STYLED_ITEM('',(#4466),#4464);
#4468=DIRECTION('',(0.E0,0.E0,-1.E0));
#4469=VECTOR('',#4468,7.E-1);
#4470=CARTESIAN_POINT('',(7.5E-1,0.E0,3.5E-1));
#4471=LINE('',#4470,#4469);
#4472=CURVE_STYLE('',#36,POSITIVE_LENGTH_MEASURE(2.E-2),#3905);
#4473=PRESENTATION_STYLE_ASSIGNMENT((#4472));
#4474=STYLED_ITEM('',(#4473),#4471);
#4475=CARTESIAN_POINT('',(7.5E-1,5.E-2,3.5E-1));
#4476=DIRECTION('',(0.E0,-1.E0,0.E0));
#4477=DIRECTION('',(1.E0,0.E0,0.E0));
#4478=AXIS2_PLACEMENT_3D('',#4475,#4476,#4477);
#4480=CURVE_STYLE('',#36,POSITIVE_LENGTH_MEASURE(2.E-2),#3905);
#4481=PRESENTATION_STYLE_ASSIGNMENT((#4480));
#4482=STYLED_ITEM('',(#4481),#4479);
#4483=CARTESIAN_POINT('',(7.5E-1,5.E-2,3.5E-1));
#4484=DIRECTION('',(0.E0,0.E0,1.E0));
#4485=DIRECTION('',(0.E0,-1.E0,0.E0));
#4486=AXIS2_PLACEMENT_3D('',#4483,#4484,#4485);
#4488=CURVE_STYLE('',#36,POSITIVE_LENGTH_MEASURE(2.E-2),#3905);
#4489=PRESENTATION_STYLE_ASSIGNMENT((#4488));
#4490=STYLED_ITEM('',(#4489),#4487);
#4491=CARTESIAN_POINT('',(7.5E-1,5.E-2,3.5E-1));
#4492=DIRECTION('',(1.E0,0.E0,0.E0));
#4493=DIRECTION('',(0.E0,0.E0,1.E0));
#4494=AXIS2_PLACEMENT_3D('',#4491,#4492,#4493);
#4496=CURVE_STYLE('',#36,POSITIVE_LENGTH_MEASURE(2.E-2),#3905);
#4497=PRESENTATION_STYLE_ASSIGNMENT((#4496));
#4498=STYLED_ITEM('',(#4497),#4495);
#4499=CARTESIAN_POINT('',(-5.E-1,3.8E-1,3.5E-1));
#4500=CARTESIAN_POINT('',(-5.E-1,3.8E-1,-3.5E-1));
#4501=VERTEX_POINT('',#4499);
#4502=VERTEX_POINT('',#4500);
#4503=CARTESIAN_POINT('',(-7.5E-1,3.8E-1,-3.5E-1));
#4504=VERTEX_POINT('',#4503);
#4505=CARTESIAN_POINT('',(-7.5E-1,3.8E-1,3.5E-1));
#4506=VERTEX_POINT('',#4505);
#4507=CARTESIAN_POINT('',(5.E-1,3.8E-1,-3.5E-1));
#4508=CARTESIAN_POINT('',(5.E-1,3.8E-1,3.5E-1));
#4509=VERTEX_POINT('',#4507);
#4510=VERTEX_POINT('',#4508);
#4511=CARTESIAN_POINT('',(7.5E-1,3.8E-1,3.5E-1));
#4512=VERTEX_POINT('',#4511);
#4513=CARTESIAN_POINT('',(7.5E-1,3.8E-1,-3.5E-1));
#4514=VERTEX_POINT('',#4513);
#4515=CARTESIAN_POINT('',(-7.5E-1,3.3E-1,4.E-1));
#4516=CARTESIAN_POINT('',(-5.E-1,3.3E-1,4.E-1));
#4517=VERTEX_POINT('',#4515);
#4518=VERTEX_POINT('',#4516);
#4519=CARTESIAN_POINT('',(5.E-1,3.3E-1,4.E-1));
#4520=VERTEX_POINT('',#4519);
#4521=CARTESIAN_POINT('',(7.5E-1,3.3E-1,4.E-1));
#4522=VERTEX_POINT('',#4521);
#4523=CARTESIAN_POINT('',(-5.E-1,5.E-2,4.E-1));
#4524=VERTEX_POINT('',#4523);
#4525=CARTESIAN_POINT('',(-7.5E-1,5.E-2,4.E-1));
#4526=VERTEX_POINT('',#4525);
#4527=CARTESIAN_POINT('',(5.E-1,5.E-2,4.E-1));
#4528=VERTEX_POINT('',#4527);
#4529=CARTESIAN_POINT('',(7.5E-1,5.E-2,4.E-1));
#4530=VERTEX_POINT('',#4529);
#4531=CARTESIAN_POINT('',(-7.5E-1,0.E0,3.5E-1));
#4532=CARTESIAN_POINT('',(-5.E-1,0.E0,3.5E-1));
#4533=VERTEX_POINT('',#4531);
#4534=VERTEX_POINT('',#4532);
#4535=CARTESIAN_POINT('',(5.E-1,0.E0,3.5E-1));
#4536=VERTEX_POINT('',#4535);
#4537=CARTESIAN_POINT('',(7.5E-1,0.E0,3.5E-1));
#4538=VERTEX_POINT('',#4537);
#4539=CARTESIAN_POINT('',(-5.E-1,0.E0,-3.5E-1));
#4540=CARTESIAN_POINT('',(-7.5E-1,0.E0,-3.5E-1));
#4541=VERTEX_POINT('',#4539);
#4542=VERTEX_POINT('',#4540);
#4543=CARTESIAN_POINT('',(5.E-1,0.E0,-3.5E-1));
#4544=VERTEX_POINT('',#4543);
#4545=CARTESIAN_POINT('',(7.5E-1,0.E0,-3.5E-1));
#4546=VERTEX_POINT('',#4545);
#4547=CARTESIAN_POINT('',(-5.E-1,3.3E-1,-4.E-1));
#4548=VERTEX_POINT('',#4547);
#4549=CARTESIAN_POINT('',(-7.5E-1,3.3E-1,-4.E-1));
#4550=VERTEX_POINT('',#4549);
#4551=CARTESIAN_POINT('',(7.5E-1,3.3E-1,-4.E-1));
#4552=CARTESIAN_POINT('',(5.E-1,3.3E-1,-4.E-1));
#4553=VERTEX_POINT('',#4551);
#4554=VERTEX_POINT('',#4552);
#4555=CARTESIAN_POINT('',(-7.5E-1,5.E-2,-4.E-1));
#4556=CARTESIAN_POINT('',(-5.E-1,5.E-2,-4.E-1));
#4557=VERTEX_POINT('',#4555);
#4558=VERTEX_POINT('',#4556);
#4559=CARTESIAN_POINT('',(5.E-1,5.E-2,-4.E-1));
#4560=VERTEX_POINT('',#4559);
#4561=CARTESIAN_POINT('',(7.5E-1,5.E-2,-4.E-1));
#4562=VERTEX_POINT('',#4561);
#4563=CARTESIAN_POINT('',(8.E-1,3.3E-1,-3.5E-1));
#4564=CARTESIAN_POINT('',(8.E-1,5.E-2,-3.5E-1));
#4565=VERTEX_POINT('',#4563);
#4566=VERTEX_POINT('',#4564);
#4567=CARTESIAN_POINT('',(8.E-1,3.3E-1,3.5E-1));
#4568=VERTEX_POINT('',#4567);
#4569=CARTESIAN_POINT('',(8.E-1,5.E-2,3.5E-1));
#4570=VERTEX_POINT('',#4569);
#4571=CARTESIAN_POINT('',(-8.E-1,3.3E-1,3.5E-1));
#4572=CARTESIAN_POINT('',(-8.E-1,5.E-2,3.5E-1));
#4573=VERTEX_POINT('',#4571);
#4574=VERTEX_POINT('',#4572);
#4575=CARTESIAN_POINT('',(-8.E-1,3.3E-1,-3.5E-1));
#4576=VERTEX_POINT('',#4575);
#4577=CARTESIAN_POINT('',(-8.E-1,5.E-2,-3.5E-1));
#4578=VERTEX_POINT('',#4577);
#4579=CARTESIAN_POINT('',(8.E-1,3.8E-1,-4.E-1));
#4580=DIRECTION('',(0.E0,-1.E0,0.E0));
#4581=DIRECTION('',(0.E0,0.E0,-1.E0));
#4582=AXIS2_PLACEMENT_3D('',#4579,#4580,#4581);
#4583=PLANE('',#4582);
#4585=ORIENTED_EDGE('',*,*,#4584,.F.);
#4587=ORIENTED_EDGE('',*,*,#4586,.T.);
#4589=ORIENTED_EDGE('',*,*,#4588,.T.);
#4591=ORIENTED_EDGE('',*,*,#4590,.T.);
#4592=EDGE_LOOP('',(#4585,#4587,#4589,#4591));
#4593=FACE_OUTER_BOUND('',#4592,.F.);
#4594=ADVANCED_FACE('',(#4593),#4583,.F.);
#4595=CARTESIAN_POINT('',(8.E-1,3.8E-1,-4.E-1));
#4596=DIRECTION('',(0.E0,-1.E0,0.E0));
#4597=DIRECTION('',(0.E0,0.E0,-1.E0));
#4598=AXIS2_PLACEMENT_3D('',#4595,#4596,#4597);
#4599=PLANE('',#4598);
#4601=ORIENTED_EDGE('',*,*,#4600,.T.);
#4603=ORIENTED_EDGE('',*,*,#4602,.T.);
#4605=ORIENTED_EDGE('',*,*,#4604,.T.);
#4606=ORIENTED_EDGE('',*,*,#4584,.T.);
#4607=EDGE_LOOP('',(#4601,#4603,#4605,#4606));
#4608=FACE_OUTER_BOUND('',#4607,.F.);
#4609=ADVANCED_FACE('',(#4608),#4599,.F.);
#4610=FILL_AREA_STYLE_COLOUR('',#3904);
#4611=FILL_AREA_STYLE('',(#4610));
#4612=SURFACE_STYLE_FILL_AREA(#4611);
#4613=SURFACE_SIDE_STYLE('',(#4612));
#4614=SURFACE_STYLE_USAGE(.BOTH.,#4613);
#4615=PRESENTATION_STYLE_ASSIGNMENT((#4614));
#4616=OVER_RIDING_STYLED_ITEM('',(#4615),#4609,#3906);
#4617=CARTESIAN_POINT('',(8.E-1,3.3E-1,-3.5E-1));
#4618=DIRECTION('',(-1.E0,0.E0,0.E0));
#4619=DIRECTION('',(0.E0,0.E0,1.E0));
#4620=AXIS2_PLACEMENT_3D('',#4617,#4618,#4619);
#4621=CYLINDRICAL_SURFACE('',#4620,5.E-2);
#4623=ORIENTED_EDGE('',*,*,#4622,.F.);
#4625=ORIENTED_EDGE('',*,*,#4624,.F.);
#4627=ORIENTED_EDGE('',*,*,#4626,.F.);
#4628=ORIENTED_EDGE('',*,*,#4600,.F.);
#4629=EDGE_LOOP('',(#4623,#4625,#4627,#4628));
#4630=FACE_OUTER_BOUND('',#4629,.F.);
#4631=ADVANCED_FACE('',(#4630),#4621,.T.);
#4632=FILL_AREA_STYLE_COLOUR('',#3904);
#4633=FILL_AREA_STYLE('',(#4632));
#4634=SURFACE_STYLE_FILL_AREA(#4633);
#4635=SURFACE_SIDE_STYLE('',(#4634));
#4636=SURFACE_STYLE_USAGE(.BOTH.,#4635);
#4637=PRESENTATION_STYLE_ASSIGNMENT((#4636));
#4638=OVER_RIDING_STYLED_ITEM('',(#4637),#4631,#3906);
#4639=CARTESIAN_POINT('',(8.E-1,3.3E-1,-3.5E-1));
#4640=DIRECTION('',(-1.E0,0.E0,0.E0));
#4641=DIRECTION('',(0.E0,0.E0,1.E0));
#4642=AXIS2_PLACEMENT_3D('',#4639,#4640,#4641);
#4643=CYLINDRICAL_SURFACE('',#4642,5.E-2);
#4644=ORIENTED_EDGE('',*,*,#4590,.F.);
#4646=ORIENTED_EDGE('',*,*,#4645,.T.);
#4648=ORIENTED_EDGE('',*,*,#4647,.F.);
#4649=ORIENTED_EDGE('',*,*,#4622,.T.);
#4650=EDGE_LOOP('',(#4644,#4646,#4648,#4649));
#4651=FACE_OUTER_BOUND('',#4650,.F.);
#4652=ADVANCED_FACE('',(#4651),#4643,.T.);
#4653=CARTESIAN_POINT('',(-7.5E-1,3.3E-1,-3.5E-1));
#4654=DIRECTION('',(0.E0,1.E0,0.E0));
#4655=DIRECTION('',(1.E0,0.E0,0.E0));
#4656=AXIS2_PLACEMENT_3D('',#4653,#4654,#4655);
#4657=SPHERICAL_SURFACE('',#4656,5.E-2);
#4659=ORIENTED_EDGE('',*,*,#4658,.F.);
#4660=ORIENTED_EDGE('',*,*,#4645,.F.);
#4662=ORIENTED_EDGE('',*,*,#4661,.F.);
#4663=EDGE_LOOP('',(#4659,#4660,#4662));
#4664=FACE_OUTER_BOUND('',#4663,.F.);
#4665=ADVANCED_FACE('',(#4664),#4657,.T.);
#4666=CARTESIAN_POINT('',(-7.5E-1,3.8E-1,-3.5E-1));
#4667=DIRECTION('',(0.E0,-1.E0,0.E0));
#4668=DIRECTION('',(0.E0,0.E0,-1.E0));
#4669=AXIS2_PLACEMENT_3D('',#4666,#4667,#4668);
#4670=CYLINDRICAL_SURFACE('',#4669,5.E-2);
#4672=ORIENTED_EDGE('',*,*,#4671,.T.);
#4674=ORIENTED_EDGE('',*,*,#4673,.F.);
#4675=ORIENTED_EDGE('',*,*,#4658,.T.);
#4677=ORIENTED_EDGE('',*,*,#4676,.F.);
#4678=EDGE_LOOP('',(#4672,#4674,#4675,#4677));
#4679=FACE_OUTER_BOUND('',#4678,.F.);
#4680=ADVANCED_FACE('',(#4679),#4670,.T.);
#4681=CARTESIAN_POINT('',(-7.5E-1,5.E-2,-3.5E-1));
#4682=DIRECTION('',(0.E0,1.E0,0.E0));
#4683=DIRECTION('',(1.E0,0.E0,0.E0));
#4684=AXIS2_PLACEMENT_3D('',#4681,#4682,#4683);
#4685=SPHERICAL_SURFACE('',#4684,5.E-2);
#4687=ORIENTED_EDGE('',*,*,#4686,.F.);
#4689=ORIENTED_EDGE('',*,*,#4688,.F.);
#4690=ORIENTED_EDGE('',*,*,#4671,.F.);
#4691=EDGE_LOOP('',(#4687,#4689,#4690));
#4692=FACE_OUTER_BOUND('',#4691,.F.);
#4693=ADVANCED_FACE('',(#4692),#4685,.T.);
#4694=CARTESIAN_POINT('',(-7.5E-1,5.E-2,4.E-1));
#4695=DIRECTION('',(0.E0,0.E0,-1.E0));
#4696=DIRECTION('',(-1.E0,0.E0,0.E0));
#4697=AXIS2_PLACEMENT_3D('',#4694,#4695,#4696);
#4698=CYLINDRICAL_SURFACE('',#4697,5.E-2);
#4700=ORIENTED_EDGE('',*,*,#4699,.T.);
#4702=ORIENTED_EDGE('',*,*,#4701,.F.);
#4703=ORIENTED_EDGE('',*,*,#4686,.T.);
#4705=ORIENTED_EDGE('',*,*,#4704,.F.);
#4706=EDGE_LOOP('',(#4700,#4702,#4703,#4705));
#4707=FACE_OUTER_BOUND('',#4706,.F.);
#4708=ADVANCED_FACE('',(#4707),#4698,.T.);
#4709=CARTESIAN_POINT('',(-7.5E-1,5.E-2,3.5E-1));
#4710=DIRECTION('',(0.E0,1.E0,0.E0));
#4711=DIRECTION('',(1.E0,0.E0,0.E0));
#4712=AXIS2_PLACEMENT_3D('',#4709,#4710,#4711);
#4713=SPHERICAL_SURFACE('',#4712,5.E-2);
#4715=ORIENTED_EDGE('',*,*,#4714,.F.);
#4716=ORIENTED_EDGE('',*,*,#4699,.F.);
#4718=ORIENTED_EDGE('',*,*,#4717,.F.);
#4719=EDGE_LOOP('',(#4715,#4716,#4718));
#4720=FACE_OUTER_BOUND('',#4719,.F.);
#4721=ADVANCED_FACE('',(#4720),#4713,.T.);
#4722=CARTESIAN_POINT('',(-8.E-1,5.E-2,3.5E-1));
#4723=DIRECTION('',(-1.E0,0.E0,0.E0));
#4724=DIRECTION('',(0.E0,0.E0,1.E0));
#4725=AXIS2_PLACEMENT_3D('',#4722,#4723,#4724);
#4726=CYLINDRICAL_SURFACE('',#4725,5.E-2);
#4728=ORIENTED_EDGE('',*,*,#4727,.F.);
#4729=ORIENTED_EDGE('',*,*,#4714,.T.);
#4731=ORIENTED_EDGE('',*,*,#4730,.F.);
#4733=ORIENTED_EDGE('',*,*,#4732,.T.);
#4734=EDGE_LOOP('',(#4728,#4729,#4731,#4733));
#4735=FACE_OUTER_BOUND('',#4734,.F.);
#4736=ADVANCED_FACE('',(#4735),#4726,.T.);
#4737=CARTESIAN_POINT('',(8.E-1,0.E0,-4.E-1));
#4738=DIRECTION('',(0.E0,-1.E0,0.E0));
#4739=DIRECTION('',(0.E0,0.E0,-1.E0));
#4740=AXIS2_PLACEMENT_3D('',#4737,#4738,#4739);
#4741=PLANE('',#4740);
#4743=ORIENTED_EDGE('',*,*,#4742,.T.);
#4744=ORIENTED_EDGE('',*,*,#4701,.T.);
#4745=ORIENTED_EDGE('',*,*,#4727,.T.);
#4747=ORIENTED_EDGE('',*,*,#4746,.T.);
#4748=EDGE_LOOP('',(#4743,#4744,#4745,#4747));
#4749=FACE_OUTER_BOUND('',#4748,.F.);
#4750=ADVANCED_FACE('',(#4749),#4741,.T.);
#4751=CARTESIAN_POINT('',(-8.E-1,5.E-2,-3.5E-1));
#4752=DIRECTION('',(1.E0,0.E0,0.E0));
#4753=DIRECTION('',(0.E0,0.E0,-1.E0));
#4754=AXIS2_PLACEMENT_3D('',#4751,#4752,#4753);
#4755=CYLINDRICAL_SURFACE('',#4754,5.E-2);
#4757=ORIENTED_EDGE('',*,*,#4756,.F.);
#4758=ORIENTED_EDGE('',*,*,#4688,.T.);
#4759=ORIENTED_EDGE('',*,*,#4742,.F.);
#4761=ORIENTED_EDGE('',*,*,#4760,.T.);
#4762=EDGE_LOOP('',(#4757,#4758,#4759,#4761));
#4763=FACE_OUTER_BOUND('',#4762,.F.);
#4764=ADVANCED_FACE('',(#4763),#4755,.T.);
#4765=CARTESIAN_POINT('',(-8.E-1,3.8E-1,-4.E-1));
#4766=DIRECTION('',(0.E0,0.E0,1.E0));
#4767=DIRECTION('',(1.E0,0.E0,0.E0));
#4768=AXIS2_PLACEMENT_3D('',#4765,#4766,#4767);
#4769=PLANE('',#4768);
#4771=ORIENTED_EDGE('',*,*,#4770,.F.);
#4772=ORIENTED_EDGE('',*,*,#4647,.T.);
#4773=ORIENTED_EDGE('',*,*,#4673,.T.);
#4774=ORIENTED_EDGE('',*,*,#4756,.T.);
#4775=EDGE_LOOP('',(#4771,#4772,#4773,#4774));
#4776=FACE_OUTER_BOUND('',#4775,.F.);
#4777=ADVANCED_FACE('',(#4776),#4769,.F.);
#4778=CARTESIAN_POINT('',(-8.E-1,3.8E-1,-4.E-1));
#4779=DIRECTION('',(0.E0,0.E0,1.E0));
#4780=DIRECTION('',(1.E0,0.E0,0.E0));
#4781=AXIS2_PLACEMENT_3D('',#4778,#4779,#4780);
#4782=PLANE('',#4781);
#4784=ORIENTED_EDGE('',*,*,#4783,.T.);
#4786=ORIENTED_EDGE('',*,*,#4785,.T.);
#4787=ORIENTED_EDGE('',*,*,#4624,.T.);
#4788=ORIENTED_EDGE('',*,*,#4770,.T.);
#4789=EDGE_LOOP('',(#4784,#4786,#4787,#4788));
#4790=FACE_OUTER_BOUND('',#4789,.F.);
#4791=ADVANCED_FACE('',(#4790),#4782,.F.);
#4792=FILL_AREA_STYLE_COLOUR('',#3904);
#4793=FILL_AREA_STYLE('',(#4792));
#4794=SURFACE_STYLE_FILL_AREA(#4793);
#4795=SURFACE_SIDE_STYLE('',(#4794));
#4796=SURFACE_STYLE_USAGE(.BOTH.,#4795);
#4797=PRESENTATION_STYLE_ASSIGNMENT((#4796));
#4798=OVER_RIDING_STYLED_ITEM('',(#4797),#4791,#3906);
#4799=CARTESIAN_POINT('',(-8.E-1,5.E-2,-3.5E-1));
#4800=DIRECTION('',(1.E0,0.E0,0.E0));
#4801=DIRECTION('',(0.E0,0.E0,-1.E0));
#4802=AXIS2_PLACEMENT_3D('',#4799,#4800,#4801);
#4803=CYLINDRICAL_SURFACE('',#4802,5.E-2);
#4804=ORIENTED_EDGE('',*,*,#4760,.F.);
#4806=ORIENTED_EDGE('',*,*,#4805,.F.);
#4808=ORIENTED_EDGE('',*,*,#4807,.F.);
#4809=ORIENTED_EDGE('',*,*,#4783,.F.);
#4810=EDGE_LOOP('',(#4804,#4806,#4808,#4809));
#4811=FACE_OUTER_BOUND('',#4810,.F.);
#4812=ADVANCED_FACE('',(#4811),#4803,.T.);
#4813=FILL_AREA_STYLE_COLOUR('',#3904);
#4814=FILL_AREA_STYLE('',(#4813));
#4815=SURFACE_STYLE_FILL_AREA(#4814);
#4816=SURFACE_SIDE_STYLE('',(#4815));
#4817=SURFACE_STYLE_USAGE(.BOTH.,#4816);
#4818=PRESENTATION_STYLE_ASSIGNMENT((#4817));
#4819=OVER_RIDING_STYLED_ITEM('',(#4818),#4812,#3906);
#4820=CARTESIAN_POINT('',(8.E-1,0.E0,-4.E-1));
#4821=DIRECTION('',(0.E0,-1.E0,0.E0));
#4822=DIRECTION('',(0.E0,0.E0,-1.E0));
#4823=AXIS2_PLACEMENT_3D('',#4820,#4821,#4822);
#4824=PLANE('',#4823);
#4825=ORIENTED_EDGE('',*,*,#4746,.F.);
#4827=ORIENTED_EDGE('',*,*,#4826,.T.);
#4829=ORIENTED_EDGE('',*,*,#4828,.F.);
#4830=ORIENTED_EDGE('',*,*,#4805,.T.);
#4831=EDGE_LOOP('',(#4825,#4827,#4829,#4830));
#4832=FACE_OUTER_BOUND('',#4831,.F.);
#4833=ADVANCED_FACE('',(#4832),#4824,.T.);
#4834=FILL_AREA_STYLE_COLOUR('',#3904);
#4835=FILL_AREA_STYLE('',(#4834));
#4836=SURFACE_STYLE_FILL_AREA(#4835);
#4837=SURFACE_SIDE_STYLE('',(#4836));
#4838=SURFACE_STYLE_USAGE(.BOTH.,#4837);
#4839=PRESENTATION_STYLE_ASSIGNMENT((#4838));
#4840=OVER_RIDING_STYLED_ITEM('',(#4839),#4833,#3906);
#4841=CARTESIAN_POINT('',(-8.E-1,5.E-2,3.5E-1));
#4842=DIRECTION('',(-1.E0,0.E0,0.E0));
#4843=DIRECTION('',(0.E0,0.E0,1.E0));
#4844=AXIS2_PLACEMENT_3D('',#4841,#4842,#4843);
#4845=CYLINDRICAL_SURFACE('',#4844,5.E-2);
#4846=ORIENTED_EDGE('',*,*,#4732,.F.);
#4848=ORIENTED_EDGE('',*,*,#4847,.F.);
#4850=ORIENTED_EDGE('',*,*,#4849,.F.);
#4851=ORIENTED_EDGE('',*,*,#4826,.F.);
#4852=EDGE_LOOP('',(#4846,#4848,#4850,#4851));
#4853=FACE_OUTER_BOUND('',#4852,.F.);
#4854=ADVANCED_FACE('',(#4853),#4845,.T.);
#4855=FILL_AREA_STYLE_COLOUR('',#3904);
#4856=FILL_AREA_STYLE('',(#4855));
#4857=SURFACE_STYLE_FILL_AREA(#4856);
#4858=SURFACE_SIDE_STYLE('',(#4857));
#4859=SURFACE_STYLE_USAGE(.BOTH.,#4858);
#4860=PRESENTATION_STYLE_ASSIGNMENT((#4859));
#4861=OVER_RIDING_STYLED_ITEM('',(#4860),#4854,#3906);
#4862=CARTESIAN_POINT('',(-8.E-1,3.8E-1,4.E-1));
#4863=DIRECTION('',(0.E0,0.E0,-1.E0));
#4864=DIRECTION('',(-1.E0,0.E0,0.E0));
#4865=AXIS2_PLACEMENT_3D('',#4862,#4863,#4864);
#4866=PLANE('',#4865);
#4868=ORIENTED_EDGE('',*,*,#4867,.T.);
#4870=ORIENTED_EDGE('',*,*,#4869,.T.);
#4871=ORIENTED_EDGE('',*,*,#4847,.T.);
#4873=ORIENTED_EDGE('',*,*,#4872,.T.);
#4874=EDGE_LOOP('',(#4868,#4870,#4871,#4873));
#4875=FACE_OUTER_BOUND('',#4874,.F.);
#4876=ADVANCED_FACE('',(#4875),#4866,.F.);
#4877=FILL_AREA_STYLE_COLOUR('',#3904);
#4878=FILL_AREA_STYLE('',(#4877));
#4879=SURFACE_STYLE_FILL_AREA(#4878);
#4880=SURFACE_SIDE_STYLE('',(#4879));
#4881=SURFACE_STYLE_USAGE(.BOTH.,#4880);
#4882=PRESENTATION_STYLE_ASSIGNMENT((#4881));
#4883=OVER_RIDING_STYLED_ITEM('',(#4882),#4876,#3906);
#4884=CARTESIAN_POINT('',(8.E-1,3.3E-1,3.5E-1));
#4885=DIRECTION('',(1.E0,0.E0,0.E0));
#4886=DIRECTION('',(0.E0,0.E0,-1.E0));
#4887=AXIS2_PLACEMENT_3D('',#4884,#4885,#4886);
#4888=CYLINDRICAL_SURFACE('',#4887,5.E-2);
#4890=ORIENTED_EDGE('',*,*,#4889,.F.);
#4891=ORIENTED_EDGE('',*,*,#4604,.F.);
#4893=ORIENTED_EDGE('',*,*,#4892,.F.);
#4894=ORIENTED_EDGE('',*,*,#4867,.F.);
#4895=EDGE_LOOP('',(#4890,#4891,#4893,#4894));
#4896=FACE_OUTER_BOUND('',#4895,.F.);
#4897=ADVANCED_FACE('',(#4896),#4888,.T.);
#4898=FILL_AREA_STYLE_COLOUR('',#3904);
#4899=FILL_AREA_STYLE('',(#4898));
#4900=SURFACE_STYLE_FILL_AREA(#4899);
#4901=SURFACE_SIDE_STYLE('',(#4900));
#4902=SURFACE_STYLE_USAGE(.BOTH.,#4901);
#4903=PRESENTATION_STYLE_ASSIGNMENT((#4902));
#4904=OVER_RIDING_STYLED_ITEM('',(#4903),#4897,#3906);
#4905=CARTESIAN_POINT('',(8.E-1,3.3E-1,3.5E-1));
#4906=DIRECTION('',(1.E0,0.E0,0.E0));
#4907=DIRECTION('',(0.E0,0.E0,-1.E0));
#4908=AXIS2_PLACEMENT_3D('',#4905,#4906,#4907);
#4909=CYLINDRICAL_SURFACE('',#4908,5.E-2);
#4911=ORIENTED_EDGE('',*,*,#4910,.F.);
#4913=ORIENTED_EDGE('',*,*,#4912,.T.);
#4914=ORIENTED_EDGE('',*,*,#4586,.F.);
#4915=ORIENTED_EDGE('',*,*,#4889,.T.);
#4916=EDGE_LOOP('',(#4911,#4913,#4914,#4915));
#4917=FACE_OUTER_BOUND('',#4916,.F.);
#4918=ADVANCED_FACE('',(#4917),#4909,.T.);
#4919=CARTESIAN_POINT('',(-8.E-1,3.8E-1,4.E-1));
#4920=DIRECTION('',(0.E0,0.E0,-1.E0));
#4921=DIRECTION('',(-1.E0,0.E0,0.E0));
#4922=AXIS2_PLACEMENT_3D('',#4919,#4920,#4921);
#4923=PLANE('',#4922);
#4924=ORIENTED_EDGE('',*,*,#4872,.F.);
#4925=ORIENTED_EDGE('',*,*,#4730,.T.);
#4927=ORIENTED_EDGE('',*,*,#4926,.T.);
#4928=ORIENTED_EDGE('',*,*,#4910,.T.);
#4929=EDGE_LOOP('',(#4924,#4925,#4927,#4928));
#4930=FACE_OUTER_BOUND('',#4929,.F.);
#4931=ADVANCED_FACE('',(#4930),#4923,.F.);
#4932=CARTESIAN_POINT('',(-7.5E-1,3.8E-1,3.5E-1));
#4933=DIRECTION('',(0.E0,-1.E0,0.E0));
#4934=DIRECTION('',(0.E0,0.E0,-1.E0));
#4935=AXIS2_PLACEMENT_3D('',#4932,#4933,#4934);
#4936=CYLINDRICAL_SURFACE('',#4935,5.E-2);
#4938=ORIENTED_EDGE('',*,*,#4937,.T.);
#4939=ORIENTED_EDGE('',*,*,#4926,.F.);
#4940=ORIENTED_EDGE('',*,*,#4717,.T.);
#4942=ORIENTED_EDGE('',*,*,#4941,.F.);
#4943=EDGE_LOOP('',(#4938,#4939,#4940,#4942));
#4944=FACE_OUTER_BOUND('',#4943,.F.);
#4945=ADVANCED_FACE('',(#4944),#4936,.T.);
#4946=CARTESIAN_POINT('',(-7.5E-1,3.3E-1,3.5E-1));
#4947=DIRECTION('',(0.E0,1.E0,0.E0));
#4948=DIRECTION('',(1.E0,0.E0,0.E0));
#4949=AXIS2_PLACEMENT_3D('',#4946,#4947,#4948);
#4950=SPHERICAL_SURFACE('',#4949,5.E-2);
#4952=ORIENTED_EDGE('',*,*,#4951,.F.);
#4953=ORIENTED_EDGE('',*,*,#4912,.F.);
#4954=ORIENTED_EDGE('',*,*,#4937,.F.);
#4955=EDGE_LOOP('',(#4952,#4953,#4954));
#4956=FACE_OUTER_BOUND('',#4955,.F.);
#4957=ADVANCED_FACE('',(#4956),#4950,.T.);
#4958=CARTESIAN_POINT('',(-7.5E-1,3.3E-1,-4.E-1));
#4959=DIRECTION('',(0.E0,0.E0,1.E0));
#4960=DIRECTION('',(1.E0,0.E0,0.E0));
#4961=AXIS2_PLACEMENT_3D('',#4958,#4959,#4960);
#4962=CYLINDRICAL_SURFACE('',#4961,5.E-2);
#4963=ORIENTED_EDGE('',*,*,#4951,.T.);
#4965=ORIENTED_EDGE('',*,*,#4964,.F.);
#4966=ORIENTED_EDGE('',*,*,#4661,.T.);
#4967=ORIENTED_EDGE('',*,*,#4588,.F.);
#4968=EDGE_LOOP('',(#4963,#4965,#4966,#4967));
#4969=FACE_OUTER_BOUND('',#4968,.F.);
#4970=ADVANCED_FACE('',(#4969),#4962,.T.);
#4971=CARTESIAN_POINT('',(-8.E-1,3.8E-1,4.E-1));
#4972=DIRECTION('',(1.E0,0.E0,0.E0));
#4973=DIRECTION('',(0.E0,0.E0,-1.E0));
#4974=AXIS2_PLACEMENT_3D('',#4971,#4972,#4973);
#4975=PLANE('',#4974);
#4976=ORIENTED_EDGE('',*,*,#4941,.T.);
#4977=ORIENTED_EDGE('',*,*,#4704,.T.);
#4978=ORIENTED_EDGE('',*,*,#4676,.T.);
#4979=ORIENTED_EDGE('',*,*,#4964,.T.);
#4980=EDGE_LOOP('',(#4976,#4977,#4978,#4979));
#4981=FACE_OUTER_BOUND('',#4980,.F.);
#4982=ADVANCED_FACE('',(#4981),#4975,.F.);
#4983=CARTESIAN_POINT('',(8.E-1,3.3E-1,3.5E-1));
#4984=DIRECTION('',(1.E0,0.E0,0.E0));
#4985=DIRECTION('',(0.E0,0.E0,-1.E0));
#4986=AXIS2_PLACEMENT_3D('',#4983,#4984,#4985);
#4987=CYLINDRICAL_SURFACE('',#4986,5.E-2);
#4989=ORIENTED_EDGE('',*,*,#4988,.F.);
#4991=ORIENTED_EDGE('',*,*,#4990,.T.);
#4993=ORIENTED_EDGE('',*,*,#4992,.F.);
#4994=ORIENTED_EDGE('',*,*,#4892,.T.);
#4995=EDGE_LOOP('',(#4989,#4991,#4993,#4994));
#4996=FACE_OUTER_BOUND('',#4995,.F.);
#4997=ADVANCED_FACE('',(#4996),#4987,.T.);
#4998=CARTESIAN_POINT('',(8.E-1,3.8E-1,-4.E-1));
#4999=DIRECTION('',(0.E0,-1.E0,0.E0));
#5000=DIRECTION('',(0.E0,0.E0,-1.E0));
#5001=AXIS2_PLACEMENT_3D('',#4998,#4999,#5000);
#5002=PLANE('',#5001);
#5003=ORIENTED_EDGE('',*,*,#4602,.F.);
#5005=ORIENTED_EDGE('',*,*,#5004,.T.);
#5007=ORIENTED_EDGE('',*,*,#5006,.T.);
#5008=ORIENTED_EDGE('',*,*,#4988,.T.);
#5009=EDGE_LOOP('',(#5003,#5005,#5007,#5008));
#5010=FACE_OUTER_BOUND('',#5009,.F.);
#5011=ADVANCED_FACE('',(#5010),#5002,.F.);
#5012=CARTESIAN_POINT('',(8.E-1,3.3E-1,-3.5E-1));
#5013=DIRECTION('',(-1.E0,0.E0,0.E0));
#5014=DIRECTION('',(0.E0,0.E0,1.E0));
#5015=AXIS2_PLACEMENT_3D('',#5012,#5013,#5014);
#5016=CYLINDRICAL_SURFACE('',#5015,5.E-2);
#5018=ORIENTED_EDGE('',*,*,#5017,.F.);
#5020=ORIENTED_EDGE('',*,*,#5019,.T.);
#5021=ORIENTED_EDGE('',*,*,#5004,.F.);
#5022=ORIENTED_EDGE('',*,*,#4626,.T.);
#5023=EDGE_LOOP('',(#5018,#5020,#5021,#5022));
#5024=FACE_OUTER_BOUND('',#5023,.F.);
#5025=ADVANCED_FACE('',(#5024),#5016,.T.);
#5026=CARTESIAN_POINT('',(-8.E-1,3.8E-1,-4.E-1));
#5027=DIRECTION('',(0.E0,0.E0,1.E0));
#5028=DIRECTION('',(1.E0,0.E0,0.E0));
#5029=AXIS2_PLACEMENT_3D('',#5026,#5027,#5028);
#5030=PLANE('',#5029);
#5031=ORIENTED_EDGE('',*,*,#4785,.F.);
#5033=ORIENTED_EDGE('',*,*,#5032,.T.);
#5035=ORIENTED_EDGE('',*,*,#5034,.T.);
#5036=ORIENTED_EDGE('',*,*,#5017,.T.);
#5037=EDGE_LOOP('',(#5031,#5033,#5035,#5036));
#5038=FACE_OUTER_BOUND('',#5037,.F.);
#5039=ADVANCED_FACE('',(#5038),#5030,.F.);
#5040=CARTESIAN_POINT('',(-8.E-1,5.E-2,-3.5E-1));
#5041=DIRECTION('',(1.E0,0.E0,0.E0));
#5042=DIRECTION('',(0.E0,0.E0,-1.E0));
#5043=AXIS2_PLACEMENT_3D('',#5040,#5041,#5042);
#5044=CYLINDRICAL_SURFACE('',#5043,5.E-2);
#5046=ORIENTED_EDGE('',*,*,#5045,.F.);
#5048=ORIENTED_EDGE('',*,*,#5047,.T.);
#5049=ORIENTED_EDGE('',*,*,#5032,.F.);
#5050=ORIENTED_EDGE('',*,*,#4807,.T.);
#5051=EDGE_LOOP('',(#5046,#5048,#5049,#5050));
#5052=FACE_OUTER_BOUND('',#5051,.F.);
#5053=ADVANCED_FACE('',(#5052),#5044,.T.);
#5054=CARTESIAN_POINT('',(8.E-1,0.E0,-4.E-1));
#5055=DIRECTION('',(0.E0,-1.E0,0.E0));
#5056=DIRECTION('',(0.E0,0.E0,-1.E0));
#5057=AXIS2_PLACEMENT_3D('',#5054,#5055,#5056);
#5058=PLANE('',#5057);
#5060=ORIENTED_EDGE('',*,*,#5059,.T.);
#5062=ORIENTED_EDGE('',*,*,#5061,.T.);
#5063=ORIENTED_EDGE('',*,*,#5045,.T.);
#5064=ORIENTED_EDGE('',*,*,#4828,.T.);
#5065=EDGE_LOOP('',(#5060,#5062,#5063,#5064));
#5066=FACE_OUTER_BOUND('',#5065,.F.);
#5067=ADVANCED_FACE('',(#5066),#5058,.T.);
#5068=CARTESIAN_POINT('',(-8.E-1,5.E-2,3.5E-1));
#5069=DIRECTION('',(-1.E0,0.E0,0.E0));
#5070=DIRECTION('',(0.E0,0.E0,1.E0));
#5071=AXIS2_PLACEMENT_3D('',#5068,#5069,#5070);
#5072=CYLINDRICAL_SURFACE('',#5071,5.E-2);
#5074=ORIENTED_EDGE('',*,*,#5073,.F.);
#5076=ORIENTED_EDGE('',*,*,#5075,.T.);
#5077=ORIENTED_EDGE('',*,*,#5059,.F.);
#5078=ORIENTED_EDGE('',*,*,#4849,.T.);
#5079=EDGE_LOOP('',(#5074,#5076,#5077,#5078));
#5080=FACE_OUTER_BOUND('',#5079,.F.);
#5081=ADVANCED_FACE('',(#5080),#5072,.T.);
#5082=CARTESIAN_POINT('',(-8.E-1,3.8E-1,4.E-1));
#5083=DIRECTION('',(0.E0,0.E0,-1.E0));
#5084=DIRECTION('',(-1.E0,0.E0,0.E0));
#5085=AXIS2_PLACEMENT_3D('',#5082,#5083,#5084);
#5086=PLANE('',#5085);
#5087=ORIENTED_EDGE('',*,*,#4869,.F.);
#5088=ORIENTED_EDGE('',*,*,#4992,.T.);
#5090=ORIENTED_EDGE('',*,*,#5089,.T.);
#5091=ORIENTED_EDGE('',*,*,#5073,.T.);
#5092=EDGE_LOOP('',(#5087,#5088,#5090,#5091));
#5093=FACE_OUTER_BOUND('',#5092,.F.);
#5094=ADVANCED_FACE('',(#5093),#5086,.F.);
#5095=CARTESIAN_POINT('',(7.5E-1,3.8E-1,3.5E-1));
#5096=DIRECTION('',(0.E0,-1.E0,0.E0));
#5097=DIRECTION('',(0.E0,0.E0,-1.E0));
#5098=AXIS2_PLACEMENT_3D('',#5095,#5096,#5097);
#5099=CYLINDRICAL_SURFACE('',#5098,5.E-2);
#5101=ORIENTED_EDGE('',*,*,#5100,.T.);
#5103=ORIENTED_EDGE('',*,*,#5102,.F.);
#5105=ORIENTED_EDGE('',*,*,#5104,.T.);
#5106=ORIENTED_EDGE('',*,*,#5089,.F.);
#5107=EDGE_LOOP('',(#5101,#5103,#5105,#5106));
#5108=FACE_OUTER_BOUND('',#5107,.F.);
#5109=ADVANCED_FACE('',(#5108),#5099,.T.);
#5110=CARTESIAN_POINT('',(7.5E-1,3.3E-1,3.5E-1));
#5111=DIRECTION('',(0.E0,1.E0,0.E0));
#5112=DIRECTION('',(1.E0,0.E0,0.E0));
#5113=AXIS2_PLACEMENT_3D('',#5110,#5111,#5112);
#5114=SPHERICAL_SURFACE('',#5113,5.E-2);
#5115=ORIENTED_EDGE('',*,*,#4990,.F.);
#5117=ORIENTED_EDGE('',*,*,#5116,.F.);
#5118=ORIENTED_EDGE('',*,*,#5100,.F.);
#5119=EDGE_LOOP('',(#5115,#5117,#5118));
#5120=FACE_OUTER_BOUND('',#5119,.F.);
#5121=ADVANCED_FACE('',(#5120),#5114,.T.);
#5122=CARTESIAN_POINT('',(7.5E-1,3.3E-1,-4.E-1));
#5123=DIRECTION('',(0.E0,0.E0,-1.E0));
#5124=DIRECTION('',(-1.E0,0.E0,0.E0));
#5125=AXIS2_PLACEMENT_3D('',#5122,#5123,#5124);
#5126=CYLINDRICAL_SURFACE('',#5125,5.E-2);
#5127=ORIENTED_EDGE('',*,*,#5116,.T.);
#5128=ORIENTED_EDGE('',*,*,#5006,.F.);
#5130=ORIENTED_EDGE('',*,*,#5129,.T.);
#5132=ORIENTED_EDGE('',*,*,#5131,.F.);
#5133=EDGE_LOOP('',(#5127,#5128,#5130,#5132));
#5134=FACE_OUTER_BOUND('',#5133,.F.);
#5135=ADVANCED_FACE('',(#5134),#5126,.T.);
#5136=CARTESIAN_POINT('',(7.5E-1,3.3E-1,-3.5E-1));
#5137=DIRECTION('',(0.E0,1.E0,0.E0));
#5138=DIRECTION('',(1.E0,0.E0,0.E0));
#5139=AXIS2_PLACEMENT_3D('',#5136,#5137,#5138);
#5140=SPHERICAL_SURFACE('',#5139,5.E-2);
#5141=ORIENTED_EDGE('',*,*,#5019,.F.);
#5143=ORIENTED_EDGE('',*,*,#5142,.F.);
#5144=ORIENTED_EDGE('',*,*,#5129,.F.);
#5145=EDGE_LOOP('',(#5141,#5143,#5144));
#5146=FACE_OUTER_BOUND('',#5145,.F.);
#5147=ADVANCED_FACE('',(#5146),#5140,.T.);
#5148=CARTESIAN_POINT('',(7.5E-1,3.8E-1,-3.5E-1));
#5149=DIRECTION('',(0.E0,-1.E0,0.E0));
#5150=DIRECTION('',(0.E0,0.E0,-1.E0));
#5151=AXIS2_PLACEMENT_3D('',#5148,#5149,#5150);
#5152=CYLINDRICAL_SURFACE('',#5151,5.E-2);
#5153=ORIENTED_EDGE('',*,*,#5142,.T.);
#5154=ORIENTED_EDGE('',*,*,#5034,.F.);
#5156=ORIENTED_EDGE('',*,*,#5155,.T.);
#5158=ORIENTED_EDGE('',*,*,#5157,.F.);
#5159=EDGE_LOOP('',(#5153,#5154,#5156,#5158));
#5160=FACE_OUTER_BOUND('',#5159,.F.);
#5161=ADVANCED_FACE('',(#5160),#5152,.T.);
#5162=CARTESIAN_POINT('',(7.5E-1,5.E-2,-3.5E-1));
#5163=DIRECTION('',(0.E0,1.E0,0.E0));
#5164=DIRECTION('',(1.E0,0.E0,0.E0));
#5165=AXIS2_PLACEMENT_3D('',#5162,#5163,#5164);
#5166=SPHERICAL_SURFACE('',#5165,5.E-2);
#5168=ORIENTED_EDGE('',*,*,#5167,.F.);
#5169=ORIENTED_EDGE('',*,*,#5155,.F.);
#5170=ORIENTED_EDGE('',*,*,#5047,.F.);
#5171=EDGE_LOOP('',(#5168,#5169,#5170));
#5172=FACE_OUTER_BOUND('',#5171,.F.);
#5173=ADVANCED_FACE('',(#5172),#5166,.T.);
#5174=CARTESIAN_POINT('',(7.5E-1,5.E-2,4.E-1));
#5175=DIRECTION('',(0.E0,0.E0,1.E0));
#5176=DIRECTION('',(1.E0,0.E0,0.E0));
#5177=AXIS2_PLACEMENT_3D('',#5174,#5175,#5176);
#5178=CYLINDRICAL_SURFACE('',#5177,5.E-2);
#5180=ORIENTED_EDGE('',*,*,#5179,.T.);
#5182=ORIENTED_EDGE('',*,*,#5181,.F.);
#5183=ORIENTED_EDGE('',*,*,#5167,.T.);
#5184=ORIENTED_EDGE('',*,*,#5061,.F.);
#5185=EDGE_LOOP('',(#5180,#5182,#5183,#5184));
#5186=FACE_OUTER_BOUND('',#5185,.F.);
#5187=ADVANCED_FACE('',(#5186),#5178,.T.);
#5188=CARTESIAN_POINT('',(7.5E-1,5.E-2,3.5E-1));
#5189=DIRECTION('',(0.E0,1.E0,0.E0));
#5190=DIRECTION('',(1.E0,0.E0,0.E0));
#5191=AXIS2_PLACEMENT_3D('',#5188,#5189,#5190);
#5192=SPHERICAL_SURFACE('',#5191,5.E-2);
#5193=ORIENTED_EDGE('',*,*,#5104,.F.);
#5194=ORIENTED_EDGE('',*,*,#5179,.F.);
#5195=ORIENTED_EDGE('',*,*,#5075,.F.);
#5196=EDGE_LOOP('',(#5193,#5194,#5195));
#5197=FACE_OUTER_BOUND('',#5196,.F.);
#5198=ADVANCED_FACE('',(#5197),#5192,.T.);
#5199=CARTESIAN_POINT('',(8.E-1,3.8E-1,4.E-1));
#5200=DIRECTION('',(-1.E0,0.E0,0.E0));
#5201=DIRECTION('',(0.E0,0.E0,1.E0));
#5202=AXIS2_PLACEMENT_3D('',#5199,#5200,#5201);
#5203=PLANE('',#5202);
#5204=ORIENTED_EDGE('',*,*,#5157,.T.);
#5205=ORIENTED_EDGE('',*,*,#5181,.T.);
#5206=ORIENTED_EDGE('',*,*,#5102,.T.);
#5207=ORIENTED_EDGE('',*,*,#5131,.T.);
#5208=EDGE_LOOP('',(#5204,#5205,#5206,#5207));
#5209=FACE_OUTER_BOUND('',#5208,.F.);
#5210=ADVANCED_FACE('',(#5209),#5203,.F.);
#5213=FILL_AREA_STYLE_COLOUR('',#3905);
#5214=FILL_AREA_STYLE('',(#5213));
#5215=SURFACE_STYLE_FILL_AREA(#5214);
#5216=SURFACE_SIDE_STYLE('',(#5215));
#5217=SURFACE_STYLE_USAGE(.BOTH.,#5216);
#5218=PRESENTATION_STYLE_ASSIGNMENT((#5217));
#3906=STYLED_ITEM('',(#5218),#5212);
#5220=DIMENSIONAL_EXPONENTS(0.E0,0.E0,0.E0,0.E0,0.E0,0.E0,0.E0);
#5222=PLANE_ANGLE_MEASURE_WITH_UNIT(PLANE_ANGLE_MEASURE(1.745329251994E-2),
#5221);
#5223=(CONVERSION_BASED_UNIT('DEGREE',#5222)NAMED_UNIT(*)PLANE_ANGLE_UNIT());
#5225=UNCERTAINTY_MEASURE_WITH_UNIT(LENGTH_MEASURE(1.828696927692E-4),#5219,
'closure',
'Maximum model space distance between geometric entities at asserted connectivities');
#5226=(GEOMETRIC_REPRESENTATION_CONTEXT(3)GLOBAL_UNCERTAINTY_ASSIGNED_CONTEXT((
#5225))GLOBAL_UNIT_ASSIGNED_CONTEXT((#5219,#5223,#5224))REPRESENTATION_CONTEXT(
'ID4','3'));
#5227=CARTESIAN_POINT('',(0.E0,0.E0,0.E0));
#5228=DIRECTION('',(0.E0,0.E0,1.E0));
#5229=DIRECTION('',(1.E0,0.E0,0.E0));
#5232=MECHANICAL_CONTEXT('',#781,'mechanical');
#5233=PRODUCT('RESC1608_0603_','RESC1608_0603_','NOT SPECIFIED',(#5232));
#5234=PRODUCT_DEFINITION_FORMATION_WITH_SPECIFIED_SOURCE('1','LAST_VERSION',
#5233,.MADE.);
#5243=CARTESIAN_POINT('',(2.292639802934E1,3.579398638760E0,
-4.114798307420E-1));
#5244=DIRECTION('',(0.E0,1.E0,1.311342202845E-7));
#5245=DIRECTION('',(1.E0,0.E0,0.E0));
#5246=AXIS2_PLACEMENT_3D('',#5243,#5244,#5245);
#5247=ITEM_DEFINED_TRANSFORMATION('','',#5230,#5246);
#5248=CARTESIAN_POINT('',(0.E0,0.E0,0.E0));
#5249=DIRECTION('',(0.E0,0.E0,1.E0));
#5250=DIRECTION('',(1.E0,0.E0,0.E0));
#5252=(REPRESENTATION_RELATIONSHIP('','',#5231,#5240)REPRESENTATION_RELATIONSHIP_WITH_TRANSFORMATION(#5247)SHAPE_REPRESENTATION_RELATIONSHIP());
#5253=CONTEXT_DEPENDENT_SHAPE_REPRESENTATION(#5252,#5242);
#5255=DIMENSIONAL_EXPONENTS(0.E0,0.E0,0.E0,0.E0,0.E0,0.E0,0.E0);
#5257=PLANE_ANGLE_MEASURE_WITH_UNIT(PLANE_ANGLE_MEASURE(1.745329251994E-2),
#5256);
#5258=(CONVERSION_BASED_UNIT('DEGREE',#5257)NAMED_UNIT(*)PLANE_ANGLE_UNIT());
#5260=UNCERTAINTY_MEASURE_WITH_UNIT(LENGTH_MEASURE(8.659907627683E-2),#5254,
'closure',
'Maximum model space distance between geometric entities at asserted connectivities');
#5261=(GEOMETRIC_REPRESENTATION_CONTEXT(3)GLOBAL_UNCERTAINTY_ASSIGNED_CONTEXT((
#5260))GLOBAL_UNIT_ASSIGNED_CONTEXT((#5254,#5258,#5259))REPRESENTATION_CONTEXT(
'ID5','3'));
#5262=CARTESIAN_POINT('',(0.E0,0.E0,0.E0));
#5263=DIRECTION('',(0.E0,0.E0,1.E0));
#5264=DIRECTION('',(1.E0,0.E0,0.E0));
#5266=DESIGN_CONTEXT('',#781,'design');
#5267=MECHANICAL_CONTEXT('',#781,'mechanical');
#5268=PRODUCT('R3_ASM','R3_ASM','NOT SPECIFIED',(#5267));
#5269=PRODUCT_DEFINITION_FORMATION_WITH_SPECIFIED_SOURCE('1','LAST_VERSION',
#5268,.MADE.);
#5273=CARTESIAN_POINT('',(0.E0,0.E0,0.E0));
#5274=DIRECTION('',(0.E0,0.E0,1.E0));
#5275=DIRECTION('',(1.E0,0.E0,0.E0));
#5276=AXIS2_PLACEMENT_3D('',#5273,#5274,#5275);
#5277=ITEM_DEFINED_TRANSFORMATION('','',#5251,#5276);
#5278=CARTESIAN_POINT('',(0.E0,0.E0,0.E0));
#5279=DIRECTION('',(0.E0,0.E0,1.E0));
#5280=DIRECTION('',(1.E0,0.E0,0.E0));
#5282=(REPRESENTATION_RELATIONSHIP('','',#5240,#792)REPRESENTATION_RELATIONSHIP_WITH_TRANSFORMATION(#5277)SHAPE_REPRESENTATION_RELATIONSHIP());
#5283=CONTEXT_DEPENDENT_SHAPE_REPRESENTATION(#5282,#5272);
#5289=CARTESIAN_POINT('',(1.943948244096E1,5.379401690518E0,
-4.114798307420E-1));
#5290=DIRECTION('',(0.E0,1.E0,1.311342202845E-7));
#5291=DIRECTION('',(1.E0,0.E0,0.E0));
#5292=AXIS2_PLACEMENT_3D('',#5289,#5290,#5291);
#5293=ITEM_DEFINED_TRANSFORMATION('','',#5230,#5292);
#5294=CARTESIAN_POINT('',(0.E0,0.E0,0.E0));
#5295=DIRECTION('',(0.E0,0.E0,1.E0));
#5296=DIRECTION('',(1.E0,0.E0,0.E0));
#5298=(REPRESENTATION_RELATIONSHIP('','',#5231,#5286)REPRESENTATION_RELATIONSHIP_WITH_TRANSFORMATION(#5293)SHAPE_REPRESENTATION_RELATIONSHIP());
#5299=CONTEXT_DEPENDENT_SHAPE_REPRESENTATION(#5298,#5288);
#5301=DIMENSIONAL_EXPONENTS(0.E0,0.E0,0.E0,0.E0,0.E0,0.E0,0.E0);
#5303=PLANE_ANGLE_MEASURE_WITH_UNIT(PLANE_ANGLE_MEASURE(1.745329251994E-2),
#5302);
#5304=(CONVERSION_BASED_UNIT('DEGREE',#5303)NAMED_UNIT(*)PLANE_ANGLE_UNIT());
#5306=UNCERTAINTY_MEASURE_WITH_UNIT(LENGTH_MEASURE(8.659907627683E-2),#5300,
'closure',
'Maximum model space distance between geometric entities at asserted connectivities');
#5307=(GEOMETRIC_REPRESENTATION_CONTEXT(3)GLOBAL_UNCERTAINTY_ASSIGNED_CONTEXT((
#5306))GLOBAL_UNIT_ASSIGNED_CONTEXT((#5300,#5304,#5305))REPRESENTATION_CONTEXT(
'ID6','3'));
#5308=CARTESIAN_POINT('',(0.E0,0.E0,0.E0));
#5309=DIRECTION('',(0.E0,0.E0,1.E0));
#5310=DIRECTION('',(1.E0,0.E0,0.E0));
#5312=MECHANICAL_CONTEXT('',#781,'mechanical');
#5313=PRODUCT('R2_ASM','R2_ASM','NOT SPECIFIED',(#5312));
#5314=PRODUCT_DEFINITION_FORMATION_WITH_SPECIFIED_SOURCE('1','LAST_VERSION',
#5313,.MADE.);
#5318=CARTESIAN_POINT('',(0.E0,0.E0,0.E0));
#5319=DIRECTION('',(0.E0,0.E0,1.E0));
#5320=DIRECTION('',(1.E0,0.E0,0.E0));
#5321=AXIS2_PLACEMENT_3D('',#5318,#5319,#5320);
#5322=ITEM_DEFINED_TRANSFORMATION('','',#5297,#5321);
#5323=CARTESIAN_POINT('',(0.E0,0.E0,0.E0));
#5324=DIRECTION('',(0.E0,0.E0,1.E0));
#5325=DIRECTION('',(1.E0,0.E0,0.E0));
#5327=(REPRESENTATION_RELATIONSHIP('','',#5286,#792)REPRESENTATION_RELATIONSHIP_WITH_TRANSFORMATION(#5322)SHAPE_REPRESENTATION_RELATIONSHIP());
#5328=CONTEXT_DEPENDENT_SHAPE_REPRESENTATION(#5327,#5317);
#5334=CARTESIAN_POINT('',(2.292639802934E1,5.379401690518E0,
-4.114798307420E-1));
#5335=DIRECTION('',(0.E0,1.E0,1.311342202845E-7));
#5336=DIRECTION('',(1.E0,0.E0,0.E0));
#5337=AXIS2_PLACEMENT_3D('',#5334,#5335,#5336);
#5338=ITEM_DEFINED_TRANSFORMATION('','',#5230,#5337);
#5339=CARTESIAN_POINT('',(0.E0,0.E0,0.E0));
#5340=DIRECTION('',(0.E0,0.E0,1.E0));
#5341=DIRECTION('',(1.E0,0.E0,0.E0));
#5343=(REPRESENTATION_RELATIONSHIP('','',#5231,#5331)REPRESENTATION_RELATIONSHIP_WITH_TRANSFORMATION(#5338)SHAPE_REPRESENTATION_RELATIONSHIP());
#5344=CONTEXT_DEPENDENT_SHAPE_REPRESENTATION(#5343,#5333);
#5346=DIMENSIONAL_EXPONENTS(0.E0,0.E0,0.E0,0.E0,0.E0,0.E0,0.E0);
#5348=PLANE_ANGLE_MEASURE_WITH_UNIT(PLANE_ANGLE_MEASURE(1.745329251994E-2),
#5347);
#5349=(CONVERSION_BASED_UNIT('DEGREE',#5348)NAMED_UNIT(*)PLANE_ANGLE_UNIT());
#5351=UNCERTAINTY_MEASURE_WITH_UNIT(LENGTH_MEASURE(8.659907627683E-2),#5345,
'closure',
'Maximum model space distance between geometric entities at asserted connectivities');
#5352=(GEOMETRIC_REPRESENTATION_CONTEXT(3)GLOBAL_UNCERTAINTY_ASSIGNED_CONTEXT((
#5351))GLOBAL_UNIT_ASSIGNED_CONTEXT((#5345,#5349,#5350))REPRESENTATION_CONTEXT(
'ID7','3'));
#5353=CARTESIAN_POINT('',(0.E0,0.E0,0.E0));
#5354=DIRECTION('',(0.E0,0.E0,1.E0));
#5355=DIRECTION('',(1.E0,0.E0,0.E0));
#5357=DESIGN_CONTEXT('',#781,'design');
#5358=MECHANICAL_CONTEXT('',#781,'mechanical');
#5359=PRODUCT('R1_ASM','R1_ASM','NOT SPECIFIED',(#5358));
#5360=PRODUCT_DEFINITION_FORMATION_WITH_SPECIFIED_SOURCE('1','LAST_VERSION',
#5359,.MADE.);
#5364=CARTESIAN_POINT('',(0.E0,0.E0,0.E0));
#5365=DIRECTION('',(0.E0,0.E0,1.E0));
#5366=DIRECTION('',(1.E0,0.E0,0.E0));
#5367=AXIS2_PLACEMENT_3D('',#5364,#5365,#5366);
#5368=ITEM_DEFINED_TRANSFORMATION('','',#5342,#5367);
#5369=CARTESIAN_POINT('',(0.E0,0.E0,0.E0));
#5370=DIRECTION('',(0.E0,0.E0,1.E0));
#5371=DIRECTION('',(1.E0,0.E0,0.E0));
#5373=(REPRESENTATION_RELATIONSHIP('','',#5331,#792)REPRESENTATION_RELATIONSHIP_WITH_TRANSFORMATION(#5368)SHAPE_REPRESENTATION_RELATIONSHIP());
#5374=CONTEXT_DEPENDENT_SHAPE_REPRESENTATION(#5373,#5363);
#5377=DIRECTION('',(0.E0,-1.E0,0.E0));
#5378=VECTOR('',#5377,1.155047635798E0);
#5379=CARTESIAN_POINT('',(1.437928820446E0,5.775238178990E-1,
8.000000000002E-2));
#5380=LINE('',#5379,#5378);
#5381=CURVE_STYLE('',#36,POSITIVE_LENGTH_MEASURE(2.E-2),#5375);
#5382=PRESENTATION_STYLE_ASSIGNMENT((#5381));
#5383=STYLED_ITEM('',(#5382),#5380);
#5384=DIRECTION('',(1.E0,7.211402193597E-14,0.E0));
#5385=VECTOR('',#5384,2.875857640892E0);
#5386=CARTESIAN_POINT('',(-1.437928820446E0,5.775238178988E-1,
8.000000000002E-2));
#5387=LINE('',#5386,#5385);
#5388=CURVE_STYLE('',#36,POSITIVE_LENGTH_MEASURE(2.E-2),#5375);
#5389=PRESENTATION_STYLE_ASSIGNMENT((#5388));
#5390=STYLED_ITEM('',(#5389),#5387);
#5391=DIRECTION('',(9.362014106353E-14,1.E0,0.E0));
#5392=VECTOR('',#5391,1.155047635798E0);
#5393=CARTESIAN_POINT('',(-1.437928820446E0,-5.775238178990E-1,
8.000000000002E-2));
#5394=LINE('',#5393,#5392);
#5395=CURVE_STYLE('',#36,POSITIVE_LENGTH_MEASURE(2.E-2),#5375);
#5396=PRESENTATION_STYLE_ASSIGNMENT((#5395));
#5397=STYLED_ITEM('',(#5396),#5394);
#5398=DIRECTION('',(-1.E0,0.E0,0.E0));
#5399=VECTOR('',#5398,2.875857640892E0);
#5400=CARTESIAN_POINT('',(1.437928820446E0,-5.775238178990E-1,
8.000000000002E-2));
#5401=LINE('',#5400,#5399);
#5402=CURVE_STYLE('',#36,POSITIVE_LENGTH_MEASURE(2.E-2),#5375);
#5403=PRESENTATION_STYLE_ASSIGNMENT((#5402));
#5404=STYLED_ITEM('',(#5403),#5401);
#5405=DIRECTION('',(-1.458335512648E-1,2.877524917273E-1,-9.465363589584E-1));
#5406=VECTOR('',#5405,4.256303094582E-1);
#5407=CARTESIAN_POINT('',(1.5E0,-7.000000000003E-1,4.828745633770E-1));
#5408=LINE('',#5407,#5406);
#5409=CURVE_STYLE('',#36,POSITIVE_LENGTH_MEASURE(2.E-2),#5375);
#5410=PRESENTATION_STYLE_ASSIGNMENT((#5409));
#5411=STYLED_ITEM('',(#5410),#5408);
#5412=DIRECTION('',(0.E0,-1.E0,0.E0));
#5413=VECTOR('',#5412,1.400000000001E0);
#5414=CARTESIAN_POINT('',(1.5E0,7.000000000003E-1,4.828745633770E-1));
#5415=LINE('',#5414,#5413);
#5416=CURVE_STYLE('',#36,POSITIVE_LENGTH_MEASURE(2.E-2),#5375);
#5417=PRESENTATION_STYLE_ASSIGNMENT((#5416));
#5418=STYLED_ITEM('',(#5417),#5415);
#5419=DIRECTION('',(1.E0,0.E0,0.E0));
#5420=VECTOR('',#5419,4.5E-1);
#5421=CARTESIAN_POINT('',(-2.25E-1,6.584008340561E-1,3.460377880210E-1));
#5422=LINE('',#5421,#5420);
#5423=CURVE_STYLE('',#36,POSITIVE_LENGTH_MEASURE(2.E-2),#5375);
#5424=PRESENTATION_STYLE_ASSIGNMENT((#5423));
#5425=STYLED_ITEM('',(#5424),#5422);
#5426=DIRECTION('',(1.E0,3.639789994457E-14,-5.309042965600E-13));
#5427=VECTOR('',#5426,1.275E0);
#5428=CARTESIAN_POINT('',(-1.5E0,7.000000000001E-1,4.828745633770E-1));
#5429=LINE('',#5428,#5427);
#5430=CURVE_STYLE('',#36,POSITIVE_LENGTH_MEASURE(2.E-2),#5375);
#5431=PRESENTATION_STYLE_ASSIGNMENT((#5430));
#5432=STYLED_ITEM('',(#5431),#5429);
#5433=DIRECTION('',(-1.458335512648E-1,2.877524917274E-1,9.465363589584E-1));
#5434=VECTOR('',#5433,4.256303094583E-1);
#5435=CARTESIAN_POINT('',(-1.437928820446E0,5.775238178988E-1,
8.000000000002E-2));
#5436=LINE('',#5435,#5434);
#5437=CURVE_STYLE('',#36,POSITIVE_LENGTH_MEASURE(2.E-2),#5375);
#5438=PRESENTATION_STYLE_ASSIGNMENT((#5437));
#5439=STYLED_ITEM('',(#5438),#5436);
#5440=DIRECTION('',(-1.458335512648E-1,-2.877524917273E-1,-9.465363589584E-1));
#5441=VECTOR('',#5440,4.256303094582E-1);
#5442=CARTESIAN_POINT('',(1.5E0,7.000000000003E-1,4.828745633770E-1));
#5443=LINE('',#5442,#5441);
#5444=CURVE_STYLE('',#36,POSITIVE_LENGTH_MEASURE(2.E-2),#5375);
#5445=PRESENTATION_STYLE_ASSIGNMENT((#5444));
#5446=STYLED_ITEM('',(#5445),#5443);
#5447=DIRECTION('',(1.E0,8.629262881596E-14,5.327764373466E-13));
#5448=VECTOR('',#5447,1.275E0);
#5449=CARTESIAN_POINT('',(2.25E-1,7.000000000002E-1,4.828745633763E-1));
#5450=LINE('',#5449,#5448);
#5451=CURVE_STYLE('',#36,POSITIVE_LENGTH_MEASURE(2.E-2),#5375);
#5452=PRESENTATION_STYLE_ASSIGNMENT((#5451));
#5453=STYLED_ITEM('',(#5452),#5450);
#5454=CARTESIAN_POINT('',(2.25E-1,1.236289376746E0,1.5E-1));
#5455=CARTESIAN_POINT('',(2.25E-1,9.594758379370E-1,1.499807898310E-1));
#5456=CARTESIAN_POINT('',(2.25E-1,1.095558325281E0,4.953560601340E-1));
#5457=CARTESIAN_POINT('',(2.25E-1,8.140864970660E-1,4.960377880210E-1));
#5459=CURVE_STYLE('',#36,POSITIVE_LENGTH_MEASURE(2.E-2),#5375);
#5460=PRESENTATION_STYLE_ASSIGNMENT((#5459));
#5461=STYLED_ITEM('',(#5460),#5458);
#5462=CARTESIAN_POINT('',(2.25E-1,7.305410509100E-1,3.460377880210E-1));
#5463=CARTESIAN_POINT('',(2.25E-1,9.940217824960E-1,3.291519937270E-1));
#5464=CARTESIAN_POINT('',(2.25E-1,9.031754742310E-1,4.539434323545E-3));
#5465=CARTESIAN_POINT('',(2.25E-1,1.18E0,0.E0));
#5467=CURVE_STYLE('',#36,POSITIVE_LENGTH_MEASURE(2.E-2),#5375);
#5468=PRESENTATION_STYLE_ASSIGNMENT((#5467));
#5469=STYLED_ITEM('',(#5468),#5466);
#5470=DIRECTION('',(0.E0,-2.908620571360E-1,-9.567649992128E-1));
#5471=VECTOR('',#5470,1.430202562467E-1);
#5472=CARTESIAN_POINT('',(2.25E-1,7.000000000002E-1,4.828745633763E-1));
#5473=LINE('',#5472,#5471);
#5474=CURVE_STYLE('',#36,POSITIVE_LENGTH_MEASURE(2.E-2),#5375);
#5475=PRESENTATION_STYLE_ASSIGNMENT((#5474));
#5476=STYLED_ITEM('',(#5475),#5473);
#5477=DIRECTION('',(1.E0,0.E0,0.E0));
#5478=VECTOR('',#5477,4.5E-1);
#5479=CARTESIAN_POINT('',(-2.25E-1,1.236289376746E0,1.5E-1));
#5480=LINE('',#5479,#5478);
#5481=CURVE_STYLE('',#36,POSITIVE_LENGTH_MEASURE(2.E-2),#5375);
#5482=PRESENTATION_STYLE_ASSIGNMENT((#5481));
#5483=STYLED_ITEM('',(#5482),#5480);
#5484=DIRECTION('',(-1.E0,0.E0,0.E0));
#5485=VECTOR('',#5484,4.5E-1);
#5486=CARTESIAN_POINT('',(2.25E-1,8.140864970660E-1,4.960377880210E-1));
#5487=LINE('',#5486,#5485);
#5488=CURVE_STYLE('',#36,POSITIVE_LENGTH_MEASURE(2.E-2),#5375);
#5489=PRESENTATION_STYLE_ASSIGNMENT((#5488));
#5490=STYLED_ITEM('',(#5489),#5487);
#5491=DIRECTION('',(0.E0,2.908620571360E-1,9.567649992128E-1));
#5492=VECTOR('',#5491,1.430202562467E-1);
#5493=CARTESIAN_POINT('',(-2.25E-1,6.584008340561E-1,3.460377880210E-1));
#5494=LINE('',#5493,#5492);
#5495=CURVE_STYLE('',#36,POSITIVE_LENGTH_MEASURE(2.E-2),#5375);
#5496=PRESENTATION_STYLE_ASSIGNMENT((#5495));
#5497=STYLED_ITEM('',(#5496),#5494);
#5498=CARTESIAN_POINT('',(-2.25E-1,1.18E0,0.E0));
#5499=CARTESIAN_POINT('',(-2.25E-1,9.031754742310E-1,4.539434323545E-3));
#5500=CARTESIAN_POINT('',(-2.25E-1,9.940217824960E-1,3.291519937270E-1));
#5501=CARTESIAN_POINT('',(-2.25E-1,7.305410509100E-1,3.460377880210E-1));
#5503=CURVE_STYLE('',#36,POSITIVE_LENGTH_MEASURE(2.E-2),#5375);
#5504=PRESENTATION_STYLE_ASSIGNMENT((#5503));
#5505=STYLED_ITEM('',(#5504),#5502);
#5506=DIRECTION('',(0.E0,-1.E0,0.E0));
#5507=VECTOR('',#5506,1.4E-1);
#5508=CARTESIAN_POINT('',(-2.25E-1,1.32E0,0.E0));
#5509=LINE('',#5508,#5507);
#5510=CURVE_STYLE('',#36,POSITIVE_LENGTH_MEASURE(2.E-2),#5375);
#5511=PRESENTATION_STYLE_ASSIGNMENT((#5510));
#5512=STYLED_ITEM('',(#5511),#5509);
#5513=DIRECTION('',(0.E0,0.E0,-1.E0));
#5514=VECTOR('',#5513,1.5E-1);
#5515=CARTESIAN_POINT('',(-2.25E-1,1.32E0,1.5E-1));
#5516=LINE('',#5515,#5514);
#5517=CURVE_STYLE('',#36,POSITIVE_LENGTH_MEASURE(2.E-2),#5375);
#5518=PRESENTATION_STYLE_ASSIGNMENT((#5517));
#5519=STYLED_ITEM('',(#5518),#5516);
#5520=DIRECTION('',(0.E0,1.E0,0.E0));
#5521=VECTOR('',#5520,8.371062325400E-2);
#5522=CARTESIAN_POINT('',(-2.25E-1,1.236289376746E0,1.5E-1));
#5523=LINE('',#5522,#5521);
#5524=CURVE_STYLE('',#36,POSITIVE_LENGTH_MEASURE(2.E-2),#5375);
#5525=PRESENTATION_STYLE_ASSIGNMENT((#5524));
#5526=STYLED_ITEM('',(#5525),#5523);
#5527=CARTESIAN_POINT('',(-2.25E-1,8.140864970660E-1,4.960377880210E-1));
#5528=CARTESIAN_POINT('',(-2.25E-1,1.095558325281E0,4.953560601340E-1));
#5529=CARTESIAN_POINT('',(-2.25E-1,9.594758379370E-1,1.499807898310E-1));
#5530=CARTESIAN_POINT('',(-2.25E-1,1.236289376746E0,1.5E-1));
#5532=CURVE_STYLE('',#36,POSITIVE_LENGTH_MEASURE(2.E-2),#5375);
#5533=PRESENTATION_STYLE_ASSIGNMENT((#5532));
#5534=STYLED_ITEM('',(#5533),#5531);
#5535=DIRECTION('',(0.E0,1.E0,0.E0));
#5536=VECTOR('',#5535,1.140864970660E-1);
#5537=CARTESIAN_POINT('',(-2.25E-1,7.E-1,4.960377880210E-1));
#5538=LINE('',#5537,#5536);
#5539=CURVE_STYLE('',#36,POSITIVE_LENGTH_MEASURE(2.E-2),#5375);
#5540=PRESENTATION_STYLE_ASSIGNMENT((#5539));
#5541=STYLED_ITEM('',(#5540),#5538);
#5542=DIRECTION('',(0.E0,1.400933656969E-11,-1.E0));
#5543=VECTOR('',#5542,1.316322464472E-2);
#5544=CARTESIAN_POINT('',(-2.25E-1,7.E-1,4.960377880210E-1));
#5545=LINE('',#5544,#5543);
#5546=CURVE_STYLE('',#36,POSITIVE_LENGTH_MEASURE(2.E-2),#5375);
#5547=PRESENTATION_STYLE_ASSIGNMENT((#5546));
#5548=STYLED_ITEM('',(#5547),#5545);
#5549=DIRECTION('',(1.E0,-6.617799989922E-14,0.E0));
#5550=VECTOR('',#5549,1.275E0);
#5551=CARTESIAN_POINT('',(-1.5E0,7.000000000001E-1,4.960377880210E-1));
#5552=LINE('',#5551,#5550);
#5553=CURVE_STYLE('',#36,POSITIVE_LENGTH_MEASURE(2.E-2),#5375);
#5554=PRESENTATION_STYLE_ASSIGNMENT((#5553));
#5555=STYLED_ITEM('',(#5554),#5552);
#5556=DIRECTION('',(-2.091701065299E-12,-4.056887953261E-12,1.E0));
#5557=VECTOR('',#5556,1.316322464404E-2);
#5558=CARTESIAN_POINT('',(-1.5E0,7.000000000001E-1,4.828745633770E-1));
#5559=LINE('',#5558,#5557);
#5560=CURVE_STYLE('',#36,POSITIVE_LENGTH_MEASURE(2.E-2),#5375);
#5561=PRESENTATION_STYLE_ASSIGNMENT((#5560));
#5562=STYLED_ITEM('',(#5561),#5559);
#5563=DIRECTION('',(1.072198535131E-1,2.055662768856E-1,-9.727519770322E-1));
#5564=VECTOR('',#5563,6.003197379877E-1);
#5565=CARTESIAN_POINT('',(1.435633805632E0,5.765945065209E-1,1.08E0));
#5566=LINE('',#5565,#5564);
#5567=CURVE_STYLE('',#36,POSITIVE_LENGTH_MEASURE(2.E-2),#5375);
#5568=PRESENTATION_STYLE_ASSIGNMENT((#5567));
#5569=STYLED_ITEM('',(#5568),#5566);
#5570=DIRECTION('',(1.E0,-3.920798404696E-14,0.E0));
#5571=VECTOR('',#5570,2.871267611264E0);
#5572=CARTESIAN_POINT('',(-1.435633805632E0,5.765945065210E-1,1.08E0));
#5573=LINE('',#5572,#5571);
#5574=CURVE_STYLE('',#36,POSITIVE_LENGTH_MEASURE(2.E-2),#5375);
#5575=PRESENTATION_STYLE_ASSIGNMENT((#5574));
#5576=STYLED_ITEM('',(#5575),#5573);
#5577=DIRECTION('',(1.072198535131E-1,-2.055662768856E-1,9.727519770322E-1));
#5578=VECTOR('',#5577,6.003197379877E-1);
#5579=CARTESIAN_POINT('',(-1.5E0,7.000000000001E-1,4.960377880210E-1));
#5580=LINE('',#5579,#5578);
#5581=CURVE_STYLE('',#36,POSITIVE_LENGTH_MEASURE(2.E-2),#5375);
#5582=PRESENTATION_STYLE_ASSIGNMENT((#5581));
#5583=STYLED_ITEM('',(#5582),#5580);
#5584=DIRECTION('',(0.E0,1.E0,0.E0));
#5585=VECTOR('',#5584,1.4E0);
#5586=CARTESIAN_POINT('',(1.5E0,-7.000000000001E-1,4.960377880210E-1));
#5587=LINE('',#5586,#5585);
#5588=CURVE_STYLE('',#36,POSITIVE_LENGTH_MEASURE(2.E-2),#5375);
#5589=PRESENTATION_STYLE_ASSIGNMENT((#5588));
#5590=STYLED_ITEM('',(#5589),#5587);
#5591=DIRECTION('',(0.E0,-1.E0,0.E0));
#5592=VECTOR('',#5591,1.153189013042E0);
#5593=CARTESIAN_POINT('',(1.435633805632E0,5.765945065209E-1,1.08E0));
#5594=LINE('',#5593,#5592);
#5595=CURVE_STYLE('',#36,POSITIVE_LENGTH_MEASURE(2.E-2),#5375);
#5596=PRESENTATION_STYLE_ASSIGNMENT((#5595));
#5597=STYLED_ITEM('',(#5596),#5594);
#5598=DIRECTION('',(0.E0,-1.400933656968E-11,-1.E0));
#5599=VECTOR('',#5598,1.316322464472E-2);
#5600=CARTESIAN_POINT('',(1.175E0,-7.E-1,4.960377880210E-1));
#5601=LINE('',#5600,#5599);
#5602=CURVE_STYLE('',#36,POSITIVE_LENGTH_MEASURE(2.E-2),#5375);
#5603=PRESENTATION_STYLE_ASSIGNMENT((#5602));
#5604=STYLED_ITEM('',(#5603),#5601);
#5605=DIRECTION('',(-4.031585117794E-12,1.593235206593E-11,1.E0));
#5606=VECTOR('',#5605,1.316322464404E-2);
#5607=CARTESIAN_POINT('',(1.5E0,-7.000000000003E-1,4.828745633770E-1));
#5608=LINE('',#5607,#5606);
#5609=CURVE_STYLE('',#36,POSITIVE_LENGTH_MEASURE(2.E-2),#5375);
#5610=PRESENTATION_STYLE_ASSIGNMENT((#5609));
#5611=STYLED_ITEM('',(#5610),#5608);
#5612=DIRECTION('',(-1.E0,0.E0,0.E0));
#5613=VECTOR('',#5612,4.5E-1);
#5614=CARTESIAN_POINT('',(-7.25E-1,-6.584008340561E-1,3.460377880210E-1));
#5615=LINE('',#5614,#5613);
#5616=CURVE_STYLE('',#36,POSITIVE_LENGTH_MEASURE(2.E-2),#5375);
#5617=PRESENTATION_STYLE_ASSIGNMENT((#5616));
#5618=STYLED_ITEM('',(#5617),#5615);
#5619=DIRECTION('',(-1.E0,0.E0,0.E0));
#5620=VECTOR('',#5619,1.45E0);
#5621=CARTESIAN_POINT('',(7.25E-1,-7.000000000002E-1,4.828745633763E-1));
#5622=LINE('',#5621,#5620);
#5623=CURVE_STYLE('',#36,POSITIVE_LENGTH_MEASURE(2.E-2),#5375);
#5624=PRESENTATION_STYLE_ASSIGNMENT((#5623));
#5625=STYLED_ITEM('',(#5624),#5622);
#5626=DIRECTION('',(-1.E0,0.E0,0.E0));
#5627=VECTOR('',#5626,4.5E-1);
#5628=CARTESIAN_POINT('',(1.175E0,-6.584008340561E-1,3.460377880210E-1));
#5629=LINE('',#5628,#5627);
#5630=CURVE_STYLE('',#36,POSITIVE_LENGTH_MEASURE(2.E-2),#5375);
#5631=PRESENTATION_STYLE_ASSIGNMENT((#5630));
#5632=STYLED_ITEM('',(#5631),#5629);
#5633=DIRECTION('',(-1.E0,3.392158349085E-13,-2.107886514907E-12));
#5634=VECTOR('',#5633,3.250000000001E-1);
#5635=CARTESIAN_POINT('',(1.5E0,-7.000000000003E-1,4.828745633770E-1));
#5636=LINE('',#5635,#5634);
#5637=CURVE_STYLE('',#36,POSITIVE_LENGTH_MEASURE(2.E-2),#5375);
#5638=PRESENTATION_STYLE_ASSIGNMENT((#5637));
#5639=STYLED_ITEM('',(#5638),#5636);
#5640=DIRECTION('',(1.458335512648E-1,2.877524917273E-1,-9.465363589584E-1));
#5641=VECTOR('',#5640,4.256303094582E-1);
#5642=CARTESIAN_POINT('',(-1.5E0,-7.000000000003E-1,4.828745633770E-1));
#5643=LINE('',#5642,#5641);
#5644=CURVE_STYLE('',#36,POSITIVE_LENGTH_MEASURE(2.E-2),#5375);
#5645=PRESENTATION_STYLE_ASSIGNMENT((#5644));
#5646=STYLED_ITEM('',(#5645),#5643);
#5647=DIRECTION('',(-1.E0,-3.354581569790E-13,2.100200355506E-12));
#5648=VECTOR('',#5647,3.250000000001E-1);
#5649=CARTESIAN_POINT('',(-1.175E0,-7.000000000002E-1,4.828745633763E-1));
#5650=LINE('',#5649,#5648);
#5651=CURVE_STYLE('',#36,POSITIVE_LENGTH_MEASURE(2.E-2),#5375);
#5652=PRESENTATION_STYLE_ASSIGNMENT((#5651));
#5653=STYLED_ITEM('',(#5652),#5650);
#5654=CARTESIAN_POINT('',(-1.175E0,-1.236289376746E0,1.5E-1));
#5655=CARTESIAN_POINT('',(-1.175E0,-9.594758379370E-1,1.499807898310E-1));
#5656=CARTESIAN_POINT('',(-1.175E0,-1.095558325281E0,4.953560601340E-1));
#5657=CARTESIAN_POINT('',(-1.175E0,-8.140864970660E-1,4.960377880210E-1));
#5659=CURVE_STYLE('',#36,POSITIVE_LENGTH_MEASURE(2.E-2),#5375);
#5660=PRESENTATION_STYLE_ASSIGNMENT((#5659));
#5661=STYLED_ITEM('',(#5660),#5658);
#5662=CARTESIAN_POINT('',(-1.175E0,-7.305410509100E-1,3.460377880210E-1));
#5663=CARTESIAN_POINT('',(-1.175E0,-9.940217824960E-1,3.291519937270E-1));
#5664=CARTESIAN_POINT('',(-1.175E0,-9.031754742310E-1,4.539434323550E-3));
#5665=CARTESIAN_POINT('',(-1.175E0,-1.18E0,1.192627340120E-14));
#5667=CURVE_STYLE('',#36,POSITIVE_LENGTH_MEASURE(2.E-2),#5375);
#5668=PRESENTATION_STYLE_ASSIGNMENT((#5667));
#5669=STYLED_ITEM('',(#5668),#5666);
#5670=DIRECTION('',(0.E0,2.908620571360E-1,-9.567649992128E-1));
#5671=VECTOR('',#5670,1.430202562467E-1);
#5672=CARTESIAN_POINT('',(-1.175E0,-7.000000000002E-1,4.828745633763E-1));
#5673=LINE('',#5672,#5671);
#5674=CURVE_STYLE('',#36,POSITIVE_LENGTH_MEASURE(2.E-2),#5375);
#5675=PRESENTATION_STYLE_ASSIGNMENT((#5674));
#5676=STYLED_ITEM('',(#5675),#5673);
#5677=DIRECTION('',(0.E0,-1.E0,0.E0));
#5678=VECTOR('',#5677,1.140864970660E-1);
#5679=CARTESIAN_POINT('',(-1.175E0,-7.E-1,4.960377880210E-1));
#5680=LINE('',#5679,#5678);
#5681=CURVE_STYLE('',#36,POSITIVE_LENGTH_MEASURE(2.E-2),#5375);
#5682=PRESENTATION_STYLE_ASSIGNMENT((#5681));
#5683=STYLED_ITEM('',(#5682),#5680);
#5684=DIRECTION('',(1.E0,0.E0,0.E0));
#5685=VECTOR('',#5684,4.5E-1);
#5686=CARTESIAN_POINT('',(-1.175E0,-7.E-1,4.960377880210E-1));
#5687=LINE('',#5686,#5685);
#5688=CURVE_STYLE('',#36,POSITIVE_LENGTH_MEASURE(2.E-2),#5375);
#5689=PRESENTATION_STYLE_ASSIGNMENT((#5688));
#5690=STYLED_ITEM('',(#5689),#5687);
#5691=DIRECTION('',(1.E0,0.E0,0.E0));
#5692=VECTOR('',#5691,3.25E-1);
#5693=CARTESIAN_POINT('',(-1.5E0,-7.E-1,4.960377880210E-1));
#5694=LINE('',#5693,#5692);
#5695=CURVE_STYLE('',#36,POSITIVE_LENGTH_MEASURE(2.E-2),#5375);
#5696=PRESENTATION_STYLE_ASSIGNMENT((#5695));
#5697=STYLED_ITEM('',(#5696),#5694);
#5698=DIRECTION('',(-1.072198535131E-1,-2.055662768856E-1,-9.727519770322E-1));
#5699=VECTOR('',#5698,6.003197379877E-1);
#5700=CARTESIAN_POINT('',(-1.435633805632E0,-5.765945065209E-1,1.08E0));
#5701=LINE('',#5700,#5699);
#5702=CURVE_STYLE('',#36,POSITIVE_LENGTH_MEASURE(2.E-2),#5375);
#5703=PRESENTATION_STYLE_ASSIGNMENT((#5702));
#5704=STYLED_ITEM('',(#5703),#5701);
#5705=DIRECTION('',(-1.072198535131E-1,2.055662768856E-1,9.727519770322E-1));
#5706=VECTOR('',#5705,6.003197379877E-1);
#5707=CARTESIAN_POINT('',(1.5E0,-7.000000000001E-1,4.960377880210E-1));
#5708=LINE('',#5707,#5706);
#5709=CURVE_STYLE('',#36,POSITIVE_LENGTH_MEASURE(2.E-2),#5375);
#5710=PRESENTATION_STYLE_ASSIGNMENT((#5709));
#5711=STYLED_ITEM('',(#5710),#5708);
#5712=DIRECTION('',(1.E0,-2.623542408960E-13,0.E0));
#5713=VECTOR('',#5712,3.25E-1);
#5714=CARTESIAN_POINT('',(1.175E0,-7.E-1,4.960377880210E-1));
#5715=LINE('',#5714,#5713);
#5716=CURVE_STYLE('',#36,POSITIVE_LENGTH_MEASURE(2.E-2),#5375);
#5717=PRESENTATION_STYLE_ASSIGNMENT((#5716));
#5718=STYLED_ITEM('',(#5717),#5715);
#5719=DIRECTION('',(1.E0,0.E0,0.E0));
#5720=VECTOR('',#5719,4.5E-1);
#5721=CARTESIAN_POINT('',(7.25E-1,-7.E-1,4.960377880210E-1));
#5722=LINE('',#5721,#5720);
#5723=CURVE_STYLE('',#36,POSITIVE_LENGTH_MEASURE(2.E-2),#5375);
#5724=PRESENTATION_STYLE_ASSIGNMENT((#5723));
#5725=STYLED_ITEM('',(#5724),#5722);
#5726=DIRECTION('',(1.E0,0.E0,0.E0));
#5727=VECTOR('',#5726,1.45E0);
#5728=CARTESIAN_POINT('',(-7.25E-1,-7.E-1,4.960377880210E-1));
#5729=LINE('',#5728,#5727);
#5730=CURVE_STYLE('',#36,POSITIVE_LENGTH_MEASURE(2.E-2),#5375);
#5731=PRESENTATION_STYLE_ASSIGNMENT((#5730));
#5732=STYLED_ITEM('',(#5731),#5729);
#5733=DIRECTION('',(0.E0,1.403463940515E-11,1.E0));
#5734=VECTOR('',#5733,1.316322464472E-2);
#5735=CARTESIAN_POINT('',(-1.175E0,-7.000000000002E-1,4.828745633763E-1));
#5736=LINE('',#5735,#5734);
#5737=CURVE_STYLE('',#36,POSITIVE_LENGTH_MEASURE(2.E-2),#5375);
#5738=PRESENTATION_STYLE_ASSIGNMENT((#5737));
#5739=STYLED_ITEM('',(#5738),#5736);
#5740=DIRECTION('',(-4.250876358511E-12,-2.235927227463E-11,-1.E0));
#5741=VECTOR('',#5740,1.316322464404E-2);
#5742=CARTESIAN_POINT('',(-1.5E0,-7.E-1,4.960377880210E-1));
#5743=LINE('',#5742,#5741);
#5744=CURVE_STYLE('',#36,POSITIVE_LENGTH_MEASURE(2.E-2),#5375);
#5745=PRESENTATION_STYLE_ASSIGNMENT((#5744));
#5746=STYLED_ITEM('',(#5745),#5743);
#5747=DIRECTION('',(0.E0,1.E0,0.E0));
#5748=VECTOR('',#5747,1.4E0);
#5749=CARTESIAN_POINT('',(-1.5E0,-7.E-1,4.960377880210E-1));
#5750=LINE('',#5749,#5748);
#5751=CURVE_STYLE('',#36,POSITIVE_LENGTH_MEASURE(2.E-2),#5375);
#5752=PRESENTATION_STYLE_ASSIGNMENT((#5751));
#5753=STYLED_ITEM('',(#5752),#5750);
#5754=DIRECTION('',(5.789020056972E-14,1.E0,0.E0));
#5755=VECTOR('',#5754,1.4E0);
#5756=CARTESIAN_POINT('',(-1.5E0,-7.000000000003E-1,4.828745633770E-1));
#5757=LINE('',#5756,#5755);
#5758=CURVE_STYLE('',#36,POSITIVE_LENGTH_MEASURE(2.E-2),#5375);
#5759=PRESENTATION_STYLE_ASSIGNMENT((#5758));
#5760=STYLED_ITEM('',(#5759),#5757);
#5761=DIRECTION('',(0.E0,1.E0,0.E0));
#5762=VECTOR('',#5761,1.153189013042E0);
#5763=CARTESIAN_POINT('',(-1.435633805632E0,-5.765945065209E-1,1.08E0));
#5764=LINE('',#5763,#5762);
#5765=CURVE_STYLE('',#36,POSITIVE_LENGTH_MEASURE(2.E-2),#5375);
#5766=PRESENTATION_STYLE_ASSIGNMENT((#5765));
#5767=STYLED_ITEM('',(#5766),#5764);
#5768=DIRECTION('',(1.E0,-3.928531734883E-14,0.E0));
#5769=VECTOR('',#5768,2.871267611264E0);
#5770=CARTESIAN_POINT('',(-1.435633805632E0,-5.765945065209E-1,1.08E0));
#5771=LINE('',#5770,#5769);
#5772=CURVE_STYLE('',#36,POSITIVE_LENGTH_MEASURE(2.E-2),#5375);
#5773=PRESENTATION_STYLE_ASSIGNMENT((#5772));
#5774=STYLED_ITEM('',(#5773),#5771);
#5775=DIRECTION('',(0.E0,-1.E0,0.E0));
#5776=VECTOR('',#5775,1.140864970660E-1);
#5777=CARTESIAN_POINT('',(7.25E-1,-7.E-1,4.960377880210E-1));
#5778=LINE('',#5777,#5776);
#5779=CURVE_STYLE('',#36,POSITIVE_LENGTH_MEASURE(2.E-2),#5375);
#5780=PRESENTATION_STYLE_ASSIGNMENT((#5779));
#5781=STYLED_ITEM('',(#5780),#5778);
#5782=DIRECTION('',(0.E0,-2.908620571360E-1,9.567649992128E-1));
#5783=VECTOR('',#5782,1.430202562467E-1);
#5784=CARTESIAN_POINT('',(1.175E0,-6.584008340561E-1,3.460377880210E-1));
#5785=LINE('',#5784,#5783);
#5786=CURVE_STYLE('',#36,POSITIVE_LENGTH_MEASURE(2.E-2),#5375);
#5787=PRESENTATION_STYLE_ASSIGNMENT((#5786));
#5788=STYLED_ITEM('',(#5787),#5785);
#5789=DIRECTION('',(0.E0,1.E0,-2.839416860339E-13));
#5790=VECTOR('',#5789,7.214021685386E-2);
#5791=CARTESIAN_POINT('',(1.175E0,-7.305410509100E-1,3.460377880210E-1));
#5792=LINE('',#5791,#5790);
#5793=CURVE_STYLE('',#36,POSITIVE_LENGTH_MEASURE(2.E-2),#5375);
#5794=PRESENTATION_STYLE_ASSIGNMENT((#5793));
#5795=STYLED_ITEM('',(#5794),#5792);
#5796=CARTESIAN_POINT('',(1.175E0,-1.18E0,0.E0));
#5797=CARTESIAN_POINT('',(1.175E0,-9.031754742310E-1,4.539434323538E-3));
#5798=CARTESIAN_POINT('',(1.175E0,-9.940217824960E-1,3.291519937270E-1));
#5799=CARTESIAN_POINT('',(1.175E0,-7.305410509100E-1,3.460377880210E-1));
#5801=CURVE_STYLE('',#36,POSITIVE_LENGTH_MEASURE(2.E-2),#5375);
#5802=PRESENTATION_STYLE_ASSIGNMENT((#5801));
#5803=STYLED_ITEM('',(#5802),#5800);
#5804=DIRECTION('',(0.E0,1.E0,0.E0));
#5805=VECTOR('',#5804,1.4E-1);
#5806=CARTESIAN_POINT('',(1.175E0,-1.32E0,0.E0));
#5807=LINE('',#5806,#5805);
#5808=CURVE_STYLE('',#36,POSITIVE_LENGTH_MEASURE(2.E-2),#5375);
#5809=PRESENTATION_STYLE_ASSIGNMENT((#5808));
#5810=STYLED_ITEM('',(#5809),#5807);
#5811=DIRECTION('',(0.E0,0.E0,-1.E0));
#5812=VECTOR('',#5811,1.5E-1);
#5813=CARTESIAN_POINT('',(1.175E0,-1.32E0,1.5E-1));
#5814=LINE('',#5813,#5812);
#5815=CURVE_STYLE('',#36,POSITIVE_LENGTH_MEASURE(2.E-2),#5375);
#5816=PRESENTATION_STYLE_ASSIGNMENT((#5815));
#5817=STYLED_ITEM('',(#5816),#5814);
#5818=DIRECTION('',(0.E0,-1.E0,0.E0));
#5819=VECTOR('',#5818,8.371062325400E-2);
#5820=CARTESIAN_POINT('',(1.175E0,-1.236289376746E0,1.5E-1));
#5821=LINE('',#5820,#5819);
#5822=CURVE_STYLE('',#36,POSITIVE_LENGTH_MEASURE(2.E-2),#5375);
#5823=PRESENTATION_STYLE_ASSIGNMENT((#5822));
#5824=STYLED_ITEM('',(#5823),#5821);
#5825=CARTESIAN_POINT('',(1.175E0,-8.140864970660E-1,4.960377880210E-1));
#5826=CARTESIAN_POINT('',(1.175E0,-1.095558325281E0,4.953560601340E-1));
#5827=CARTESIAN_POINT('',(1.175E0,-9.594758379370E-1,1.499807898310E-1));
#5828=CARTESIAN_POINT('',(1.175E0,-1.236289376746E0,1.5E-1));
#5830=CURVE_STYLE('',#36,POSITIVE_LENGTH_MEASURE(2.E-2),#5375);
#5831=PRESENTATION_STYLE_ASSIGNMENT((#5830));
#5832=STYLED_ITEM('',(#5831),#5829);
#5833=DIRECTION('',(0.E0,-1.E0,0.E0));
#5834=VECTOR('',#5833,1.140864970660E-1);
#5835=CARTESIAN_POINT('',(1.175E0,-7.E-1,4.960377880210E-1));
#5836=LINE('',#5835,#5834);
#5837=CURVE_STYLE('',#36,POSITIVE_LENGTH_MEASURE(2.E-2),#5375);
#5838=PRESENTATION_STYLE_ASSIGNMENT((#5837));
#5839=STYLED_ITEM('',(#5838),#5836);
#5840=DIRECTION('',(0.E0,1.E0,-2.816332170417E-13));
#5841=VECTOR('',#5840,7.214021685386E-2);
#5842=CARTESIAN_POINT('',(7.25E-1,-7.305410509100E-1,3.460377880210E-1));
#5843=LINE('',#5842,#5841);
#5844=CURVE_STYLE('',#36,POSITIVE_LENGTH_MEASURE(2.E-2),#5375);
#5845=PRESENTATION_STYLE_ASSIGNMENT((#5844));
#5846=STYLED_ITEM('',(#5845),#5843);
#5847=CARTESIAN_POINT('',(7.25E-1,-1.236289376746E0,1.5E-1));
#5848=CARTESIAN_POINT('',(7.25E-1,-9.594758379370E-1,1.499807898310E-1));
#5849=CARTESIAN_POINT('',(7.25E-1,-1.095558325281E0,4.953560601340E-1));
#5850=CARTESIAN_POINT('',(7.25E-1,-8.140864970660E-1,4.960377880210E-1));
#5852=CURVE_STYLE('',#36,POSITIVE_LENGTH_MEASURE(2.E-2),#5375);
#5853=PRESENTATION_STYLE_ASSIGNMENT((#5852));
#5854=STYLED_ITEM('',(#5853),#5851);
#5855=CARTESIAN_POINT('',(7.25E-1,-7.305410509100E-1,3.460377880210E-1));
#5856=CARTESIAN_POINT('',(7.25E-1,-9.940217824960E-1,3.291519937270E-1));
#5857=CARTESIAN_POINT('',(7.25E-1,-9.031754742310E-1,4.539434323538E-3));
#5858=CARTESIAN_POINT('',(7.25E-1,-1.18E0,0.E0));
#5860=CURVE_STYLE('',#36,POSITIVE_LENGTH_MEASURE(2.E-2),#5375);
#5861=PRESENTATION_STYLE_ASSIGNMENT((#5860));
#5862=STYLED_ITEM('',(#5861),#5859);
#5863=DIRECTION('',(0.E0,2.908620571360E-1,-9.567649992128E-1));
#5864=VECTOR('',#5863,1.430202562467E-1);
#5865=CARTESIAN_POINT('',(7.25E-1,-7.000000000002E-1,4.828745633763E-1));
#5866=LINE('',#5865,#5864);
#5867=CURVE_STYLE('',#36,POSITIVE_LENGTH_MEASURE(2.E-2),#5375);
#5868=PRESENTATION_STYLE_ASSIGNMENT((#5867));
#5869=STYLED_ITEM('',(#5868),#5866);
#5870=DIRECTION('',(1.E0,0.E0,0.E0));
#5871=VECTOR('',#5870,4.5E-1);
#5872=CARTESIAN_POINT('',(7.25E-1,-8.140864970660E-1,4.960377880210E-1));
#5873=LINE('',#5872,#5871);
#5874=CURVE_STYLE('',#36,POSITIVE_LENGTH_MEASURE(2.E-2),#5375);
#5875=PRESENTATION_STYLE_ASSIGNMENT((#5874));
#5876=STYLED_ITEM('',(#5875),#5873);
#5877=DIRECTION('',(-1.E0,0.E0,0.E0));
#5878=VECTOR('',#5877,4.5E-1);
#5879=CARTESIAN_POINT('',(1.175E0,-1.236289376746E0,1.5E-1));
#5880=LINE('',#5879,#5878);
#5881=CURVE_STYLE('',#36,POSITIVE_LENGTH_MEASURE(2.E-2),#5375);
#5882=PRESENTATION_STYLE_ASSIGNMENT((#5881));
#5883=STYLED_ITEM('',(#5882),#5880);
#5884=DIRECTION('',(1.E0,0.E0,0.E0));
#5885=VECTOR('',#5884,4.5E-1);
#5886=CARTESIAN_POINT('',(7.25E-1,-1.32E0,1.5E-1));
#5887=LINE('',#5886,#5885);
#5888=CURVE_STYLE('',#36,POSITIVE_LENGTH_MEASURE(2.E-2),#5375);
#5889=PRESENTATION_STYLE_ASSIGNMENT((#5888));
#5890=STYLED_ITEM('',(#5889),#5887);
#5891=DIRECTION('',(0.E0,-1.E0,0.E0));
#5892=VECTOR('',#5891,8.371062325400E-2);
#5893=CARTESIAN_POINT('',(7.25E-1,-1.236289376746E0,1.5E-1));
#5894=LINE('',#5893,#5892);
#5895=CURVE_STYLE('',#36,POSITIVE_LENGTH_MEASURE(2.E-2),#5375);
#5896=PRESENTATION_STYLE_ASSIGNMENT((#5895));
#5897=STYLED_ITEM('',(#5896),#5894);
#5898=DIRECTION('',(1.E0,0.E0,0.E0));
#5899=VECTOR('',#5898,4.5E-1);
#5900=CARTESIAN_POINT('',(7.25E-1,-1.32E0,0.E0));
#5901=LINE('',#5900,#5899);
#5902=CURVE_STYLE('',#36,POSITIVE_LENGTH_MEASURE(2.E-2),#5375);
#5903=PRESENTATION_STYLE_ASSIGNMENT((#5902));
#5904=STYLED_ITEM('',(#5903),#5901);
#5905=DIRECTION('',(0.E0,0.E0,-1.E0));
#5906=VECTOR('',#5905,1.5E-1);
#5907=CARTESIAN_POINT('',(7.25E-1,-1.32E0,1.5E-1));
#5908=LINE('',#5907,#5906);
#5909=CURVE_STYLE('',#36,POSITIVE_LENGTH_MEASURE(2.E-2),#5375);
#5910=PRESENTATION_STYLE_ASSIGNMENT((#5909));
#5911=STYLED_ITEM('',(#5910),#5908);
#5912=DIRECTION('',(0.E0,1.E0,0.E0));
#5913=VECTOR('',#5912,1.4E-1);
#5914=CARTESIAN_POINT('',(7.25E-1,-1.32E0,0.E0));
#5915=LINE('',#5914,#5913);
#5916=CURVE_STYLE('',#36,POSITIVE_LENGTH_MEASURE(2.E-2),#5375);
#5917=PRESENTATION_STYLE_ASSIGNMENT((#5916));
#5918=STYLED_ITEM('',(#5917),#5915);
#5919=DIRECTION('',(1.E0,0.E0,0.E0));
#5920=VECTOR('',#5919,4.5E-1);
#5921=CARTESIAN_POINT('',(7.25E-1,-1.18E0,0.E0));
#5922=LINE('',#5921,#5920);
#5923=CURVE_STYLE('',#36,POSITIVE_LENGTH_MEASURE(2.E-2),#5375);
#5924=PRESENTATION_STYLE_ASSIGNMENT((#5923));
#5925=STYLED_ITEM('',(#5924),#5922);
#5926=DIRECTION('',(-1.E0,0.E0,0.E0));
#5927=VECTOR('',#5926,4.5E-1);
#5928=CARTESIAN_POINT('',(1.175E0,-7.305410509100E-1,3.460377880210E-1));
#5929=LINE('',#5928,#5927);
#5930=CURVE_STYLE('',#36,POSITIVE_LENGTH_MEASURE(2.E-2),#5375);
#5931=PRESENTATION_STYLE_ASSIGNMENT((#5930));
#5932=STYLED_ITEM('',(#5931),#5929);
#5933=DIRECTION('',(0.E0,-1.400933656968E-11,-1.E0));
#5934=VECTOR('',#5933,1.316322464472E-2);
#5935=CARTESIAN_POINT('',(-7.25E-1,-7.E-1,4.960377880210E-1));
#5936=LINE('',#5935,#5934);
#5937=CURVE_STYLE('',#36,POSITIVE_LENGTH_MEASURE(2.E-2),#5375);
#5938=PRESENTATION_STYLE_ASSIGNMENT((#5937));
#5939=STYLED_ITEM('',(#5938),#5936);
#5940=DIRECTION('',(0.E0,1.403463940515E-11,1.E0));
#5941=VECTOR('',#5940,1.316322464472E-2);
#5942=CARTESIAN_POINT('',(7.25E-1,-7.000000000002E-1,4.828745633763E-1));
#5943=LINE('',#5942,#5941);
#5944=CURVE_STYLE('',#36,POSITIVE_LENGTH_MEASURE(2.E-2),#5375);
#5945=PRESENTATION_STYLE_ASSIGNMENT((#5944));
#5946=STYLED_ITEM('',(#5945),#5943);
#5947=DIRECTION('',(0.E0,-2.908620571360E-1,9.567649992128E-1));
#5948=VECTOR('',#5947,1.430202562467E-1);
#5949=CARTESIAN_POINT('',(-7.25E-1,-6.584008340561E-1,3.460377880210E-1));
#5950=LINE('',#5949,#5948);
#5951=CURVE_STYLE('',#36,POSITIVE_LENGTH_MEASURE(2.E-2),#5375);
#5952=PRESENTATION_STYLE_ASSIGNMENT((#5951));
#5953=STYLED_ITEM('',(#5952),#5950);
#5954=CARTESIAN_POINT('',(-7.25E-1,-1.18E0,1.192627340120E-14));
#5955=CARTESIAN_POINT('',(-7.25E-1,-9.031754742310E-1,4.539434323550E-3));
#5956=CARTESIAN_POINT('',(-7.25E-1,-9.940217824960E-1,3.291519937270E-1));
#5957=CARTESIAN_POINT('',(-7.25E-1,-7.305410509100E-1,3.460377880210E-1));
#5959=CURVE_STYLE('',#36,POSITIVE_LENGTH_MEASURE(2.E-2),#5375);
#5960=PRESENTATION_STYLE_ASSIGNMENT((#5959));
#5961=STYLED_ITEM('',(#5960),#5958);
#5962=DIRECTION('',(0.E0,1.E0,0.E0));
#5963=VECTOR('',#5962,1.4E-1);
#5964=CARTESIAN_POINT('',(-7.25E-1,-1.32E0,1.290669466557E-14));
#5965=LINE('',#5964,#5963);
#5966=CURVE_STYLE('',#36,POSITIVE_LENGTH_MEASURE(2.E-2),#5375);
#5967=PRESENTATION_STYLE_ASSIGNMENT((#5966));
#5968=STYLED_ITEM('',(#5967),#5965);
#5969=DIRECTION('',(0.E0,0.E0,-1.E0));
#5970=VECTOR('',#5969,1.5E-1);
#5971=CARTESIAN_POINT('',(-7.25E-1,-1.32E0,1.5E-1));
#5972=LINE('',#5971,#5970);
#5973=CURVE_STYLE('',#36,POSITIVE_LENGTH_MEASURE(2.E-2),#5375);
#5974=PRESENTATION_STYLE_ASSIGNMENT((#5973));
#5975=STYLED_ITEM('',(#5974),#5972);
#5976=DIRECTION('',(0.E0,-1.E0,0.E0));
#5977=VECTOR('',#5976,8.371062325400E-2);
#5978=CARTESIAN_POINT('',(-7.25E-1,-1.236289376746E0,1.5E-1));
#5979=LINE('',#5978,#5977);
#5980=CURVE_STYLE('',#36,POSITIVE_LENGTH_MEASURE(2.E-2),#5375);
#5981=PRESENTATION_STYLE_ASSIGNMENT((#5980));
#5982=STYLED_ITEM('',(#5981),#5979);
#5983=CARTESIAN_POINT('',(-7.25E-1,-8.140864970660E-1,4.960377880210E-1));
#5984=CARTESIAN_POINT('',(-7.25E-1,-1.095558325281E0,4.953560601340E-1));
#5985=CARTESIAN_POINT('',(-7.25E-1,-9.594758379370E-1,1.499807898310E-1));
#5986=CARTESIAN_POINT('',(-7.25E-1,-1.236289376746E0,1.5E-1));
#5988=CURVE_STYLE('',#36,POSITIVE_LENGTH_MEASURE(2.E-2),#5375);
#5989=PRESENTATION_STYLE_ASSIGNMENT((#5988));
#5990=STYLED_ITEM('',(#5989),#5987);
#5991=DIRECTION('',(0.E0,-1.E0,0.E0));
#5992=VECTOR('',#5991,1.140864970660E-1);
#5993=CARTESIAN_POINT('',(-7.25E-1,-7.E-1,4.960377880210E-1));
#5994=LINE('',#5993,#5992);
#5995=CURVE_STYLE('',#36,POSITIVE_LENGTH_MEASURE(2.E-2),#5375);
#5996=PRESENTATION_STYLE_ASSIGNMENT((#5995));
#5997=STYLED_ITEM('',(#5996),#5994);
#5998=DIRECTION('',(0.E0,1.E0,-2.924060723384E-13));
#5999=VECTOR('',#5998,7.214021685385E-2);
#6000=CARTESIAN_POINT('',(-1.175E0,-7.305410509100E-1,3.460377880210E-1));
#6001=LINE('',#6000,#5999);
#6002=CURVE_STYLE('',#36,POSITIVE_LENGTH_MEASURE(2.E-2),#5375);
#6003=PRESENTATION_STYLE_ASSIGNMENT((#6002));
#6004=STYLED_ITEM('',(#6003),#6001);
#6005=DIRECTION('',(0.E0,-1.E0,2.916365826744E-13));
#6006=VECTOR('',#6005,7.214021685386E-2);
#6007=CARTESIAN_POINT('',(-7.25E-1,-6.584008340561E-1,3.460377880210E-1));
#6008=LINE('',#6007,#6006);
#6009=CURVE_STYLE('',#36,POSITIVE_LENGTH_MEASURE(2.E-2),#5375);
#6010=PRESENTATION_STYLE_ASSIGNMENT((#6009));
#6011=STYLED_ITEM('',(#6010),#6008);
#6012=DIRECTION('',(-1.E0,0.E0,0.E0));
#6013=VECTOR('',#6012,4.5E-1);
#6014=CARTESIAN_POINT('',(-7.25E-1,-7.305410509100E-1,3.460377880210E-1));
#6015=LINE('',#6014,#6013);
#6016=CURVE_STYLE('',#36,POSITIVE_LENGTH_MEASURE(2.E-2),#5375);
#6017=PRESENTATION_STYLE_ASSIGNMENT((#6016));
#6018=STYLED_ITEM('',(#6017),#6015);
#6019=DIRECTION('',(1.E0,0.E0,0.E0));
#6020=VECTOR('',#6019,4.5E-1);
#6021=CARTESIAN_POINT('',(-1.175E0,-1.18E0,1.192627340120E-14));
#6022=LINE('',#6021,#6020);
#6023=CURVE_STYLE('',#36,POSITIVE_LENGTH_MEASURE(2.E-2),#5375);
#6024=PRESENTATION_STYLE_ASSIGNMENT((#6023));
#6025=STYLED_ITEM('',(#6024),#6022);
#6026=DIRECTION('',(0.E0,1.E0,0.E0));
#6027=VECTOR('',#6026,1.4E-1);
#6028=CARTESIAN_POINT('',(-1.175E0,-1.32E0,1.290669466557E-14));
#6029=LINE('',#6028,#6027);
#6030=CURVE_STYLE('',#36,POSITIVE_LENGTH_MEASURE(2.E-2),#5375);
#6031=PRESENTATION_STYLE_ASSIGNMENT((#6030));
#6032=STYLED_ITEM('',(#6031),#6029);
#6033=DIRECTION('',(1.E0,0.E0,0.E0));
#6034=VECTOR('',#6033,4.5E-1);
#6035=CARTESIAN_POINT('',(-1.175E0,-1.32E0,1.290669466557E-14));
#6036=LINE('',#6035,#6034);
#6037=CURVE_STYLE('',#36,POSITIVE_LENGTH_MEASURE(2.E-2),#5375);
#6038=PRESENTATION_STYLE_ASSIGNMENT((#6037));
#6039=STYLED_ITEM('',(#6038),#6036);
#6040=DIRECTION('',(0.E0,0.E0,-1.E0));
#6041=VECTOR('',#6040,1.5E-1);
#6042=CARTESIAN_POINT('',(-1.175E0,-1.32E0,1.5E-1));
#6043=LINE('',#6042,#6041);
#6044=CURVE_STYLE('',#36,POSITIVE_LENGTH_MEASURE(2.E-2),#5375);
#6045=PRESENTATION_STYLE_ASSIGNMENT((#6044));
#6046=STYLED_ITEM('',(#6045),#6043);
#6047=DIRECTION('',(1.E0,0.E0,0.E0));
#6048=VECTOR('',#6047,4.5E-1);
#6049=CARTESIAN_POINT('',(-1.175E0,-1.32E0,1.5E-1));
#6050=LINE('',#6049,#6048);
#6051=CURVE_STYLE('',#36,POSITIVE_LENGTH_MEASURE(2.E-2),#5375);
#6052=PRESENTATION_STYLE_ASSIGNMENT((#6051));
#6053=STYLED_ITEM('',(#6052),#6050);
#6054=DIRECTION('',(0.E0,-1.E0,0.E0));
#6055=VECTOR('',#6054,8.371062325400E-2);
#6056=CARTESIAN_POINT('',(-1.175E0,-1.236289376746E0,1.5E-1));
#6057=LINE('',#6056,#6055);
#6058=CURVE_STYLE('',#36,POSITIVE_LENGTH_MEASURE(2.E-2),#5375);
#6059=PRESENTATION_STYLE_ASSIGNMENT((#6058));
#6060=STYLED_ITEM('',(#6059),#6057);
#6061=DIRECTION('',(-1.E0,0.E0,0.E0));
#6062=VECTOR('',#6061,4.5E-1);
#6063=CARTESIAN_POINT('',(-7.25E-1,-1.236289376746E0,1.5E-1));
#6064=LINE('',#6063,#6062);
#6065=CURVE_STYLE('',#36,POSITIVE_LENGTH_MEASURE(2.E-2),#5375);
#6066=PRESENTATION_STYLE_ASSIGNMENT((#6065));
#6067=STYLED_ITEM('',(#6066),#6064);
#6068=DIRECTION('',(1.E0,0.E0,0.E0));
#6069=VECTOR('',#6068,4.5E-1);
#6070=CARTESIAN_POINT('',(-1.175E0,-8.140864970660E-1,4.960377880210E-1));
#6071=LINE('',#6070,#6069);
#6072=CURVE_STYLE('',#36,POSITIVE_LENGTH_MEASURE(2.E-2),#5375);
#6073=PRESENTATION_STYLE_ASSIGNMENT((#6072));
#6074=STYLED_ITEM('',(#6073),#6071);
#6075=DIRECTION('',(0.E0,-1.400090229120E-11,1.E0));
#6076=VECTOR('',#6075,1.316322464472E-2);
#6077=CARTESIAN_POINT('',(2.25E-1,7.000000000002E-1,4.828745633763E-1));
#6078=LINE('',#6077,#6076);
#6079=CURVE_STYLE('',#36,POSITIVE_LENGTH_MEASURE(2.E-2),#5375);
#6080=PRESENTATION_STYLE_ASSIGNMENT((#6079));
#6081=STYLED_ITEM('',(#6080),#6078);
#6082=DIRECTION('',(4.234007801533E-12,2.230866660369E-11,-1.E0));
#6083=VECTOR('',#6082,1.316322464404E-2);
#6084=CARTESIAN_POINT('',(1.5E0,7.E-1,4.960377880210E-1));
#6085=LINE('',#6084,#6083);
#6086=CURVE_STYLE('',#36,POSITIVE_LENGTH_MEASURE(2.E-2),#5375);
#6087=PRESENTATION_STYLE_ASSIGNMENT((#6086));
#6088=STYLED_ITEM('',(#6087),#6085);
#6089=DIRECTION('',(1.E0,0.E0,0.E0));
#6090=VECTOR('',#6089,1.275E0);
#6091=CARTESIAN_POINT('',(2.25E-1,7.E-1,4.960377880210E-1));
#6092=LINE('',#6091,#6090);
#6093=CURVE_STYLE('',#36,POSITIVE_LENGTH_MEASURE(2.E-2),#5375);
#6094=PRESENTATION_STYLE_ASSIGNMENT((#6093));
#6095=STYLED_ITEM('',(#6094),#6092);
#6096=DIRECTION('',(1.E0,0.E0,0.E0));
#6097=VECTOR('',#6096,4.5E-1);
#6098=CARTESIAN_POINT('',(-2.25E-1,7.E-1,4.960377880210E-1));
#6099=LINE('',#6098,#6097);
#6100=CURVE_STYLE('',#36,POSITIVE_LENGTH_MEASURE(2.E-2),#5375);
#6101=PRESENTATION_STYLE_ASSIGNMENT((#6100));
#6102=STYLED_ITEM('',(#6101),#6099);
#6103=DIRECTION('',(0.E0,1.E0,0.E0));
#6104=VECTOR('',#6103,1.140864970660E-1);
#6105=CARTESIAN_POINT('',(2.25E-1,7.E-1,4.960377880210E-1));
#6106=LINE('',#6105,#6104);
#6107=CURVE_STYLE('',#36,POSITIVE_LENGTH_MEASURE(2.E-2),#5375);
#6108=PRESENTATION_STYLE_ASSIGNMENT((#6107));
#6109=STYLED_ITEM('',(#6108),#6106);
#6110=DIRECTION('',(0.E0,-1.E0,-2.839416860339E-13));
#6111=VECTOR('',#6110,7.214021685386E-2);
#6112=CARTESIAN_POINT('',(2.25E-1,7.305410509100E-1,3.460377880210E-1));
#6113=LINE('',#6112,#6111);
#6114=CURVE_STYLE('',#36,POSITIVE_LENGTH_MEASURE(2.E-2),#5375);
#6115=PRESENTATION_STYLE_ASSIGNMENT((#6114));
#6116=STYLED_ITEM('',(#6115),#6113);
#6117=DIRECTION('',(0.E0,1.E0,2.839416860339E-13));
#6118=VECTOR('',#6117,7.214021685386E-2);
#6119=CARTESIAN_POINT('',(-2.25E-1,6.584008340561E-1,3.460377880210E-1));
#6120=LINE('',#6119,#6118);
#6121=CURVE_STYLE('',#36,POSITIVE_LENGTH_MEASURE(2.E-2),#5375);
#6122=PRESENTATION_STYLE_ASSIGNMENT((#6121));
#6123=STYLED_ITEM('',(#6122),#6120);
#6124=DIRECTION('',(1.E0,0.E0,0.E0));
#6125=VECTOR('',#6124,4.5E-1);
#6126=CARTESIAN_POINT('',(-2.25E-1,7.305410509100E-1,3.460377880210E-1));
#6127=LINE('',#6126,#6125);
#6128=CURVE_STYLE('',#36,POSITIVE_LENGTH_MEASURE(2.E-2),#5375);
#6129=PRESENTATION_STYLE_ASSIGNMENT((#6128));
#6130=STYLED_ITEM('',(#6129),#6127);
#6131=DIRECTION('',(-1.E0,0.E0,0.E0));
#6132=VECTOR('',#6131,4.5E-1);
#6133=CARTESIAN_POINT('',(2.25E-1,1.18E0,0.E0));
#6134=LINE('',#6133,#6132);
#6135=CURVE_STYLE('',#36,POSITIVE_LENGTH_MEASURE(2.E-2),#5375);
#6136=PRESENTATION_STYLE_ASSIGNMENT((#6135));
#6137=STYLED_ITEM('',(#6136),#6134);
#6138=DIRECTION('',(0.E0,-1.E0,0.E0));
#6139=VECTOR('',#6138,1.4E-1);
#6140=CARTESIAN_POINT('',(2.25E-1,1.32E0,0.E0));
#6141=LINE('',#6140,#6139);
#6142=CURVE_STYLE('',#36,POSITIVE_LENGTH_MEASURE(2.E-2),#5375);
#6143=PRESENTATION_STYLE_ASSIGNMENT((#6142));
#6144=STYLED_ITEM('',(#6143),#6141);
#6145=DIRECTION('',(-1.E0,0.E0,0.E0));
#6146=VECTOR('',#6145,4.5E-1);
#6147=CARTESIAN_POINT('',(2.25E-1,1.32E0,0.E0));
#6148=LINE('',#6147,#6146);
#6149=CURVE_STYLE('',#36,POSITIVE_LENGTH_MEASURE(2.E-2),#5375);
#6150=PRESENTATION_STYLE_ASSIGNMENT((#6149));
#6151=STYLED_ITEM('',(#6150),#6148);
#6152=DIRECTION('',(0.E0,0.E0,-1.E0));
#6153=VECTOR('',#6152,1.5E-1);
#6154=CARTESIAN_POINT('',(2.25E-1,1.32E0,1.5E-1));
#6155=LINE('',#6154,#6153);
#6156=CURVE_STYLE('',#36,POSITIVE_LENGTH_MEASURE(2.E-2),#5375);
#6157=PRESENTATION_STYLE_ASSIGNMENT((#6156));
#6158=STYLED_ITEM('',(#6157),#6155);
#6159=DIRECTION('',(-1.E0,0.E0,0.E0));
#6160=VECTOR('',#6159,4.5E-1);
#6161=CARTESIAN_POINT('',(2.25E-1,1.32E0,1.5E-1));
#6162=LINE('',#6161,#6160);
#6163=CURVE_STYLE('',#36,POSITIVE_LENGTH_MEASURE(2.E-2),#5375);
#6164=PRESENTATION_STYLE_ASSIGNMENT((#6163));
#6165=STYLED_ITEM('',(#6164),#6162);
#6166=DIRECTION('',(0.E0,1.E0,0.E0));
#6167=VECTOR('',#6166,8.371062325400E-2);
#6168=CARTESIAN_POINT('',(2.25E-1,1.236289376746E0,1.5E-1));
#6169=LINE('',#6168,#6167);
#6170=CURVE_STYLE('',#36,POSITIVE_LENGTH_MEASURE(2.E-2),#5375);
#6171=PRESENTATION_STYLE_ASSIGNMENT((#6170));
#6172=STYLED_ITEM('',(#6171),#6169);
#6173=CARTESIAN_POINT('',(1.437928820446E0,5.775238178990E-1,
8.000000000002E-2));
#6174=CARTESIAN_POINT('',(1.437928820446E0,-5.775238178990E-1,
8.000000000002E-2));
#6175=VERTEX_POINT('',#6173);
#6176=VERTEX_POINT('',#6174);
#6177=CARTESIAN_POINT('',(-1.437928820446E0,-5.775238178990E-1,
8.000000000002E-2));
#6178=VERTEX_POINT('',#6177);
#6179=CARTESIAN_POINT('',(-1.437928820446E0,5.775238178988E-1,
8.000000000002E-2));
#6180=VERTEX_POINT('',#6179);
#6181=CARTESIAN_POINT('',(2.25E-1,7.000000000002E-1,4.828745633763E-1));
#6182=CARTESIAN_POINT('',(2.25E-1,6.584008340561E-1,3.460377880210E-1));
#6183=VERTEX_POINT('',#6181);
#6184=VERTEX_POINT('',#6182);
#6185=CARTESIAN_POINT('',(1.5E0,7.000000000003E-1,4.828745633770E-1));
#6186=VERTEX_POINT('',#6185);
#6187=CARTESIAN_POINT('',(-1.5E0,7.000000000001E-1,4.828745633770E-1));
#6188=VERTEX_POINT('',#6187);
#6189=CARTESIAN_POINT('',(-2.25E-1,7.000000000002E-1,4.828745633763E-1));
#6190=VERTEX_POINT('',#6189);
#6191=CARTESIAN_POINT('',(-2.25E-1,6.584008340561E-1,3.460377880210E-1));
#6192=VERTEX_POINT('',#6191);
#6193=CARTESIAN_POINT('',(1.5E0,-7.000000000003E-1,4.828745633770E-1));
#6194=VERTEX_POINT('',#6193);
#6195=CARTESIAN_POINT('',(-1.175E0,-7.000000000002E-1,4.828745633763E-1));
#6196=CARTESIAN_POINT('',(-1.175E0,-6.584008340561E-1,3.460377880210E-1));
#6197=VERTEX_POINT('',#6195);
#6198=VERTEX_POINT('',#6196);
#6199=CARTESIAN_POINT('',(-1.5E0,-7.000000000003E-1,4.828745633770E-1));
#6200=VERTEX_POINT('',#6199);
#6201=CARTESIAN_POINT('',(1.175E0,-7.000000000002E-1,4.828745633763E-1));
#6202=VERTEX_POINT('',#6201);
#6203=CARTESIAN_POINT('',(1.175E0,-6.584008340561E-1,3.460377880210E-1));
#6204=VERTEX_POINT('',#6203);
#6205=CARTESIAN_POINT('',(7.25E-1,-6.584008340561E-1,3.460377880210E-1));
#6206=VERTEX_POINT('',#6205);
#6207=CARTESIAN_POINT('',(7.25E-1,-7.000000000002E-1,4.828745633763E-1));
#6208=VERTEX_POINT('',#6207);
#6209=CARTESIAN_POINT('',(-7.25E-1,-7.000000000002E-1,4.828745633763E-1));
#6210=VERTEX_POINT('',#6209);
#6211=CARTESIAN_POINT('',(-7.25E-1,-6.584008340561E-1,3.460377880210E-1));
#6212=VERTEX_POINT('',#6211);
#6213=CARTESIAN_POINT('',(-2.25E-1,7.305410509100E-1,3.460377880210E-1));
#6214=VERTEX_POINT('',#6213);
#6215=CARTESIAN_POINT('',(2.25E-1,7.305410509100E-1,3.460377880210E-1));
#6216=VERTEX_POINT('',#6215);
#6217=VERTEX_POINT('',#5454);
#6218=VERTEX_POINT('',#5457);
#6219=CARTESIAN_POINT('',(2.25E-1,7.E-1,4.960377880210E-1));
#6220=VERTEX_POINT('',#6219);
#6221=VERTEX_POINT('',#5465);
#6222=CARTESIAN_POINT('',(2.25E-1,1.32E0,0.E0));
#6223=VERTEX_POINT('',#6222);
#6224=CARTESIAN_POINT('',(2.25E-1,1.32E0,1.5E-1));
#6225=VERTEX_POINT('',#6224);
#6226=CARTESIAN_POINT('',(1.5E0,7.E-1,4.960377880210E-1));
#6227=VERTEX_POINT('',#6226);
#6228=CARTESIAN_POINT('',(-1.5E0,7.000000000001E-1,4.960377880210E-1));
#6229=VERTEX_POINT('',#6228);
#6230=CARTESIAN_POINT('',(-2.25E-1,7.E-1,4.960377880210E-1));
#6231=VERTEX_POINT('',#6230);
#6232=CARTESIAN_POINT('',(-2.25E-1,8.140864970660E-1,4.960377880210E-1));
#6233=VERTEX_POINT('',#6232);
#6234=VERTEX_POINT('',#5530);
#6235=CARTESIAN_POINT('',(-2.25E-1,1.32E0,1.5E-1));
#6236=VERTEX_POINT('',#6235);
#6237=CARTESIAN_POINT('',(-2.25E-1,1.32E0,0.E0));
#6238=VERTEX_POINT('',#6237);
#6239=CARTESIAN_POINT('',(-2.25E-1,1.18E0,0.E0));
#6240=VERTEX_POINT('',#6239);
#6241=CARTESIAN_POINT('',(1.5E0,-7.000000000001E-1,4.960377880210E-1));
#6242=VERTEX_POINT('',#6241);
#6243=CARTESIAN_POINT('',(-7.25E-1,-7.305410509100E-1,3.460377880210E-1));
#6244=VERTEX_POINT('',#6243);
#6245=CARTESIAN_POINT('',(-1.175E0,-7.305410509100E-1,3.460377880210E-1));
#6246=VERTEX_POINT('',#6245);
#6247=CARTESIAN_POINT('',(-1.175E0,-7.E-1,4.960377880210E-1));
#6248=CARTESIAN_POINT('',(-1.175E0,-8.140864970660E-1,4.960377880210E-1));
#6249=VERTEX_POINT('',#6247);
#6250=VERTEX_POINT('',#6248);
#6251=VERTEX_POINT('',#5665);
#6252=CARTESIAN_POINT('',(-1.175E0,-1.32E0,1.290669466557E-14));
#6253=VERTEX_POINT('',#6252);
#6254=CARTESIAN_POINT('',(-1.175E0,-1.32E0,1.5E-1));
#6255=VERTEX_POINT('',#6254);
#6256=CARTESIAN_POINT('',(-1.175E0,-1.236289376746E0,1.5E-1));
#6257=VERTEX_POINT('',#6256);
#6258=CARTESIAN_POINT('',(-1.5E0,-7.E-1,4.960377880210E-1));
#6259=VERTEX_POINT('',#6258);
#6260=CARTESIAN_POINT('',(1.175E0,-7.E-1,4.960377880210E-1));
#6261=VERTEX_POINT('',#6260);
#6262=CARTESIAN_POINT('',(1.175E0,-8.140864970660E-1,4.960377880210E-1));
#6263=VERTEX_POINT('',#6262);
#6264=VERTEX_POINT('',#5828);
#6265=CARTESIAN_POINT('',(1.175E0,-1.32E0,1.5E-1));
#6266=VERTEX_POINT('',#6265);
#6267=CARTESIAN_POINT('',(1.175E0,-1.32E0,0.E0));
#6268=VERTEX_POINT('',#6267);
#6269=CARTESIAN_POINT('',(1.175E0,-1.18E0,0.E0));
#6270=VERTEX_POINT('',#6269);
#6271=VERTEX_POINT('',#5799);
#6272=CARTESIAN_POINT('',(7.25E-1,-7.305410509100E-1,3.460377880210E-1));
#6273=VERTEX_POINT('',#6272);
#6274=VERTEX_POINT('',#5847);
#6275=VERTEX_POINT('',#5850);
#6276=CARTESIAN_POINT('',(7.25E-1,-7.E-1,4.960377880210E-1));
#6277=VERTEX_POINT('',#6276);
#6278=VERTEX_POINT('',#5858);
#6279=CARTESIAN_POINT('',(7.25E-1,-1.32E0,0.E0));
#6280=VERTEX_POINT('',#6279);
#6281=CARTESIAN_POINT('',(7.25E-1,-1.32E0,1.5E-1));
#6282=VERTEX_POINT('',#6281);
#6283=CARTESIAN_POINT('',(-7.25E-1,-7.E-1,4.960377880210E-1));
#6284=VERTEX_POINT('',#6283);
#6285=CARTESIAN_POINT('',(-7.25E-1,-8.140864970660E-1,4.960377880210E-1));
#6286=VERTEX_POINT('',#6285);
#6287=VERTEX_POINT('',#5986);
#6288=CARTESIAN_POINT('',(-7.25E-1,-1.32E0,1.5E-1));
#6289=VERTEX_POINT('',#6288);
#6290=CARTESIAN_POINT('',(-7.25E-1,-1.32E0,1.290634266127E-14));
#6291=VERTEX_POINT('',#6290);
#6292=CARTESIAN_POINT('',(-7.25E-1,-1.18E0,1.192627340120E-14));
#6293=VERTEX_POINT('',#6292);
#6294=CARTESIAN_POINT('',(1.435633805632E0,5.765945065209E-1,1.08E0));
#6295=VERTEX_POINT('',#6294);
#6296=CARTESIAN_POINT('',(-1.435633805632E0,5.765945065210E-1,1.08E0));
#6297=VERTEX_POINT('',#6296);
#6298=CARTESIAN_POINT('',(1.435633805632E0,-5.765945065210E-1,1.08E0));
#6299=VERTEX_POINT('',#6298);
#6300=CARTESIAN_POINT('',(-1.435633805632E0,-5.765945065209E-1,1.08E0));
#6301=VERTEX_POINT('',#6300);
#6302=CARTESIAN_POINT('',(1.5E0,-7.E-1,8.E-2));
#6303=DIRECTION('',(0.E0,0.E0,1.E0));
#6304=DIRECTION('',(0.E0,-1.E0,0.E0));
#6305=AXIS2_PLACEMENT_3D('',#6302,#6303,#6304);
#6306=PLANE('',#6305);
#6308=ORIENTED_EDGE('',*,*,#6307,.F.);
#6310=ORIENTED_EDGE('',*,*,#6309,.F.);
#6312=ORIENTED_EDGE('',*,*,#6311,.F.);
#6314=ORIENTED_EDGE('',*,*,#6313,.F.);
#6315=EDGE_LOOP('',(#6308,#6310,#6312,#6314));
#6316=FACE_OUTER_BOUND('',#6315,.F.);
#6317=ADVANCED_FACE('',(#6316),#6306,.F.);
#6318=FILL_AREA_STYLE_COLOUR('',#1);
#6319=FILL_AREA_STYLE('',(#6318));
#6320=SURFACE_STYLE_FILL_AREA(#6319);
#6321=SURFACE_SIDE_STYLE('',(#6320));
#6322=SURFACE_STYLE_USAGE(.BOTH.,#6321);
#6323=PRESENTATION_STYLE_ASSIGNMENT((#6322));
#6324=OVER_RIDING_STYLED_ITEM('',(#6323),#6317,#5376);
#6325=CARTESIAN_POINT('',(1.435235368885E0,7.E-1,6.251808441199E-2));
#6326=DIRECTION('',(-9.883383155902E-1,0.E0,1.522740093920E-1));
#6327=DIRECTION('',(1.522740093920E-1,0.E0,9.883383155902E-1));
#6328=AXIS2_PLACEMENT_3D('',#6325,#6326,#6327);
#6329=PLANE('',#6328);
#6331=ORIENTED_EDGE('',*,*,#6330,.T.);
#6332=ORIENTED_EDGE('',*,*,#6307,.T.);
#6334=ORIENTED_EDGE('',*,*,#6333,.F.);
#6336=ORIENTED_EDGE('',*,*,#6335,.F.);
#6337=EDGE_LOOP('',(#6331,#6332,#6334,#6336));
#6338=FACE_OUTER_BOUND('',#6337,.F.);
#6339=ADVANCED_FACE('',(#6338),#6329,.F.);
#6340=FILL_AREA_STYLE_COLOUR('',#1);
#6341=FILL_AREA_STYLE('',(#6340));
#6342=SURFACE_STYLE_FILL_AREA(#6341);
#6343=SURFACE_SIDE_STYLE('',(#6342));
#6344=SURFACE_STYLE_USAGE(.BOTH.,#6343);
#6345=PRESENTATION_STYLE_ASSIGNMENT((#6344));
#6346=OVER_RIDING_STYLED_ITEM('',(#6345),#6339,#5376);
#6347=CARTESIAN_POINT('',(-1.5E0,5.748265899680E-1,7.112770739254E-2));
#6348=DIRECTION('',(0.E0,-9.567649992125E-1,2.908620571369E-1));
#6349=DIRECTION('',(0.E0,-2.908620571369E-1,-9.567649992125E-1));
#6350=AXIS2_PLACEMENT_3D('',#6347,#6348,#6349);
#6351=PLANE('',#6350);
#6353=ORIENTED_EDGE('',*,*,#6352,.T.);
#6355=ORIENTED_EDGE('',*,*,#6354,.F.);
#6357=ORIENTED_EDGE('',*,*,#6356,.T.);
#6359=ORIENTED_EDGE('',*,*,#6358,.F.);
#6361=ORIENTED_EDGE('',*,*,#6360,.F.);
#6362=ORIENTED_EDGE('',*,*,#6309,.T.);
#6363=ORIENTED_EDGE('',*,*,#6330,.F.);
#6365=ORIENTED_EDGE('',*,*,#6364,.F.);
#6366=EDGE_LOOP('',(#6353,#6355,#6357,#6359,#6361,#6362,#6363,#6365));
#6367=FACE_OUTER_BOUND('',#6366,.F.);
#6368=ADVANCED_FACE('',(#6367),#6351,.F.);
#6369=FILL_AREA_STYLE_COLOUR('',#1);
#6370=FILL_AREA_STYLE('',(#6369));
#6371=SURFACE_STYLE_FILL_AREA(#6370);
#6372=SURFACE_SIDE_STYLE('',(#6371));
#6373=SURFACE_STYLE_USAGE(.BOTH.,#6372);
#6374=PRESENTATION_STYLE_ASSIGNMENT((#6373));
#6375=OVER_RIDING_STYLED_ITEM('',(#6374),#6368,#5376);
#6376=CARTESIAN_POINT('',(2.25E-1,9.502666026360E-1,1.683890090220E-1));
#6377=DIRECTION('',(1.E0,0.E0,0.E0));
#6378=DIRECTION('',(0.E0,0.E0,-1.E0));
#6379=AXIS2_PLACEMENT_3D('',#6376,#6377,#6378);
#6380=PLANE('',#6379);
#6382=ORIENTED_EDGE('',*,*,#6381,.F.);
#6384=ORIENTED_EDGE('',*,*,#6383,.T.);
#6386=ORIENTED_EDGE('',*,*,#6385,.T.);
#6388=ORIENTED_EDGE('',*,*,#6387,.T.);
#6390=ORIENTED_EDGE('',*,*,#6389,.F.);
#6392=ORIENTED_EDGE('',*,*,#6391,.T.);
#6393=ORIENTED_EDGE('',*,*,#6352,.F.);
#6395=ORIENTED_EDGE('',*,*,#6394,.T.);
#6397=ORIENTED_EDGE('',*,*,#6396,.T.);
#6398=EDGE_LOOP('',(#6382,#6384,#6386,#6388,#6390,#6392,#6393,#6395,#6397));
#6399=FACE_OUTER_BOUND('',#6398,.F.);
#6400=ADVANCED_FACE('',(#6399),#6380,.T.);
#6401=CARTESIAN_POINT('',(2.25E-1,1.242209418801E0,1.500522113643E-1));
#6402=CARTESIAN_POINT('',(2.25E-1,9.555324247858E-1,1.450560275116E-1));
#6403=CARTESIAN_POINT('',(2.25E-1,1.099534870444E0,5.002970924351E-1));
#6404=CARTESIAN_POINT('',(2.25E-1,8.080408389321E-1,4.960001277062E-1));
#6406=DIRECTION('',(-1.E0,0.E0,0.E0));
#6407=VECTOR('',#6406,1.E0);
#6408=SURFACE_OF_LINEAR_EXTRUSION('',#6405,#6407);
#6410=ORIENTED_EDGE('',*,*,#6409,.T.);
#6412=ORIENTED_EDGE('',*,*,#6411,.T.);
#6413=ORIENTED_EDGE('',*,*,#6381,.T.);
#6415=ORIENTED_EDGE('',*,*,#6414,.T.);
#6416=EDGE_LOOP('',(#6410,#6412,#6413,#6415));
#6417=FACE_OUTER_BOUND('',#6416,.F.);
#6418=ADVANCED_FACE('',(#6417),#6408,.F.);
#6419=CARTESIAN_POINT('',(-2.25E-1,9.502666026360E-1,1.683890090220E-1));
#6420=DIRECTION('',(1.E0,0.E0,0.E0));
#6421=DIRECTION('',(0.E0,0.E0,-1.E0));
#6422=AXIS2_PLACEMENT_3D('',#6419,#6420,#6421);
#6423=PLANE('',#6422);
#6425=ORIENTED_EDGE('',*,*,#6424,.T.);
#6426=ORIENTED_EDGE('',*,*,#6356,.F.);
#6428=ORIENTED_EDGE('',*,*,#6427,.T.);
#6430=ORIENTED_EDGE('',*,*,#6429,.F.);
#6432=ORIENTED_EDGE('',*,*,#6431,.F.);
#6434=ORIENTED_EDGE('',*,*,#6433,.F.);
#6436=ORIENTED_EDGE('',*,*,#6435,.F.);
#6437=ORIENTED_EDGE('',*,*,#6409,.F.);
#6439=ORIENTED_EDGE('',*,*,#6438,.F.);
#6440=EDGE_LOOP('',(#6425,#6426,#6428,#6430,#6432,#6434,#6436,#6437,#6439));
#6441=FACE_OUTER_BOUND('',#6440,.F.);
#6442=ADVANCED_FACE('',(#6441),#6423,.F.);
#6443=CARTESIAN_POINT('',(1.5E0,7.E-1,1.08E0));
#6444=DIRECTION('',(0.E0,-1.E0,0.E0));
#6445=DIRECTION('',(0.E0,0.E0,-1.E0));
#6446=AXIS2_PLACEMENT_3D('',#6443,#6444,#6445);
#6447=PLANE('',#6446);
#6448=ORIENTED_EDGE('',*,*,#6358,.T.);
#6449=ORIENTED_EDGE('',*,*,#6424,.F.);
#6451=ORIENTED_EDGE('',*,*,#6450,.F.);
#6453=ORIENTED_EDGE('',*,*,#6452,.F.);
#6454=EDGE_LOOP('',(#6448,#6449,#6451,#6453));
#6455=FACE_OUTER_BOUND('',#6454,.F.);
#6456=ADVANCED_FACE('',(#6455),#6447,.F.);
#6457=FILL_AREA_STYLE_COLOUR('',#1);
#6458=FILL_AREA_STYLE('',(#6457));
#6459=SURFACE_STYLE_FILL_AREA(#6458);
#6460=SURFACE_SIDE_STYLE('',(#6459));
#6461=SURFACE_STYLE_USAGE(.BOTH.,#6460);
#6462=PRESENTATION_STYLE_ASSIGNMENT((#6461));
#6463=OVER_RIDING_STYLED_ITEM('',(#6462),#6456,#5376);
#6464=CARTESIAN_POINT('',(-1.5E0,7.E-1,4.960377880210E-1));
#6465=DIRECTION('',(0.E0,-9.783920787932E-1,-2.067581682900E-1));
#6466=DIRECTION('',(0.E0,2.067581682900E-1,-9.783920787932E-1));
#6467=AXIS2_PLACEMENT_3D('',#6464,#6465,#6466);
#6468=PLANE('',#6467);
#6470=ORIENTED_EDGE('',*,*,#6469,.F.);
#6472=ORIENTED_EDGE('',*,*,#6471,.F.);
#6474=ORIENTED_EDGE('',*,*,#6473,.F.);
#6475=ORIENTED_EDGE('',*,*,#6450,.T.);
#6477=ORIENTED_EDGE('',*,*,#6476,.T.);
#6479=ORIENTED_EDGE('',*,*,#6478,.T.);
#6480=EDGE_LOOP('',(#6470,#6472,#6474,#6475,#6477,#6479));
#6481=FACE_OUTER_BOUND('',#6480,.F.);
#6482=ADVANCED_FACE('',(#6481),#6468,.F.);
#6483=FILL_AREA_STYLE_COLOUR('',#1);
#6484=FILL_AREA_STYLE('',(#6483));
#6485=SURFACE_STYLE_FILL_AREA(#6484);
#6486=SURFACE_SIDE_STYLE('',(#6485));
#6487=SURFACE_STYLE_USAGE(.BOTH.,#6486);
#6488=PRESENTATION_STYLE_ASSIGNMENT((#6487));
#6489=OVER_RIDING_STYLED_ITEM('',(#6488),#6482,#5376);
#6490=CARTESIAN_POINT('',(1.5E0,7.E-1,4.960377880210E-1));
#6491=DIRECTION('',(-9.939802173430E-1,0.E0,-1.095596984790E-1));
#6492=DIRECTION('',(-1.095596984790E-1,0.E0,9.939802173430E-1));
#6493=AXIS2_PLACEMENT_3D('',#6490,#6491,#6492);
#6494=PLANE('',#6493);
#6495=ORIENTED_EDGE('',*,*,#6469,.T.);
#6497=ORIENTED_EDGE('',*,*,#6496,.F.);
#6499=ORIENTED_EDGE('',*,*,#6498,.T.);
#6501=ORIENTED_EDGE('',*,*,#6500,.F.);
#6502=EDGE_LOOP('',(#6495,#6497,#6499,#6501));
#6503=FACE_OUTER_BOUND('',#6502,.F.);
#6504=ADVANCED_FACE('',(#6503),#6494,.F.);
#6505=FILL_AREA_STYLE_COLOUR('',#1);
#6506=FILL_AREA_STYLE('',(#6505));
#6507=SURFACE_STYLE_FILL_AREA(#6506);
#6508=SURFACE_SIDE_STYLE('',(#6507));
#6509=SURFACE_STYLE_USAGE(.BOTH.,#6508);
#6510=PRESENTATION_STYLE_ASSIGNMENT((#6509));
#6511=OVER_RIDING_STYLED_ITEM('',(#6510),#6504,#5376);
#6512=CARTESIAN_POINT('',(1.5E0,-7.E-1,8.E-2));
#6513=DIRECTION('',(1.E0,0.E0,0.E0));
#6514=DIRECTION('',(0.E0,0.E0,-1.E0));
#6515=AXIS2_PLACEMENT_3D('',#6512,#6513,#6514);
#6516=PLANE('',#6515);
#6517=ORIENTED_EDGE('',*,*,#6335,.T.);
#6519=ORIENTED_EDGE('',*,*,#6518,.T.);
#6520=ORIENTED_EDGE('',*,*,#6496,.T.);
#6522=ORIENTED_EDGE('',*,*,#6521,.T.);
#6523=EDGE_LOOP('',(#6517,#6519,#6520,#6522));
#6524=FACE_OUTER_BOUND('',#6523,.F.);
#6525=ADVANCED_FACE('',(#6524),#6516,.T.);
#6526=FILL_AREA_STYLE_COLOUR('',#1);
#6527=FILL_AREA_STYLE('',(#6526));
#6528=SURFACE_STYLE_FILL_AREA(#6527);
#6529=SURFACE_SIDE_STYLE('',(#6528));
#6530=SURFACE_STYLE_USAGE(.BOTH.,#6529);
#6531=PRESENTATION_STYLE_ASSIGNMENT((#6530));
#6532=OVER_RIDING_STYLED_ITEM('',(#6531),#6525,#5376);
#6533=CARTESIAN_POINT('',(1.5E0,-7.E-1,1.08E0));
#6534=DIRECTION('',(0.E0,1.E0,0.E0));
#6535=DIRECTION('',(0.E0,0.E0,1.E0));
#6536=AXIS2_PLACEMENT_3D('',#6533,#6534,#6535);
#6537=PLANE('',#6536);
#6539=ORIENTED_EDGE('',*,*,#6538,.T.);
#6541=ORIENTED_EDGE('',*,*,#6540,.F.);
#6543=ORIENTED_EDGE('',*,*,#6542,.T.);
#6544=ORIENTED_EDGE('',*,*,#6518,.F.);
#6545=EDGE_LOOP('',(#6539,#6541,#6543,#6544));
#6546=FACE_OUTER_BOUND('',#6545,.F.);
#6547=ADVANCED_FACE('',(#6546),#6537,.F.);
#6548=FILL_AREA_STYLE_COLOUR('',#1);
#6549=FILL_AREA_STYLE('',(#6548));
#6550=SURFACE_STYLE_FILL_AREA(#6549);
#6551=SURFACE_SIDE_STYLE('',(#6550));
#6552=SURFACE_STYLE_USAGE(.BOTH.,#6551);
#6553=PRESENTATION_STYLE_ASSIGNMENT((#6552));
#6554=OVER_RIDING_STYLED_ITEM('',(#6553),#6547,#5376);
#6555=CARTESIAN_POINT('',(-1.5E0,-5.748265899680E-1,7.112770739253E-2));
#6556=DIRECTION('',(0.E0,9.567649992125E-1,2.908620571369E-1));
#6557=DIRECTION('',(0.E0,-2.908620571369E-1,9.567649992125E-1));
#6558=AXIS2_PLACEMENT_3D('',#6555,#6556,#6557);
#6559=PLANE('',#6558);
#6561=ORIENTED_EDGE('',*,*,#6560,.T.);
#6563=ORIENTED_EDGE('',*,*,#6562,.F.);
#6565=ORIENTED_EDGE('',*,*,#6564,.T.);
#6567=ORIENTED_EDGE('',*,*,#6566,.F.);
#6569=ORIENTED_EDGE('',*,*,#6568,.T.);
#6571=ORIENTED_EDGE('',*,*,#6570,.F.);
#6573=ORIENTED_EDGE('',*,*,#6572,.T.);
#6574=ORIENTED_EDGE('',*,*,#6538,.F.);
#6575=ORIENTED_EDGE('',*,*,#6333,.T.);
#6576=ORIENTED_EDGE('',*,*,#6313,.T.);
#6578=ORIENTED_EDGE('',*,*,#6577,.F.);
#6580=ORIENTED_EDGE('',*,*,#6579,.F.);
#6581=EDGE_LOOP('',(#6561,#6563,#6565,#6567,#6569,#6571,#6573,#6574,#6575,#6576,
#6578,#6580));
#6582=FACE_OUTER_BOUND('',#6581,.F.);
#6583=ADVANCED_FACE('',(#6582),#6559,.F.);
#6584=FILL_AREA_STYLE_COLOUR('',#1);
#6585=FILL_AREA_STYLE('',(#6584));
#6586=SURFACE_STYLE_FILL_AREA(#6585);
#6587=SURFACE_SIDE_STYLE('',(#6586));
#6588=SURFACE_STYLE_USAGE(.BOTH.,#6587);
#6589=PRESENTATION_STYLE_ASSIGNMENT((#6588));
#6590=OVER_RIDING_STYLED_ITEM('',(#6589),#6583,#5376);
#6591=CARTESIAN_POINT('',(-1.175E0,-1.026934795433E0,3.227560422400E-1));
#6592=DIRECTION('',(-1.E0,0.E0,0.E0));
#6593=DIRECTION('',(0.E0,0.E0,1.E0));
#6594=AXIS2_PLACEMENT_3D('',#6591,#6592,#6593);
#6595=PLANE('',#6594);
#6597=ORIENTED_EDGE('',*,*,#6596,.T.);
#6599=ORIENTED_EDGE('',*,*,#6598,.F.);
#6601=ORIENTED_EDGE('',*,*,#6600,.T.);
#6603=ORIENTED_EDGE('',*,*,#6602,.T.);
#6605=ORIENTED_EDGE('',*,*,#6604,.T.);
#6607=ORIENTED_EDGE('',*,*,#6606,.F.);
#6609=ORIENTED_EDGE('',*,*,#6608,.T.);
#6610=ORIENTED_EDGE('',*,*,#6560,.F.);
#6612=ORIENTED_EDGE('',*,*,#6611,.T.);
#6613=EDGE_LOOP('',(#6597,#6599,#6601,#6603,#6605,#6607,#6609,#6610,#6612));
#6614=FACE_OUTER_BOUND('',#6613,.F.);
#6615=ADVANCED_FACE('',(#6614),#6595,.T.);
#6616=CARTESIAN_POINT('',(-1.175E0,-5.917959349730E-1,4.960377880210E-1));
#6617=DIRECTION('',(0.E0,-1.073030162418E-14,-1.E0));
#6618=DIRECTION('',(0.E0,1.E0,-1.073030162418E-14));
#6619=AXIS2_PLACEMENT_3D('',#6616,#6617,#6618);
#6620=PLANE('',#6619);
#6622=ORIENTED_EDGE('',*,*,#6621,.T.);
#6624=ORIENTED_EDGE('',*,*,#6623,.T.);
#6626=ORIENTED_EDGE('',*,*,#6625,.F.);
#6627=ORIENTED_EDGE('',*,*,#6596,.F.);
#6628=EDGE_LOOP('',(#6622,#6624,#6626,#6627));
#6629=FACE_OUTER_BOUND('',#6628,.F.);
#6630=ADVANCED_FACE('',(#6629),#6620,.F.);
#6631=CARTESIAN_POINT('',(-1.5E0,-7.E-1,4.960377880210E-1));
#6632=DIRECTION('',(0.E0,9.783920787932E-1,-2.067581682900E-1));
#6633=DIRECTION('',(0.E0,2.067581682900E-1,9.783920787932E-1));
#6634=AXIS2_PLACEMENT_3D('',#6631,#6632,#6633);
#6635=PLANE('',#6634);
#6636=ORIENTED_EDGE('',*,*,#6621,.F.);
#6638=ORIENTED_EDGE('',*,*,#6637,.F.);
#6640=ORIENTED_EDGE('',*,*,#6639,.F.);
#6642=ORIENTED_EDGE('',*,*,#6641,.T.);
#6643=ORIENTED_EDGE('',*,*,#6498,.F.);
#6644=ORIENTED_EDGE('',*,*,#6542,.F.);
#6646=ORIENTED_EDGE('',*,*,#6645,.F.);
#6648=ORIENTED_EDGE('',*,*,#6647,.F.);
#6649=EDGE_LOOP('',(#6636,#6638,#6640,#6642,#6643,#6644,#6646,#6648));
#6650=FACE_OUTER_BOUND('',#6649,.F.);
#6651=ADVANCED_FACE('',(#6650),#6635,.F.);
#6652=FILL_AREA_STYLE_COLOUR('',#1);
#6653=FILL_AREA_STYLE('',(#6652));
#6654=SURFACE_STYLE_FILL_AREA(#6653);
#6655=SURFACE_SIDE_STYLE('',(#6654));
#6656=SURFACE_STYLE_USAGE(.BOTH.,#6655);
#6657=PRESENTATION_STYLE_ASSIGNMENT((#6656));
#6658=OVER_RIDING_STYLED_ITEM('',(#6657),#6651,#5376);
#6659=CARTESIAN_POINT('',(1.5E0,-7.E-1,1.08E0));
#6660=DIRECTION('',(0.E0,1.E0,0.E0));
#6661=DIRECTION('',(0.E0,0.E0,1.E0));
#6662=AXIS2_PLACEMENT_3D('',#6659,#6660,#6661);
#6663=PLANE('',#6662);
#6664=ORIENTED_EDGE('',*,*,#6611,.F.);
#6665=ORIENTED_EDGE('',*,*,#6579,.T.);
#6667=ORIENTED_EDGE('',*,*,#6666,.F.);
#6668=ORIENTED_EDGE('',*,*,#6637,.T.);
#6669=EDGE_LOOP('',(#6664,#6665,#6667,#6668));
#6670=FACE_OUTER_BOUND('',#6669,.F.);
#6671=ADVANCED_FACE('',(#6670),#6663,.F.);
#6672=FILL_AREA_STYLE_COLOUR('',#1);
#6673=FILL_AREA_STYLE('',(#6672));
#6674=SURFACE_STYLE_FILL_AREA(#6673);
#6675=SURFACE_SIDE_STYLE('',(#6674));
#6676=SURFACE_STYLE_USAGE(.BOTH.,#6675);
#6677=PRESENTATION_STYLE_ASSIGNMENT((#6676));
#6678=OVER_RIDING_STYLED_ITEM('',(#6677),#6671,#5376);
#6679=CARTESIAN_POINT('',(-1.5E0,-7.E-1,8.E-2));
#6680=DIRECTION('',(1.E0,0.E0,0.E0));
#6681=DIRECTION('',(0.E0,0.E0,-1.E0));
#6682=AXIS2_PLACEMENT_3D('',#6679,#6680,#6681);
#6683=PLANE('',#6682);
#6685=ORIENTED_EDGE('',*,*,#6684,.T.);
#6686=ORIENTED_EDGE('',*,*,#6452,.T.);
#6688=ORIENTED_EDGE('',*,*,#6687,.F.);
#6689=ORIENTED_EDGE('',*,*,#6666,.T.);
#6690=EDGE_LOOP('',(#6685,#6686,#6688,#6689));
#6691=FACE_OUTER_BOUND('',#6690,.F.);
#6692=ADVANCED_FACE('',(#6691),#6683,.F.);
#6693=FILL_AREA_STYLE_COLOUR('',#1);
#6694=FILL_AREA_STYLE('',(#6693));
#6695=SURFACE_STYLE_FILL_AREA(#6694);
#6696=SURFACE_SIDE_STYLE('',(#6695));
#6697=SURFACE_STYLE_USAGE(.BOTH.,#6696);
#6698=PRESENTATION_STYLE_ASSIGNMENT((#6697));
#6699=OVER_RIDING_STYLED_ITEM('',(#6698),#6692,#5376);
#6700=CARTESIAN_POINT('',(-1.435235368885E0,7.E-1,6.251808441199E-2));
#6701=DIRECTION('',(9.883383155902E-1,0.E0,1.522740093920E-1));
#6702=DIRECTION('',(1.522740093920E-1,0.E0,-9.883383155902E-1));
#6703=AXIS2_PLACEMENT_3D('',#6700,#6701,#6702);
#6704=PLANE('',#6703);
#6705=ORIENTED_EDGE('',*,*,#6360,.T.);
#6706=ORIENTED_EDGE('',*,*,#6684,.F.);
#6707=ORIENTED_EDGE('',*,*,#6577,.T.);
#6708=ORIENTED_EDGE('',*,*,#6311,.T.);
#6709=EDGE_LOOP('',(#6705,#6706,#6707,#6708));
#6710=FACE_OUTER_BOUND('',#6709,.F.);
#6711=ADVANCED_FACE('',(#6710),#6704,.F.);
#6712=FILL_AREA_STYLE_COLOUR('',#1);
#6713=FILL_AREA_STYLE('',(#6712));
#6714=SURFACE_STYLE_FILL_AREA(#6713);
#6715=SURFACE_SIDE_STYLE('',(#6714));
#6716=SURFACE_STYLE_USAGE(.BOTH.,#6715);
#6717=PRESENTATION_STYLE_ASSIGNMENT((#6716));
#6718=OVER_RIDING_STYLED_ITEM('',(#6717),#6711,#5376);
#6719=CARTESIAN_POINT('',(-1.5E0,7.E-1,4.960377880210E-1));
#6720=DIRECTION('',(9.939802173430E-1,0.E0,-1.095596984790E-1));
#6721=DIRECTION('',(-1.095596984790E-1,0.E0,-9.939802173430E-1));
#6722=AXIS2_PLACEMENT_3D('',#6719,#6720,#6721);
#6723=PLANE('',#6722);
#6724=ORIENTED_EDGE('',*,*,#6473,.T.);
#6726=ORIENTED_EDGE('',*,*,#6725,.F.);
#6727=ORIENTED_EDGE('',*,*,#6639,.T.);
#6728=ORIENTED_EDGE('',*,*,#6687,.T.);
#6729=EDGE_LOOP('',(#6724,#6726,#6727,#6728));
#6730=FACE_OUTER_BOUND('',#6729,.F.);
#6731=ADVANCED_FACE('',(#6730),#6723,.F.);
#6732=FILL_AREA_STYLE_COLOUR('',#1);
#6733=FILL_AREA_STYLE('',(#6732));
#6734=SURFACE_STYLE_FILL_AREA(#6733);
#6735=SURFACE_SIDE_STYLE('',(#6734));
#6736=SURFACE_STYLE_USAGE(.BOTH.,#6735);
#6737=PRESENTATION_STYLE_ASSIGNMENT((#6736));
#6738=OVER_RIDING_STYLED_ITEM('',(#6737),#6731,#5376);
#6739=CARTESIAN_POINT('',(1.5E0,-7.E-1,1.08E0));
#6740=DIRECTION('',(0.E0,0.E0,-1.E0));
#6741=DIRECTION('',(0.E0,1.E0,0.E0));
#6742=AXIS2_PLACEMENT_3D('',#6739,#6740,#6741);
#6743=PLANE('',#6742);
#6744=ORIENTED_EDGE('',*,*,#6500,.T.);
#6745=ORIENTED_EDGE('',*,*,#6641,.F.);
#6746=ORIENTED_EDGE('',*,*,#6725,.T.);
#6747=ORIENTED_EDGE('',*,*,#6471,.T.);
#6748=EDGE_LOOP('',(#6744,#6745,#6746,#6747));
#6749=FACE_OUTER_BOUND('',#6748,.F.);
#6750=ADVANCED_FACE('',(#6749),#6743,.F.);
#6751=FILL_AREA_STYLE_COLOUR('',#1);
#6752=FILL_AREA_STYLE('',(#6751));
#6753=SURFACE_STYLE_FILL_AREA(#6752);
#6754=SURFACE_SIDE_STYLE('',(#6753));
#6755=SURFACE_STYLE_USAGE(.BOTH.,#6754);
#6756=PRESENTATION_STYLE_ASSIGNMENT((#6755));
#6757=OVER_RIDING_STYLED_ITEM('',(#6756),#6750,#5376);
#6758=CARTESIAN_POINT('',(1.175E0,-5.917959349730E-1,4.960377880210E-1));
#6759=DIRECTION('',(0.E0,0.E0,-1.E0));
#6760=DIRECTION('',(0.E0,1.E0,0.E0));
#6761=AXIS2_PLACEMENT_3D('',#6758,#6759,#6760);
#6762=PLANE('',#6761);
#6763=ORIENTED_EDGE('',*,*,#6645,.T.);
#6765=ORIENTED_EDGE('',*,*,#6764,.T.);
#6767=ORIENTED_EDGE('',*,*,#6766,.F.);
#6769=ORIENTED_EDGE('',*,*,#6768,.F.);
#6770=EDGE_LOOP('',(#6763,#6765,#6767,#6769));
#6771=FACE_OUTER_BOUND('',#6770,.F.);
#6772=ADVANCED_FACE('',(#6771),#6762,.F.);
#6773=CARTESIAN_POINT('',(1.175E0,-9.502666026360E-1,1.683890090220E-1));
#6774=DIRECTION('',(-1.E0,0.E0,0.E0));
#6775=DIRECTION('',(0.E0,0.E0,1.E0));
#6776=AXIS2_PLACEMENT_3D('',#6773,#6774,#6775);
#6777=PLANE('',#6776);
#6778=ORIENTED_EDGE('',*,*,#6540,.T.);
#6779=ORIENTED_EDGE('',*,*,#6572,.F.);
#6781=ORIENTED_EDGE('',*,*,#6780,.F.);
#6783=ORIENTED_EDGE('',*,*,#6782,.F.);
#6785=ORIENTED_EDGE('',*,*,#6784,.F.);
#6787=ORIENTED_EDGE('',*,*,#6786,.F.);
#6789=ORIENTED_EDGE('',*,*,#6788,.F.);
#6791=ORIENTED_EDGE('',*,*,#6790,.F.);
#6792=ORIENTED_EDGE('',*,*,#6764,.F.);
#6793=EDGE_LOOP('',(#6778,#6779,#6781,#6783,#6785,#6787,#6789,#6791,#6792));
#6794=FACE_OUTER_BOUND('',#6793,.F.);
#6795=ADVANCED_FACE('',(#6794),#6777,.F.);
#6796=CARTESIAN_POINT('',(1.175E0,-5.917959349730E-1,3.460377880210E-1));
#6797=DIRECTION('',(0.E0,0.E0,1.E0));
#6798=DIRECTION('',(0.E0,-1.E0,0.E0));
#6799=AXIS2_PLACEMENT_3D('',#6796,#6797,#6798);
#6800=PLANE('',#6799);
#6801=ORIENTED_EDGE('',*,*,#6570,.T.);
#6803=ORIENTED_EDGE('',*,*,#6802,.F.);
#6805=ORIENTED_EDGE('',*,*,#6804,.F.);
#6806=ORIENTED_EDGE('',*,*,#6780,.T.);
#6807=EDGE_LOOP('',(#6801,#6803,#6805,#6806));
#6808=FACE_OUTER_BOUND('',#6807,.F.);
#6809=ADVANCED_FACE('',(#6808),#6800,.F.);
#6810=CARTESIAN_POINT('',(7.25E-1,-9.502666026360E-1,1.683890090220E-1));
#6811=DIRECTION('',(-1.E0,0.E0,0.E0));
#6812=DIRECTION('',(0.E0,0.E0,1.E0));
#6813=AXIS2_PLACEMENT_3D('',#6810,#6811,#6812);
#6814=PLANE('',#6813);
#6816=ORIENTED_EDGE('',*,*,#6815,.F.);
#6818=ORIENTED_EDGE('',*,*,#6817,.T.);
#6820=ORIENTED_EDGE('',*,*,#6819,.T.);
#6822=ORIENTED_EDGE('',*,*,#6821,.T.);
#6824=ORIENTED_EDGE('',*,*,#6823,.F.);
#6825=ORIENTED_EDGE('',*,*,#6802,.T.);
#6826=ORIENTED_EDGE('',*,*,#6568,.F.);
#6828=ORIENTED_EDGE('',*,*,#6827,.T.);
#6829=ORIENTED_EDGE('',*,*,#6768,.T.);
#6830=EDGE_LOOP('',(#6816,#6818,#6820,#6822,#6824,#6825,#6826,#6828,#6829));
#6831=FACE_OUTER_BOUND('',#6830,.F.);
#6832=ADVANCED_FACE('',(#6831),#6814,.T.);
#6833=CARTESIAN_POINT('',(1.175E0,-8.081663618613E-1,4.960019562279E-1));
#6834=CARTESIAN_POINT('',(1.175E0,-1.099537110616E0,5.001957228270E-1));
#6835=CARTESIAN_POINT('',(1.175E0,-9.555305147734E-1,1.449504848296E-1));
#6836=CARTESIAN_POINT('',(1.175E0,-1.242338083275E0,1.500544773943E-1));
#6838=DIRECTION('',(-1.E0,0.E0,0.E0));
#6839=VECTOR('',#6838,1.E0);
#6840=SURFACE_OF_LINEAR_EXTRUSION('',#6837,#6839);
#6841=ORIENTED_EDGE('',*,*,#6815,.T.);
#6842=ORIENTED_EDGE('',*,*,#6766,.T.);
#6843=ORIENTED_EDGE('',*,*,#6790,.T.);
#6845=ORIENTED_EDGE('',*,*,#6844,.T.);
#6846=EDGE_LOOP('',(#6841,#6842,#6843,#6845));
#6847=FACE_OUTER_BOUND('',#6846,.F.);
#6848=ADVANCED_FACE('',(#6847),#6840,.F.);
#6849=CARTESIAN_POINT('',(1.175E0,-1.32E0,1.5E-1));
#6850=DIRECTION('',(0.E0,0.E0,-1.E0));
#6851=DIRECTION('',(0.E0,1.E0,0.E0));
#6852=AXIS2_PLACEMENT_3D('',#6849,#6850,#6851);
#6853=PLANE('',#6852);
#6855=ORIENTED_EDGE('',*,*,#6854,.F.);
#6856=ORIENTED_EDGE('',*,*,#6817,.F.);
#6857=ORIENTED_EDGE('',*,*,#6844,.F.);
#6858=ORIENTED_EDGE('',*,*,#6788,.T.);
#6859=EDGE_LOOP('',(#6855,#6856,#6857,#6858));
#6860=FACE_OUTER_BOUND('',#6859,.F.);
#6861=ADVANCED_FACE('',(#6860),#6853,.F.);
#6862=CARTESIAN_POINT('',(1.175E0,-1.32E0,0.E0));
#6863=DIRECTION('',(0.E0,1.E0,0.E0));
#6864=DIRECTION('',(0.E0,0.E0,1.E0));
#6865=AXIS2_PLACEMENT_3D('',#6862,#6863,#6864);
#6866=PLANE('',#6865);
#6868=ORIENTED_EDGE('',*,*,#6867,.F.);
#6869=ORIENTED_EDGE('',*,*,#6819,.F.);
#6870=ORIENTED_EDGE('',*,*,#6854,.T.);
#6871=ORIENTED_EDGE('',*,*,#6786,.T.);
#6872=EDGE_LOOP('',(#6868,#6869,#6870,#6871));
#6873=FACE_OUTER_BOUND('',#6872,.F.);
#6874=ADVANCED_FACE('',(#6873),#6866,.F.);
#6875=CARTESIAN_POINT('',(1.175E0,-1.32E0,0.E0));
#6876=DIRECTION('',(0.E0,0.E0,1.E0));
#6877=DIRECTION('',(0.E0,-1.E0,0.E0));
#6878=AXIS2_PLACEMENT_3D('',#6875,#6876,#6877);
#6879=PLANE('',#6878);
#6881=ORIENTED_EDGE('',*,*,#6880,.F.);
#6882=ORIENTED_EDGE('',*,*,#6821,.F.);
#6883=ORIENTED_EDGE('',*,*,#6867,.T.);
#6884=ORIENTED_EDGE('',*,*,#6784,.T.);
#6885=EDGE_LOOP('',(#6881,#6882,#6883,#6884));
#6886=FACE_OUTER_BOUND('',#6885,.F.);
#6887=ADVANCED_FACE('',(#6886),#6879,.F.);
#6888=CARTESIAN_POINT('',(1.175E0,-1.186028250051E0,-4.804270052741E-5));
#6889=CARTESIAN_POINT('',(1.175E0,-8.996824630274E-1,-1.450251537951E-4));
#6890=CARTESIAN_POINT('',(1.175E0,-9.973736772045E-1,3.340731572279E-1));
#6891=CARTESIAN_POINT('',(1.175E0,-7.244032755369E-1,3.463722881886E-1));
#6893=DIRECTION('',(-1.E0,0.E0,0.E0));
#6894=VECTOR('',#6893,1.E0);
#6895=SURFACE_OF_LINEAR_EXTRUSION('',#6892,#6894);
#6896=ORIENTED_EDGE('',*,*,#6823,.T.);
#6897=ORIENTED_EDGE('',*,*,#6880,.T.);
#6898=ORIENTED_EDGE('',*,*,#6782,.T.);
#6899=ORIENTED_EDGE('',*,*,#6804,.T.);
#6900=EDGE_LOOP('',(#6896,#6897,#6898,#6899));
#6901=FACE_OUTER_BOUND('',#6900,.F.);
#6902=ADVANCED_FACE('',(#6901),#6895,.F.);
#6903=CARTESIAN_POINT('',(1.5E0,-7.E-1,1.08E0));
#6904=DIRECTION('',(0.E0,1.E0,0.E0));
#6905=DIRECTION('',(0.E0,0.E0,1.E0));
#6906=AXIS2_PLACEMENT_3D('',#6903,#6904,#6905);
#6907=PLANE('',#6906);
#6908=ORIENTED_EDGE('',*,*,#6566,.T.);
#6910=ORIENTED_EDGE('',*,*,#6909,.F.);
#6911=ORIENTED_EDGE('',*,*,#6647,.T.);
#6912=ORIENTED_EDGE('',*,*,#6827,.F.);
#6913=EDGE_LOOP('',(#6908,#6910,#6911,#6912));
#6914=FACE_OUTER_BOUND('',#6913,.F.);
#6915=ADVANCED_FACE('',(#6914),#6907,.F.);
#6916=FILL_AREA_STYLE_COLOUR('',#1);
#6917=FILL_AREA_STYLE('',(#6916));
#6918=SURFACE_STYLE_FILL_AREA(#6917);
#6919=SURFACE_SIDE_STYLE('',(#6918));
#6920=SURFACE_STYLE_USAGE(.BOTH.,#6919);
#6921=PRESENTATION_STYLE_ASSIGNMENT((#6920));
#6922=OVER_RIDING_STYLED_ITEM('',(#6921),#6915,#5376);
#6923=CARTESIAN_POINT('',(-7.25E-1,-1.026934795433E0,3.227560422400E-1));
#6924=DIRECTION('',(-1.E0,0.E0,0.E0));
#6925=DIRECTION('',(0.E0,0.E0,1.E0));
#6926=AXIS2_PLACEMENT_3D('',#6923,#6924,#6925);
#6927=PLANE('',#6926);
#6928=ORIENTED_EDGE('',*,*,#6564,.F.);
#6930=ORIENTED_EDGE('',*,*,#6929,.T.);
#6932=ORIENTED_EDGE('',*,*,#6931,.F.);
#6934=ORIENTED_EDGE('',*,*,#6933,.F.);
#6936=ORIENTED_EDGE('',*,*,#6935,.F.);
#6938=ORIENTED_EDGE('',*,*,#6937,.F.);
#6940=ORIENTED_EDGE('',*,*,#6939,.F.);
#6941=ORIENTED_EDGE('',*,*,#6623,.F.);
#6942=ORIENTED_EDGE('',*,*,#6909,.T.);
#6943=EDGE_LOOP('',(#6928,#6930,#6932,#6934,#6936,#6938,#6940,#6941,#6942));
#6944=FACE_OUTER_BOUND('',#6943,.F.);
#6945=ADVANCED_FACE('',(#6944),#6927,.F.);
#6946=CARTESIAN_POINT('',(-1.175E0,-5.917959349730E-1,3.460377880210E-1));
#6947=DIRECTION('',(0.E0,1.054936545310E-14,1.E0));
#6948=DIRECTION('',(0.E0,-1.E0,1.054936545310E-14));
#6949=AXIS2_PLACEMENT_3D('',#6946,#6947,#6948);
#6950=PLANE('',#6949);
#6951=ORIENTED_EDGE('',*,*,#6562,.T.);
#6952=ORIENTED_EDGE('',*,*,#6608,.F.);
#6954=ORIENTED_EDGE('',*,*,#6953,.F.);
#6955=ORIENTED_EDGE('',*,*,#6929,.F.);
#6956=EDGE_LOOP('',(#6951,#6952,#6954,#6955));
#6957=FACE_OUTER_BOUND('',#6956,.F.);
#6958=ADVANCED_FACE('',(#6957),#6950,.F.);
#6959=CARTESIAN_POINT('',(-1.175E0,-7.245215240063E-1,3.463669391217E-1));
#6960=CARTESIAN_POINT('',(-1.175E0,-9.973825542827E-1,3.339749406234E-1));
#6961=CARTESIAN_POINT('',(-1.175E0,-8.996972707382E-1,-2.358570690906E-4));
#6962=CARTESIAN_POINT('',(-1.175E0,-1.186145030707E0,-4.798462528405E-5));
#6964=DIRECTION('',(1.E0,0.E0,0.E0));
#6965=VECTOR('',#6964,1.E0);
#6966=SURFACE_OF_LINEAR_EXTRUSION('',#6963,#6965);
#6967=ORIENTED_EDGE('',*,*,#6931,.T.);
#6968=ORIENTED_EDGE('',*,*,#6953,.T.);
#6969=ORIENTED_EDGE('',*,*,#6606,.T.);
#6971=ORIENTED_EDGE('',*,*,#6970,.T.);
#6972=EDGE_LOOP('',(#6967,#6968,#6969,#6971));
#6973=FACE_OUTER_BOUND('',#6972,.F.);
#6974=ADVANCED_FACE('',(#6973),#6966,.F.);
#6975=CARTESIAN_POINT('',(-1.175E0,-1.32E0,1.339259324100E-14));
#6976=DIRECTION('',(0.E0,1.059691476324E-14,1.E0));
#6977=DIRECTION('',(0.E0,-1.E0,1.059691476324E-14));
#6978=AXIS2_PLACEMENT_3D('',#6975,#6976,#6977);
#6979=PLANE('',#6978);
#6981=ORIENTED_EDGE('',*,*,#6980,.T.);
#6982=ORIENTED_EDGE('',*,*,#6933,.T.);
#6983=ORIENTED_EDGE('',*,*,#6970,.F.);
#6984=ORIENTED_EDGE('',*,*,#6604,.F.);
#6985=EDGE_LOOP('',(#6981,#6982,#6983,#6984));
#6986=FACE_OUTER_BOUND('',#6985,.F.);
#6987=ADVANCED_FACE('',(#6986),#6979,.F.);
#6988=CARTESIAN_POINT('',(-1.175E0,-1.32E0,1.339259324100E-14));
#6989=DIRECTION('',(0.E0,1.E0,-1.011922027653E-14));
#6990=DIRECTION('',(0.E0,1.011922027653E-14,1.E0));
#6991=AXIS2_PLACEMENT_3D('',#6988,#6989,#6990);
#6992=PLANE('',#6991);
#6994=ORIENTED_EDGE('',*,*,#6993,.T.);
#6995=ORIENTED_EDGE('',*,*,#6935,.T.);
#6996=ORIENTED_EDGE('',*,*,#6980,.F.);
#6997=ORIENTED_EDGE('',*,*,#6602,.F.);
#6998=EDGE_LOOP('',(#6994,#6995,#6996,#6997));
#6999=FACE_OUTER_BOUND('',#6998,.F.);
#7000=ADVANCED_FACE('',(#6999),#6992,.F.);
#7001=CARTESIAN_POINT('',(-1.175E0,-1.32E0,1.5E-1));
#7002=DIRECTION('',(0.E0,-1.036142970001E-14,-1.E0));
#7003=DIRECTION('',(0.E0,1.E0,-1.036142970001E-14));
#7004=AXIS2_PLACEMENT_3D('',#7001,#7002,#7003);
#7005=PLANE('',#7004);
#7007=ORIENTED_EDGE('',*,*,#7006,.F.);
#7008=ORIENTED_EDGE('',*,*,#6937,.T.);
#7009=ORIENTED_EDGE('',*,*,#6993,.F.);
#7010=ORIENTED_EDGE('',*,*,#6600,.F.);
#7011=EDGE_LOOP('',(#7007,#7008,#7009,#7010));
#7012=FACE_OUTER_BOUND('',#7011,.F.);
#7013=ADVANCED_FACE('',(#7012),#7005,.F.);
#7014=CARTESIAN_POINT('',(-1.175E0,-1.242209418801E0,1.500522113643E-1));
#7015=CARTESIAN_POINT('',(-1.175E0,-9.555324247858E-1,1.450560275116E-1));
#7016=CARTESIAN_POINT('',(-1.175E0,-1.099534870444E0,5.002970924351E-1));
#7017=CARTESIAN_POINT('',(-1.175E0,-8.080408389321E-1,4.960001277062E-1));
#7019=DIRECTION('',(1.E0,0.E0,0.E0));
#7020=VECTOR('',#7019,1.E0);
#7021=SURFACE_OF_LINEAR_EXTRUSION('',#7018,#7020);
#7022=ORIENTED_EDGE('',*,*,#6939,.T.);
#7023=ORIENTED_EDGE('',*,*,#7006,.T.);
#7024=ORIENTED_EDGE('',*,*,#6598,.T.);
#7025=ORIENTED_EDGE('',*,*,#6625,.T.);
#7026=EDGE_LOOP('',(#7022,#7023,#7024,#7025));
#7027=FACE_OUTER_BOUND('',#7026,.F.);
#7028=ADVANCED_FACE('',(#7027),#7021,.F.);
#7029=CARTESIAN_POINT('',(1.5E0,7.E-1,1.08E0));
#7030=DIRECTION('',(0.E0,-1.E0,0.E0));
#7031=DIRECTION('',(0.E0,0.E0,-1.E0));
#7032=AXIS2_PLACEMENT_3D('',#7029,#7030,#7031);
#7033=PLANE('',#7032);
#7034=ORIENTED_EDGE('',*,*,#6394,.F.);
#7035=ORIENTED_EDGE('',*,*,#6364,.T.);
#7036=ORIENTED_EDGE('',*,*,#6521,.F.);
#7037=ORIENTED_EDGE('',*,*,#6478,.F.);
#7038=EDGE_LOOP('',(#7034,#7035,#7036,#7037));
#7039=FACE_OUTER_BOUND('',#7038,.F.);
#7040=ADVANCED_FACE('',(#7039),#7033,.F.);
#7041=FILL_AREA_STYLE_COLOUR('',#1);
#7042=FILL_AREA_STYLE('',(#7041));
#7043=SURFACE_STYLE_FILL_AREA(#7042);
#7044=SURFACE_SIDE_STYLE('',(#7043));
#7045=SURFACE_STYLE_USAGE(.BOTH.,#7044);
#7046=PRESENTATION_STYLE_ASSIGNMENT((#7045));
#7047=OVER_RIDING_STYLED_ITEM('',(#7046),#7040,#5376);
#7048=CARTESIAN_POINT('',(2.25E-1,5.917959349730E-1,4.960377880210E-1));
#7049=DIRECTION('',(0.E0,0.E0,-1.E0));
#7050=DIRECTION('',(0.E0,1.E0,0.E0));
#7051=AXIS2_PLACEMENT_3D('',#7048,#7049,#7050);
#7052=PLANE('',#7051);
#7053=ORIENTED_EDGE('',*,*,#6476,.F.);
#7054=ORIENTED_EDGE('',*,*,#6438,.T.);
#7055=ORIENTED_EDGE('',*,*,#6414,.F.);
#7056=ORIENTED_EDGE('',*,*,#6396,.F.);
#7057=EDGE_LOOP('',(#7053,#7054,#7055,#7056));
#7058=FACE_OUTER_BOUND('',#7057,.F.);
#7059=ADVANCED_FACE('',(#7058),#7052,.F.);
#7060=CARTESIAN_POINT('',(2.25E-1,5.917959349730E-1,3.460377880210E-1));
#7061=DIRECTION('',(0.E0,0.E0,1.E0));
#7062=DIRECTION('',(0.E0,-1.E0,0.E0));
#7063=AXIS2_PLACEMENT_3D('',#7060,#7061,#7062);
#7064=PLANE('',#7063);
#7065=ORIENTED_EDGE('',*,*,#6354,.T.);
#7066=ORIENTED_EDGE('',*,*,#6391,.F.);
#7068=ORIENTED_EDGE('',*,*,#7067,.F.);
#7069=ORIENTED_EDGE('',*,*,#6427,.F.);
#7070=EDGE_LOOP('',(#7065,#7066,#7068,#7069));
#7071=FACE_OUTER_BOUND('',#7070,.F.);
#7072=ADVANCED_FACE('',(#7071),#7064,.F.);
#7073=CARTESIAN_POINT('',(2.25E-1,7.245215240063E-1,3.463669391217E-1));
#7074=CARTESIAN_POINT('',(2.25E-1,9.973825542827E-1,3.339749406234E-1));
#7075=CARTESIAN_POINT('',(2.25E-1,8.996972707382E-1,-2.358570690957E-4));
#7076=CARTESIAN_POINT('',(2.25E-1,1.186145030707E0,-4.798462529196E-5));
#7078=DIRECTION('',(-1.E0,0.E0,0.E0));
#7079=VECTOR('',#7078,1.E0);
#7080=SURFACE_OF_LINEAR_EXTRUSION('',#7077,#7079);
#7081=ORIENTED_EDGE('',*,*,#6429,.T.);
#7082=ORIENTED_EDGE('',*,*,#7067,.T.);
#7083=ORIENTED_EDGE('',*,*,#6389,.T.);
#7085=ORIENTED_EDGE('',*,*,#7084,.T.);
#7086=EDGE_LOOP('',(#7081,#7082,#7083,#7085));
#7087=FACE_OUTER_BOUND('',#7086,.F.);
#7088=ADVANCED_FACE('',(#7087),#7080,.F.);
#7089=CARTESIAN_POINT('',(2.25E-1,1.32E0,0.E0));
#7090=DIRECTION('',(0.E0,0.E0,1.E0));
#7091=DIRECTION('',(0.E0,-1.E0,0.E0));
#7092=AXIS2_PLACEMENT_3D('',#7089,#7090,#7091);
#7093=PLANE('',#7092);
#7095=ORIENTED_EDGE('',*,*,#7094,.T.);
#7096=ORIENTED_EDGE('',*,*,#6431,.T.);
#7097=ORIENTED_EDGE('',*,*,#7084,.F.);
#7098=ORIENTED_EDGE('',*,*,#6387,.F.);
#7099=EDGE_LOOP('',(#7095,#7096,#7097,#7098));
#7100=FACE_OUTER_BOUND('',#7099,.F.);
#7101=ADVANCED_FACE('',(#7100),#7093,.F.);
#7102=CARTESIAN_POINT('',(2.25E-1,1.32E0,0.E0));
#7103=DIRECTION('',(0.E0,-1.E0,0.E0));
#7104=DIRECTION('',(0.E0,0.E0,-1.E0));
#7105=AXIS2_PLACEMENT_3D('',#7102,#7103,#7104);
#7106=PLANE('',#7105);
#7108=ORIENTED_EDGE('',*,*,#7107,.T.);
#7109=ORIENTED_EDGE('',*,*,#6433,.T.);
#7110=ORIENTED_EDGE('',*,*,#7094,.F.);
#7111=ORIENTED_EDGE('',*,*,#6385,.F.);
#7112=EDGE_LOOP('',(#7108,#7109,#7110,#7111));
#7113=FACE_OUTER_BOUND('',#7112,.F.);
#7114=ADVANCED_FACE('',(#7113),#7106,.F.);
#7115=CARTESIAN_POINT('',(2.25E-1,1.32E0,1.5E-1));
#7116=DIRECTION('',(0.E0,0.E0,-1.E0));
#7117=DIRECTION('',(0.E0,1.E0,0.E0));
#7118=AXIS2_PLACEMENT_3D('',#7115,#7116,#7117);
#7119=PLANE('',#7118);
#7120=ORIENTED_EDGE('',*,*,#6411,.F.);
#7121=ORIENTED_EDGE('',*,*,#6435,.T.);
#7122=ORIENTED_EDGE('',*,*,#7107,.F.);
#7123=ORIENTED_EDGE('',*,*,#6383,.F.);
#7124=EDGE_LOOP('',(#7120,#7121,#7122,#7123));
#7125=FACE_OUTER_BOUND('',#7124,.F.);
#7126=ADVANCED_FACE('',(#7125),#7119,.F.);
#7129=FILL_AREA_STYLE_COLOUR('',#5375);
#7130=FILL_AREA_STYLE('',(#7129));
#7131=SURFACE_STYLE_FILL_AREA(#7130);
#7132=SURFACE_SIDE_STYLE('',(#7131));
#7133=SURFACE_STYLE_USAGE(.BOTH.,#7132);
#7134=PRESENTATION_STYLE_ASSIGNMENT((#7133));
#5376=STYLED_ITEM('',(#7134),#7128);
#7136=DIMENSIONAL_EXPONENTS(0.E0,0.E0,0.E0,0.E0,0.E0,0.E0,0.E0);
#7138=PLANE_ANGLE_MEASURE_WITH_UNIT(PLANE_ANGLE_MEASURE(1.745329251994E-2),
#7137);
#7139=(CONVERSION_BASED_UNIT('DEGREE',#7138)NAMED_UNIT(*)PLANE_ANGLE_UNIT());
#7141=UNCERTAINTY_MEASURE_WITH_UNIT(LENGTH_MEASURE(4.139399611951E-4),#7135,
'closure',
'Maximum model space distance between geometric entities at asserted connectivities');
#7142=(GEOMETRIC_REPRESENTATION_CONTEXT(3)GLOBAL_UNCERTAINTY_ASSIGNED_CONTEXT((
#7141))GLOBAL_UNIT_ASSIGNED_CONTEXT((#7135,#7139,#7140))REPRESENTATION_CONTEXT(
'ID8','3'));
#7143=CARTESIAN_POINT('',(0.E0,0.E0,0.E0));
#7144=DIRECTION('',(0.E0,0.E0,1.E0));
#7145=DIRECTION('',(1.E0,0.E0,0.E0));
#7148=MECHANICAL_CONTEXT('',#781,'mechanical');
#7149=PRODUCT('ALSROBOT-SOT23','ALSROBOT-SOT23','NOT SPECIFIED',(#7148));
#7150=PRODUCT_DEFINITION_FORMATION_WITH_SPECIFIED_SOURCE('1','LAST_VERSION',
#7149,.MADE.);
#7159=CARTESIAN_POINT('',(2.605728029252E1,4.508121020352E0,
-4.114798307420E-1));
#7160=DIRECTION('',(0.E0,8.742273394091E-8,-1.E0));
#7161=DIRECTION('',(-1.E0,8.742277657348E-8,0.E0));
#7162=AXIS2_PLACEMENT_3D('',#7159,#7160,#7161);
#7163=ITEM_DEFINED_TRANSFORMATION('','',#7146,#7162);
#7164=CARTESIAN_POINT('',(0.E0,0.E0,0.E0));
#7165=DIRECTION('',(0.E0,0.E0,1.E0));
#7166=DIRECTION('',(1.E0,0.E0,0.E0));
#7168=(REPRESENTATION_RELATIONSHIP('','',#7147,#7156)REPRESENTATION_RELATIONSHIP_WITH_TRANSFORMATION(#7163)SHAPE_REPRESENTATION_RELATIONSHIP());
#7169=CONTEXT_DEPENDENT_SHAPE_REPRESENTATION(#7168,#7158);
#7171=DIMENSIONAL_EXPONENTS(0.E0,0.E0,0.E0,0.E0,0.E0,0.E0,0.E0);
#7173=PLANE_ANGLE_MEASURE_WITH_UNIT(PLANE_ANGLE_MEASURE(1.745329251994E-2),
#7172);
#7174=(CONVERSION_BASED_UNIT('DEGREE',#7173)NAMED_UNIT(*)PLANE_ANGLE_UNIT());
#7176=UNCERTAINTY_MEASURE_WITH_UNIT(LENGTH_MEASURE(8.659907627683E-2),#7170,
'closure',
'Maximum model space distance between geometric entities at asserted connectivities');
#7177=(GEOMETRIC_REPRESENTATION_CONTEXT(3)GLOBAL_UNCERTAINTY_ASSIGNED_CONTEXT((
#7176))GLOBAL_UNIT_ASSIGNED_CONTEXT((#7170,#7174,#7175))REPRESENTATION_CONTEXT(
'ID9','3'));
#7178=CARTESIAN_POINT('',(0.E0,0.E0,0.E0));
#7179=DIRECTION('',(0.E0,0.E0,1.E0));
#7180=DIRECTION('',(1.E0,0.E0,0.E0));
#7182=DESIGN_CONTEXT('',#781,'design');
#7183=MECHANICAL_CONTEXT('',#781,'mechanical');
#7184=PRODUCT('Q1_ASM','Q1_ASM','NOT SPECIFIED',(#7183));
#7185=PRODUCT_DEFINITION_FORMATION_WITH_SPECIFIED_SOURCE('1','LAST_VERSION',
#7184,.MADE.);
#7189=CARTESIAN_POINT('',(0.E0,0.E0,0.E0));
#7190=DIRECTION('',(0.E0,0.E0,1.E0));
#7191=DIRECTION('',(1.E0,0.E0,0.E0));
#7192=AXIS2_PLACEMENT_3D('',#7189,#7190,#7191);
#7193=ITEM_DEFINED_TRANSFORMATION('','',#7167,#7192);
#7194=CARTESIAN_POINT('',(0.E0,0.E0,0.E0));
#7195=DIRECTION('',(0.E0,0.E0,1.E0));
#7196=DIRECTION('',(1.E0,0.E0,0.E0));
#7198=(REPRESENTATION_RELATIONSHIP('','',#7156,#792)REPRESENTATION_RELATIONSHIP_WITH_TRANSFORMATION(#7193)SHAPE_REPRESENTATION_RELATIONSHIP());
#7199=CONTEXT_DEPENDENT_SHAPE_REPRESENTATION(#7198,#7188);
#7203=DIRECTION('',(0.E0,0.E0,1.E0));
#7204=VECTOR('',#7203,4.8E-1);
#7205=CARTESIAN_POINT('',(-5.E-1,3.8E-1,6.E-2));
#7206=LINE('',#7205,#7204);
#7207=CURVE_STYLE('',#36,POSITIVE_LENGTH_MEASURE(2.E-2),#7201);
#7208=PRESENTATION_STYLE_ASSIGNMENT((#7207));
#7209=STYLED_ITEM('',(#7208),#7206);
#7210=DIRECTION('',(0.E0,-1.E0,0.E0));
#7211=VECTOR('',#7210,6.8E-1);
#7212=CARTESIAN_POINT('',(5.E-1,3.4E-1,5.8E-1));
#7213=LINE('',#7212,#7211);
#7214=CURVE_STYLE('',#36,POSITIVE_LENGTH_MEASURE(2.E-2),#7201);
#7215=PRESENTATION_STYLE_ASSIGNMENT((#7214));
#7216=STYLED_ITEM('',(#7215),#7213);
#7217=CARTESIAN_POINT('',(5.E-1,3.4E-1,5.4E-1));
#7218=DIRECTION('',(1.E0,0.E0,0.E0));
#7219=DIRECTION('',(0.E0,1.E0,0.E0));
#7220=AXIS2_PLACEMENT_3D('',#7217,#7218,#7219);
#7222=CURVE_STYLE('',#36,POSITIVE_LENGTH_MEASURE(2.E-2),#7201);
#7223=PRESENTATION_STYLE_ASSIGNMENT((#7222));
#7224=STYLED_ITEM('',(#7223),#7221);
#7225=DIRECTION('',(0.E0,0.E0,1.E0));
#7226=VECTOR('',#7225,4.8E-1);
#7227=CARTESIAN_POINT('',(5.E-1,3.8E-1,6.E-2));
#7228=LINE('',#7227,#7226);
#7229=CURVE_STYLE('',#36,POSITIVE_LENGTH_MEASURE(2.E-2),#7201);
#7230=PRESENTATION_STYLE_ASSIGNMENT((#7229));
#7231=STYLED_ITEM('',(#7230),#7228);
#7232=CARTESIAN_POINT('',(5.E-1,3.4E-1,6.E-2));
#7233=DIRECTION('',(1.E0,0.E0,0.E0));
#7234=DIRECTION('',(0.E0,0.E0,-1.E0));
#7235=AXIS2_PLACEMENT_3D('',#7232,#7233,#7234);
#7237=CURVE_STYLE('',#36,POSITIVE_LENGTH_MEASURE(2.E-2),#7201);
#7238=PRESENTATION_STYLE_ASSIGNMENT((#7237));
#7239=STYLED_ITEM('',(#7238),#7236);
#7240=CARTESIAN_POINT('',(5.E-1,-3.4E-1,6.E-2));
#7241=DIRECTION('',(1.E0,0.E0,0.E0));
#7242=DIRECTION('',(0.E0,-1.E0,0.E0));
#7243=AXIS2_PLACEMENT_3D('',#7240,#7241,#7242);
#7245=CURVE_STYLE('',#36,POSITIVE_LENGTH_MEASURE(2.E-2),#7201);
#7246=PRESENTATION_STYLE_ASSIGNMENT((#7245));
#7247=STYLED_ITEM('',(#7246),#7244);
#7248=CARTESIAN_POINT('',(5.E-1,-3.4E-1,5.4E-1));
#7249=DIRECTION('',(1.E0,0.E0,0.E0));
#7250=DIRECTION('',(0.E0,-2.220446049250E-14,1.E0));
#7251=AXIS2_PLACEMENT_3D('',#7248,#7249,#7250);
#7253=CURVE_STYLE('',#36,POSITIVE_LENGTH_MEASURE(2.E-2),#7201);
#7254=PRESENTATION_STYLE_ASSIGNMENT((#7253));
#7255=STYLED_ITEM('',(#7254),#7252);
#7256=CARTESIAN_POINT('',(5.E-1,3.7E-1,5.7E-1));
#7257=DIRECTION('',(-1.E0,0.E0,0.E0));
#7258=DIRECTION('',(0.E0,0.E0,1.E0));
#7259=AXIS2_PLACEMENT_3D('',#7256,#7257,#7258);
#7261=CURVE_STYLE('',#36,POSITIVE_LENGTH_MEASURE(2.E-2),#7201);
#7262=PRESENTATION_STYLE_ASSIGNMENT((#7261));
#7263=STYLED_ITEM('',(#7262),#7260);
#7264=DIRECTION('',(0.E0,1.E0,0.E0));
#7265=VECTOR('',#7264,7.4E-1);
#7266=CARTESIAN_POINT('',(5.E-1,-3.7E-1,6.E-1));
#7267=LINE('',#7266,#7265);
#7268=CURVE_STYLE('',#36,POSITIVE_LENGTH_MEASURE(2.E-2),#7201);
#7269=PRESENTATION_STYLE_ASSIGNMENT((#7268));
#7270=STYLED_ITEM('',(#7269),#7267);
#7271=CARTESIAN_POINT('',(5.E-1,-3.7E-1,5.7E-1));
#7272=DIRECTION('',(-1.E0,0.E0,0.E0));
#7273=DIRECTION('',(0.E0,-1.E0,0.E0));
#7274=AXIS2_PLACEMENT_3D('',#7271,#7272,#7273);
#7276=CURVE_STYLE('',#36,POSITIVE_LENGTH_MEASURE(2.E-2),#7201);
#7277=PRESENTATION_STYLE_ASSIGNMENT((#7276));
#7278=STYLED_ITEM('',(#7277),#7275);
#7279=DIRECTION('',(0.E0,0.E0,1.E0));
#7280=VECTOR('',#7279,5.4E-1);
#7281=CARTESIAN_POINT('',(5.E-1,-4.E-1,3.E-2));
#7282=LINE('',#7281,#7280);
#7283=CURVE_STYLE('',#36,POSITIVE_LENGTH_MEASURE(2.E-2),#7201);
#7284=PRESENTATION_STYLE_ASSIGNMENT((#7283));
#7285=STYLED_ITEM('',(#7284),#7282);
#7286=CARTESIAN_POINT('',(5.E-1,-3.7E-1,3.E-2));
#7287=DIRECTION('',(-1.E0,0.E0,0.E0));
#7288=DIRECTION('',(0.E0,0.E0,-1.E0));
#7289=AXIS2_PLACEMENT_3D('',#7286,#7287,#7288);
#7291=CURVE_STYLE('',#36,POSITIVE_LENGTH_MEASURE(2.E-2),#7201);
#7292=PRESENTATION_STYLE_ASSIGNMENT((#7291));
#7293=STYLED_ITEM('',(#7292),#7290);
#7294=CARTESIAN_POINT('',(5.E-1,3.7E-1,3.E-2));
#7295=DIRECTION('',(-1.E0,0.E0,0.E0));
#7296=DIRECTION('',(0.E0,1.E0,0.E0));
#7297=AXIS2_PLACEMENT_3D('',#7294,#7295,#7296);
#7299=CURVE_STYLE('',#36,POSITIVE_LENGTH_MEASURE(2.E-2),#7201);
#7300=PRESENTATION_STYLE_ASSIGNMENT((#7299));
#7301=STYLED_ITEM('',(#7300),#7298);
#7302=DIRECTION('',(-1.E0,0.E0,0.E0));
#7303=VECTOR('',#7302,1.E0);
#7304=CARTESIAN_POINT('',(5.E-1,-3.4E-1,5.8E-1));
#7305=LINE('',#7304,#7303);
#7306=CURVE_STYLE('',#36,POSITIVE_LENGTH_MEASURE(2.E-2),#7201);
#7307=PRESENTATION_STYLE_ASSIGNMENT((#7306));
#7308=STYLED_ITEM('',(#7307),#7305);
#7309=DIRECTION('',(1.E0,0.E0,0.E0));
#7310=VECTOR('',#7309,1.E0);
#7311=CARTESIAN_POINT('',(-5.E-1,-3.8E-1,5.4E-1));
#7312=LINE('',#7311,#7310);
#7313=CURVE_STYLE('',#36,POSITIVE_LENGTH_MEASURE(2.E-2),#7201);
#7314=PRESENTATION_STYLE_ASSIGNMENT((#7313));
#7315=STYLED_ITEM('',(#7314),#7312);
#7316=DIRECTION('',(0.E0,1.E0,0.E0));
#7317=VECTOR('',#7316,6.8E-1);
#7318=CARTESIAN_POINT('',(-5.E-1,-3.4E-1,5.8E-1));
#7319=LINE('',#7318,#7317);
#7320=CURVE_STYLE('',#36,POSITIVE_LENGTH_MEASURE(2.E-2),#7201);
#7321=PRESENTATION_STYLE_ASSIGNMENT((#7320));
#7322=STYLED_ITEM('',(#7321),#7319);
#7323=CARTESIAN_POINT('',(-5.E-1,-3.4E-1,5.4E-1));
#7324=DIRECTION('',(-1.E0,0.E0,0.E0));
#7325=DIRECTION('',(0.E0,-1.E0,0.E0));
#7326=AXIS2_PLACEMENT_3D('',#7323,#7324,#7325);
#7328=CURVE_STYLE('',#36,POSITIVE_LENGTH_MEASURE(2.E-2),#7201);
#7329=PRESENTATION_STYLE_ASSIGNMENT((#7328));
#7330=STYLED_ITEM('',(#7329),#7327);
#7331=DIRECTION('',(0.E0,0.E0,1.E0));
#7332=VECTOR('',#7331,4.8E-1);
#7333=CARTESIAN_POINT('',(-5.E-1,-3.8E-1,6.E-2));
#7334=LINE('',#7333,#7332);
#7335=CURVE_STYLE('',#36,POSITIVE_LENGTH_MEASURE(2.E-2),#7201);
#7336=PRESENTATION_STYLE_ASSIGNMENT((#7335));
#7337=STYLED_ITEM('',(#7336),#7334);
#7338=CARTESIAN_POINT('',(-5.E-1,-3.4E-1,6.E-2));
#7339=DIRECTION('',(-1.E0,0.E0,0.E0));
#7340=DIRECTION('',(0.E0,0.E0,-1.E0));
#7341=AXIS2_PLACEMENT_3D('',#7338,#7339,#7340);
#7343=CURVE_STYLE('',#36,POSITIVE_LENGTH_MEASURE(2.E-2),#7201);
#7344=PRESENTATION_STYLE_ASSIGNMENT((#7343));
#7345=STYLED_ITEM('',(#7344),#7342);
#7346=CARTESIAN_POINT('',(-5.E-1,3.4E-1,6.E-2));
#7347=DIRECTION('',(-1.E0,0.E0,0.E0));
#7348=DIRECTION('',(0.E0,1.E0,0.E0));
#7349=AXIS2_PLACEMENT_3D('',#7346,#7347,#7348);
#7351=CURVE_STYLE('',#36,POSITIVE_LENGTH_MEASURE(2.E-2),#7201);
#7352=PRESENTATION_STYLE_ASSIGNMENT((#7351));
#7353=STYLED_ITEM('',(#7352),#7350);
#7354=CARTESIAN_POINT('',(-5.E-1,3.4E-1,5.4E-1));
#7355=DIRECTION('',(-1.E0,0.E0,0.E0));
#7356=DIRECTION('',(0.E0,1.942890293094E-14,1.E0));
#7357=AXIS2_PLACEMENT_3D('',#7354,#7355,#7356);
#7359=CURVE_STYLE('',#36,POSITIVE_LENGTH_MEASURE(2.E-2),#7201);
#7360=PRESENTATION_STYLE_ASSIGNMENT((#7359));
#7361=STYLED_ITEM('',(#7360),#7358);
#7362=CARTESIAN_POINT('',(-5.E-1,-3.7E-1,3.E-2));
#7363=DIRECTION('',(1.E0,0.E0,0.E0));
#7364=DIRECTION('',(0.E0,-1.E0,0.E0));
#7365=AXIS2_PLACEMENT_3D('',#7362,#7363,#7364);
#7367=CURVE_STYLE('',#36,POSITIVE_LENGTH_MEASURE(2.E-2),#7201);
#7368=PRESENTATION_STYLE_ASSIGNMENT((#7367));
#7369=STYLED_ITEM('',(#7368),#7366);
#7370=CARTESIAN_POINT('',(-5.E-1,-3.7E-1,5.7E-1));
#7371=DIRECTION('',(1.E0,0.E0,0.E0));
#7372=DIRECTION('',(0.E0,0.E0,1.E0));
#7373=AXIS2_PLACEMENT_3D('',#7370,#7371,#7372);
#7375=CURVE_STYLE('',#36,POSITIVE_LENGTH_MEASURE(2.E-2),#7201);
#7376=PRESENTATION_STYLE_ASSIGNMENT((#7375));
#7377=STYLED_ITEM('',(#7376),#7374);
#7378=DIRECTION('',(0.E0,-1.E0,0.E0));
#7379=VECTOR('',#7378,7.4E-1);
#7380=CARTESIAN_POINT('',(-5.E-1,3.7E-1,6.E-1));
#7381=LINE('',#7380,#7379);
#7382=CURVE_STYLE('',#36,POSITIVE_LENGTH_MEASURE(2.E-2),#7201);
#7383=PRESENTATION_STYLE_ASSIGNMENT((#7382));
#7384=STYLED_ITEM('',(#7383),#7381);
#7385=CARTESIAN_POINT('',(-5.E-1,3.7E-1,5.7E-1));
#7386=DIRECTION('',(1.E0,0.E0,0.E0));
#7387=DIRECTION('',(0.E0,1.E0,0.E0));
#7388=AXIS2_PLACEMENT_3D('',#7385,#7386,#7387);
#7390=CURVE_STYLE('',#36,POSITIVE_LENGTH_MEASURE(2.E-2),#7201);
#7391=PRESENTATION_STYLE_ASSIGNMENT((#7390));
#7392=STYLED_ITEM('',(#7391),#7389);
#7393=DIRECTION('',(0.E0,0.E0,1.E0));
#7394=VECTOR('',#7393,5.4E-1);
#7395=CARTESIAN_POINT('',(-5.E-1,4.E-1,3.E-2));
#7396=LINE('',#7395,#7394);
#7397=CURVE_STYLE('',#36,POSITIVE_LENGTH_MEASURE(2.E-2),#7201);
#7398=PRESENTATION_STYLE_ASSIGNMENT((#7397));
#7399=STYLED_ITEM('',(#7398),#7396);
#7400=CARTESIAN_POINT('',(-5.E-1,3.7E-1,3.E-2));
#7401=DIRECTION('',(1.E0,0.E0,0.E0));
#7402=DIRECTION('',(0.E0,0.E0,-1.E0));
#7403=AXIS2_PLACEMENT_3D('',#7400,#7401,#7402);
#7405=CURVE_STYLE('',#36,POSITIVE_LENGTH_MEASURE(2.E-2),#7201);
#7406=PRESENTATION_STYLE_ASSIGNMENT((#7405));
#7407=STYLED_ITEM('',(#7406),#7404);
#7408=DIRECTION('',(0.E0,0.E0,1.E0));
#7409=VECTOR('',#7408,4.8E-1);
#7410=CARTESIAN_POINT('',(5.E-1,-3.8E-1,6.E-2));
#7411=LINE('',#7410,#7409);
#7412=CURVE_STYLE('',#36,POSITIVE_LENGTH_MEASURE(2.E-2),#7201);
#7413=PRESENTATION_STYLE_ASSIGNMENT((#7412));
#7414=STYLED_ITEM('',(#7413),#7411);
#7415=DIRECTION('',(-1.E0,0.E0,0.E0));
#7416=VECTOR('',#7415,1.E0);
#7417=CARTESIAN_POINT('',(5.E-1,-3.8E-1,6.E-2));
#7418=LINE('',#7417,#7416);
#7419=CURVE_STYLE('',#36,POSITIVE_LENGTH_MEASURE(2.E-2),#7201);
#7420=PRESENTATION_STYLE_ASSIGNMENT((#7419));
#7421=STYLED_ITEM('',(#7420),#7418);
#7422=DIRECTION('',(1.E0,0.E0,0.E0));
#7423=VECTOR('',#7422,1.E0);
#7424=CARTESIAN_POINT('',(-5.E-1,-3.4E-1,2.E-2));
#7425=LINE('',#7424,#7423);
#7426=CURVE_STYLE('',#36,POSITIVE_LENGTH_MEASURE(2.E-2),#7201);
#7427=PRESENTATION_STYLE_ASSIGNMENT((#7426));
#7428=STYLED_ITEM('',(#7427),#7425);
#7429=DIRECTION('',(0.E0,1.E0,0.E0));
#7430=VECTOR('',#7429,6.8E-1);
#7431=CARTESIAN_POINT('',(-5.E-1,-3.4E-1,2.E-2));
#7432=LINE('',#7431,#7430);
#7433=CURVE_STYLE('',#36,POSITIVE_LENGTH_MEASURE(2.E-2),#7201);
#7434=PRESENTATION_STYLE_ASSIGNMENT((#7433));
#7435=STYLED_ITEM('',(#7434),#7432);
#7436=DIRECTION('',(0.E0,-1.E0,0.E0));
#7437=VECTOR('',#7436,6.8E-1);
#7438=CARTESIAN_POINT('',(5.E-1,3.4E-1,2.E-2));
#7439=LINE('',#7438,#7437);
#7440=CURVE_STYLE('',#36,POSITIVE_LENGTH_MEASURE(2.E-2),#7201);
#7441=PRESENTATION_STYLE_ASSIGNMENT((#7440));
#7442=STYLED_ITEM('',(#7441),#7439);
#7443=DIRECTION('',(1.E0,0.E0,0.E0));
#7444=VECTOR('',#7443,1.E0);
#7445=CARTESIAN_POINT('',(-5.E-1,3.8E-1,6.E-2));
#7446=LINE('',#7445,#7444);
#7447=CURVE_STYLE('',#36,POSITIVE_LENGTH_MEASURE(2.E-2),#7201);
#7448=PRESENTATION_STYLE_ASSIGNMENT((#7447));
#7449=STYLED_ITEM('',(#7448),#7446);
#7450=DIRECTION('',(-1.E0,0.E0,0.E0));
#7451=VECTOR('',#7450,1.E0);
#7452=CARTESIAN_POINT('',(5.E-1,3.4E-1,2.E-2));
#7453=LINE('',#7452,#7451);
#7454=CURVE_STYLE('',#36,POSITIVE_LENGTH_MEASURE(2.E-2),#7201);
#7455=PRESENTATION_STYLE_ASSIGNMENT((#7454));
#7456=STYLED_ITEM('',(#7455),#7453);
#7457=DIRECTION('',(1.E0,0.E0,0.E0));
#7458=VECTOR('',#7457,1.E0);
#7459=CARTESIAN_POINT('',(-5.E-1,3.4E-1,5.8E-1));
#7460=LINE('',#7459,#7458);
#7461=CURVE_STYLE('',#36,POSITIVE_LENGTH_MEASURE(2.E-2),#7201);
#7462=PRESENTATION_STYLE_ASSIGNMENT((#7461));
#7463=STYLED_ITEM('',(#7462),#7460);
#7464=DIRECTION('',(-1.E0,0.E0,0.E0));
#7465=VECTOR('',#7464,1.E0);
#7466=CARTESIAN_POINT('',(5.E-1,3.8E-1,5.4E-1));
#7467=LINE('',#7466,#7465);
#7468=CURVE_STYLE('',#36,POSITIVE_LENGTH_MEASURE(2.E-2),#7201);
#7469=PRESENTATION_STYLE_ASSIGNMENT((#7468));
#7470=STYLED_ITEM('',(#7469),#7467);
#7471=DIRECTION('',(0.E0,-1.E0,0.E0));
#7472=VECTOR('',#7471,7.4E-1);
#7473=CARTESIAN_POINT('',(-5.E-1,3.7E-1,0.E0));
#7474=LINE('',#7473,#7472);
#7475=CURVE_STYLE('',#36,POSITIVE_LENGTH_MEASURE(2.E-2),#7201);
#7476=PRESENTATION_STYLE_ASSIGNMENT((#7475));
#7477=STYLED_ITEM('',(#7476),#7474);
#7478=DIRECTION('',(0.E0,-1.E0,0.E0));
#7479=VECTOR('',#7478,7.4E-1);
#7480=CARTESIAN_POINT('',(-7.7E-1,3.7E-1,0.E0));
#7481=LINE('',#7480,#7479);
#7482=CURVE_STYLE('',#36,POSITIVE_LENGTH_MEASURE(2.E-2),#7201);
#7483=PRESENTATION_STYLE_ASSIGNMENT((#7482));
#7484=STYLED_ITEM('',(#7483),#7481);
#7485=DIRECTION('',(0.E0,1.E0,0.E0));
#7486=VECTOR('',#7485,7.4E-1);
#7487=CARTESIAN_POINT('',(-8.E-1,-3.7E-1,3.E-2));
#7488=LINE('',#7487,#7486);
#7489=CURVE_STYLE('',#36,POSITIVE_LENGTH_MEASURE(2.E-2),#7201);
#7490=PRESENTATION_STYLE_ASSIGNMENT((#7489));
#7491=STYLED_ITEM('',(#7490),#7488);
#7492=CARTESIAN_POINT('',(-7.7E-1,-3.7E-1,3.E-2));
#7493=DIRECTION('',(-1.E0,0.E0,0.E0));
#7494=DIRECTION('',(0.E0,0.E0,-1.E0));
#7495=AXIS2_PLACEMENT_3D('',#7492,#7493,#7494);
#7497=CURVE_STYLE('',#36,POSITIVE_LENGTH_MEASURE(2.E-2),#7201);
#7498=PRESENTATION_STYLE_ASSIGNMENT((#7497));
#7499=STYLED_ITEM('',(#7498),#7496);
#7500=CARTESIAN_POINT('',(-7.7E-1,-3.7E-1,3.E-2));
#7501=DIRECTION('',(0.E0,-1.E0,0.E0));
#7502=DIRECTION('',(-1.E0,0.E0,0.E0));
#7503=AXIS2_PLACEMENT_3D('',#7500,#7501,#7502);
#7505=CURVE_STYLE('',#36,POSITIVE_LENGTH_MEASURE(2.E-2),#7201);
#7506=PRESENTATION_STYLE_ASSIGNMENT((#7505));
#7507=STYLED_ITEM('',(#7506),#7504);
#7508=CARTESIAN_POINT('',(-7.7E-1,-3.7E-1,3.E-2));
#7509=DIRECTION('',(0.E0,0.E0,-1.E0));
#7510=DIRECTION('',(0.E0,-1.E0,0.E0));
#7511=AXIS2_PLACEMENT_3D('',#7508,#7509,#7510);
#7513=CURVE_STYLE('',#36,POSITIVE_LENGTH_MEASURE(2.E-2),#7201);
#7514=PRESENTATION_STYLE_ASSIGNMENT((#7513));
#7515=STYLED_ITEM('',(#7514),#7512);
#7516=DIRECTION('',(1.E0,0.E0,0.E0));
#7517=VECTOR('',#7516,2.7E-1);
#7518=CARTESIAN_POINT('',(-7.7E-1,-3.7E-1,0.E0));
#7519=LINE('',#7518,#7517);
#7520=CURVE_STYLE('',#36,POSITIVE_LENGTH_MEASURE(2.E-2),#7201);
#7521=PRESENTATION_STYLE_ASSIGNMENT((#7520));
#7522=STYLED_ITEM('',(#7521),#7519);
#7523=DIRECTION('',(-1.E0,0.E0,0.E0));
#7524=VECTOR('',#7523,2.7E-1);
#7525=CARTESIAN_POINT('',(-5.E-1,-4.E-1,3.E-2));
#7526=LINE('',#7525,#7524);
#7527=CURVE_STYLE('',#36,POSITIVE_LENGTH_MEASURE(2.E-2),#7201);
#7528=PRESENTATION_STYLE_ASSIGNMENT((#7527));
#7529=STYLED_ITEM('',(#7528),#7526);
#7530=DIRECTION('',(0.E0,0.E0,1.E0));
#7531=VECTOR('',#7530,5.4E-1);
#7532=CARTESIAN_POINT('',(-5.E-1,-4.E-1,3.E-2));
#7533=LINE('',#7532,#7531);
#7534=CURVE_STYLE('',#36,POSITIVE_LENGTH_MEASURE(2.E-2),#7201);
#7535=PRESENTATION_STYLE_ASSIGNMENT((#7534));
#7536=STYLED_ITEM('',(#7535),#7533);
#7537=DIRECTION('',(0.E0,0.E0,-1.E0));
#7538=VECTOR('',#7537,5.4E-1);
#7539=CARTESIAN_POINT('',(-8.E-1,-3.7E-1,5.7E-1));
#7540=LINE('',#7539,#7538);
#7541=CURVE_STYLE('',#36,POSITIVE_LENGTH_MEASURE(2.E-2),#7201);
#7542=PRESENTATION_STYLE_ASSIGNMENT((#7541));
#7543=STYLED_ITEM('',(#7542),#7540);
#7544=DIRECTION('',(0.E0,0.E0,1.E0));
#7545=VECTOR('',#7544,5.4E-1);
#7546=CARTESIAN_POINT('',(-7.7E-1,-4.E-1,3.E-2));
#7547=LINE('',#7546,#7545);
#7548=CURVE_STYLE('',#36,POSITIVE_LENGTH_MEASURE(2.E-2),#7201);
#7549=PRESENTATION_STYLE_ASSIGNMENT((#7548));
#7550=STYLED_ITEM('',(#7549),#7547);
#7551=DIRECTION('',(0.E0,-1.E0,0.E0));
#7552=VECTOR('',#7551,7.4E-1);
#7553=CARTESIAN_POINT('',(-8.E-1,3.7E-1,5.7E-1));
#7554=LINE('',#7553,#7552);
#7555=CURVE_STYLE('',#36,POSITIVE_LENGTH_MEASURE(2.E-2),#7201);
#7556=PRESENTATION_STYLE_ASSIGNMENT((#7555));
#7557=STYLED_ITEM('',(#7556),#7554);
#7558=DIRECTION('',(0.E0,1.E0,0.E0));
#7559=VECTOR('',#7558,7.4E-1);
#7560=CARTESIAN_POINT('',(-7.7E-1,-3.7E-1,6.E-1));
#7561=LINE('',#7560,#7559);
#7562=CURVE_STYLE('',#36,POSITIVE_LENGTH_MEASURE(2.E-2),#7201);
#7563=PRESENTATION_STYLE_ASSIGNMENT((#7562));
#7564=STYLED_ITEM('',(#7563),#7561);
#7565=CARTESIAN_POINT('',(-7.7E-1,-3.7E-1,5.7E-1));
#7566=DIRECTION('',(0.E0,0.E0,1.E0));
#7567=DIRECTION('',(-1.E0,0.E0,0.E0));
#7568=AXIS2_PLACEMENT_3D('',#7565,#7566,#7567);
#7570=CURVE_STYLE('',#36,POSITIVE_LENGTH_MEASURE(2.E-2),#7201);
#7571=PRESENTATION_STYLE_ASSIGNMENT((#7570));
#7572=STYLED_ITEM('',(#7571),#7569);
#7573=CARTESIAN_POINT('',(-7.7E-1,-3.7E-1,5.7E-1));
#7574=DIRECTION('',(0.E0,-1.E0,0.E0));
#7575=DIRECTION('',(0.E0,0.E0,1.E0));
#7576=AXIS2_PLACEMENT_3D('',#7573,#7574,#7575);
#7578=CURVE_STYLE('',#36,POSITIVE_LENGTH_MEASURE(2.E-2),#7201);
#7579=PRESENTATION_STYLE_ASSIGNMENT((#7578));
#7580=STYLED_ITEM('',(#7579),#7577);
#7581=CARTESIAN_POINT('',(-7.7E-1,-3.7E-1,5.7E-1));
#7582=DIRECTION('',(-1.E0,0.E0,0.E0));
#7583=DIRECTION('',(0.E0,-1.E0,0.E0));
#7584=AXIS2_PLACEMENT_3D('',#7581,#7582,#7583);
#7586=CURVE_STYLE('',#36,POSITIVE_LENGTH_MEASURE(2.E-2),#7201);
#7587=PRESENTATION_STYLE_ASSIGNMENT((#7586));
#7588=STYLED_ITEM('',(#7587),#7585);
#7589=DIRECTION('',(1.E0,0.E0,0.E0));
#7590=VECTOR('',#7589,2.7E-1);
#7591=CARTESIAN_POINT('',(-7.7E-1,-4.E-1,5.7E-1));
#7592=LINE('',#7591,#7590);
#7593=CURVE_STYLE('',#36,POSITIVE_LENGTH_MEASURE(2.E-2),#7201);
#7594=PRESENTATION_STYLE_ASSIGNMENT((#7593));
#7595=STYLED_ITEM('',(#7594),#7592);
#7596=DIRECTION('',(-1.E0,0.E0,0.E0));
#7597=VECTOR('',#7596,2.7E-1);
#7598=CARTESIAN_POINT('',(-5.E-1,-3.7E-1,6.E-1));
#7599=LINE('',#7598,#7597);
#7600=CURVE_STYLE('',#36,POSITIVE_LENGTH_MEASURE(2.E-2),#7201);
#7601=PRESENTATION_STYLE_ASSIGNMENT((#7600));
#7602=STYLED_ITEM('',(#7601),#7599);
#7603=DIRECTION('',(1.E0,0.E0,0.E0));
#7604=VECTOR('',#7603,2.7E-1);
#7605=CARTESIAN_POINT('',(-7.7E-1,3.7E-1,6.E-1));
#7606=LINE('',#7605,#7604);
#7607=CURVE_STYLE('',#36,POSITIVE_LENGTH_MEASURE(2.E-2),#7201);
#7608=PRESENTATION_STYLE_ASSIGNMENT((#7607));
#7609=STYLED_ITEM('',(#7608),#7606);
#7610=DIRECTION('',(-1.E0,0.E0,0.E0));
#7611=VECTOR('',#7610,2.7E-1);
#7612=CARTESIAN_POINT('',(-5.E-1,4.E-1,5.7E-1));
#7613=LINE('',#7612,#7611);
#7614=CURVE_STYLE('',#36,POSITIVE_LENGTH_MEASURE(2.E-2),#7201);
#7615=PRESENTATION_STYLE_ASSIGNMENT((#7614));
#7616=STYLED_ITEM('',(#7615),#7613);
#7617=CARTESIAN_POINT('',(-7.7E-1,3.7E-1,5.7E-1));
#7618=DIRECTION('',(0.E0,1.E0,0.E0));
#7619=DIRECTION('',(-1.E0,0.E0,0.E0));
#7620=AXIS2_PLACEMENT_3D('',#7617,#7618,#7619);
#7622=CURVE_STYLE('',#36,POSITIVE_LENGTH_MEASURE(2.E-2),#7201);
#7623=PRESENTATION_STYLE_ASSIGNMENT((#7622));
#7624=STYLED_ITEM('',(#7623),#7621);
#7625=CARTESIAN_POINT('',(-7.7E-1,3.7E-1,5.7E-1));
#7626=DIRECTION('',(0.E0,0.E0,1.E0));
#7627=DIRECTION('',(0.E0,1.E0,0.E0));
#7628=AXIS2_PLACEMENT_3D('',#7625,#7626,#7627);
#7630=CURVE_STYLE('',#36,POSITIVE_LENGTH_MEASURE(2.E-2),#7201);
#7631=PRESENTATION_STYLE_ASSIGNMENT((#7630));
#7632=STYLED_ITEM('',(#7631),#7629);
#7633=CARTESIAN_POINT('',(-7.7E-1,3.7E-1,5.7E-1));
#7634=DIRECTION('',(-1.E0,0.E0,0.E0));
#7635=DIRECTION('',(0.E0,0.E0,1.E0));
#7636=AXIS2_PLACEMENT_3D('',#7633,#7634,#7635);
#7638=CURVE_STYLE('',#36,POSITIVE_LENGTH_MEASURE(2.E-2),#7201);
#7639=PRESENTATION_STYLE_ASSIGNMENT((#7638));
#7640=STYLED_ITEM('',(#7639),#7637);
#7641=DIRECTION('',(0.E0,0.E0,1.E0));
#7642=VECTOR('',#7641,5.4E-1);
#7643=CARTESIAN_POINT('',(-8.E-1,3.7E-1,3.E-2));
#7644=LINE('',#7643,#7642);
#7645=CURVE_STYLE('',#36,POSITIVE_LENGTH_MEASURE(2.E-2),#7201);
#7646=PRESENTATION_STYLE_ASSIGNMENT((#7645));
#7647=STYLED_ITEM('',(#7646),#7644);
#7648=DIRECTION('',(0.E0,0.E0,-1.E0));
#7649=VECTOR('',#7648,5.4E-1);
#7650=CARTESIAN_POINT('',(-7.7E-1,4.E-1,5.7E-1));
#7651=LINE('',#7650,#7649);
#7652=CURVE_STYLE('',#36,POSITIVE_LENGTH_MEASURE(2.E-2),#7201);
#7653=PRESENTATION_STYLE_ASSIGNMENT((#7652));
#7654=STYLED_ITEM('',(#7653),#7651);
#7655=CARTESIAN_POINT('',(-7.7E-1,3.7E-1,3.E-2));
#7656=DIRECTION('',(-1.E0,0.E0,0.E0));
#7657=DIRECTION('',(0.E0,1.E0,0.E0));
#7658=AXIS2_PLACEMENT_3D('',#7655,#7656,#7657);
#7660=CURVE_STYLE('',#36,POSITIVE_LENGTH_MEASURE(2.E-2),#7201);
#7661=PRESENTATION_STYLE_ASSIGNMENT((#7660));
#7662=STYLED_ITEM('',(#7661),#7659);
#7663=CARTESIAN_POINT('',(-7.7E-1,3.7E-1,3.E-2));
#7664=DIRECTION('',(0.E0,0.E0,-1.E0));
#7665=DIRECTION('',(-1.E0,0.E0,0.E0));
#7666=AXIS2_PLACEMENT_3D('',#7663,#7664,#7665);
#7668=CURVE_STYLE('',#36,POSITIVE_LENGTH_MEASURE(2.E-2),#7201);
#7669=PRESENTATION_STYLE_ASSIGNMENT((#7668));
#7670=STYLED_ITEM('',(#7669),#7667);
#7671=CARTESIAN_POINT('',(-7.7E-1,3.7E-1,3.E-2));
#7672=DIRECTION('',(0.E0,1.E0,0.E0));
#7673=DIRECTION('',(0.E0,0.E0,-1.E0));
#7674=AXIS2_PLACEMENT_3D('',#7671,#7672,#7673);
#7676=CURVE_STYLE('',#36,POSITIVE_LENGTH_MEASURE(2.E-2),#7201);
#7677=PRESENTATION_STYLE_ASSIGNMENT((#7676));
#7678=STYLED_ITEM('',(#7677),#7675);
#7679=DIRECTION('',(1.E0,0.E0,0.E0));
#7680=VECTOR('',#7679,2.7E-1);
#7681=CARTESIAN_POINT('',(-7.7E-1,4.E-1,3.E-2));
#7682=LINE('',#7681,#7680);
#7683=CURVE_STYLE('',#36,POSITIVE_LENGTH_MEASURE(2.E-2),#7201);
#7684=PRESENTATION_STYLE_ASSIGNMENT((#7683));
#7685=STYLED_ITEM('',(#7684),#7682);
#7686=DIRECTION('',(-1.E0,0.E0,0.E0));
#7687=VECTOR('',#7686,2.7E-1);
#7688=CARTESIAN_POINT('',(-5.E-1,3.7E-1,0.E0));
#7689=LINE('',#7688,#7687);
#7690=CURVE_STYLE('',#36,POSITIVE_LENGTH_MEASURE(2.E-2),#7201);
#7691=PRESENTATION_STYLE_ASSIGNMENT((#7690));
#7692=STYLED_ITEM('',(#7691),#7689);
#7693=DIRECTION('',(0.E0,0.E0,1.E0));
#7694=VECTOR('',#7693,5.4E-1);
#7695=CARTESIAN_POINT('',(5.E-1,4.E-1,3.E-2));
#7696=LINE('',#7695,#7694);
#7697=CURVE_STYLE('',#36,POSITIVE_LENGTH_MEASURE(2.E-2),#7201);
#7698=PRESENTATION_STYLE_ASSIGNMENT((#7697));
#7699=STYLED_ITEM('',(#7698),#7696);
#7700=DIRECTION('',(0.E0,0.E0,-1.E0));
#7701=VECTOR('',#7700,5.4E-1);
#7702=CARTESIAN_POINT('',(8.E-1,3.7E-1,5.7E-1));
#7703=LINE('',#7702,#7701);
#7704=CURVE_STYLE('',#36,POSITIVE_LENGTH_MEASURE(2.E-2),#7201);
#7705=PRESENTATION_STYLE_ASSIGNMENT((#7704));
#7706=STYLED_ITEM('',(#7705),#7703);
#7707=DIRECTION('',(0.E0,0.E0,1.E0));
#7708=VECTOR('',#7707,5.4E-1);
#7709=CARTESIAN_POINT('',(7.7E-1,4.E-1,3.E-2));
#7710=LINE('',#7709,#7708);
#7711=CURVE_STYLE('',#36,POSITIVE_LENGTH_MEASURE(2.E-2),#7201);
#7712=PRESENTATION_STYLE_ASSIGNMENT((#7711));
#7713=STYLED_ITEM('',(#7712),#7710);
#7714=CARTESIAN_POINT('',(7.7E-1,3.7E-1,3.E-2));
#7715=DIRECTION('',(1.E0,0.E0,0.E0));
#7716=DIRECTION('',(0.E0,0.E0,-1.E0));
#7717=AXIS2_PLACEMENT_3D('',#7714,#7715,#7716);
#7719=CURVE_STYLE('',#36,POSITIVE_LENGTH_MEASURE(2.E-2),#7201);
#7720=PRESENTATION_STYLE_ASSIGNMENT((#7719));
#7721=STYLED_ITEM('',(#7720),#7718);
#7722=CARTESIAN_POINT('',(7.7E-1,3.7E-1,3.E-2));
#7723=DIRECTION('',(0.E0,1.E0,0.E0));
#7724=DIRECTION('',(1.E0,0.E0,0.E0));
#7725=AXIS2_PLACEMENT_3D('',#7722,#7723,#7724);
#7727=CURVE_STYLE('',#36,POSITIVE_LENGTH_MEASURE(2.E-2),#7201);
#7728=PRESENTATION_STYLE_ASSIGNMENT((#7727));
#7729=STYLED_ITEM('',(#7728),#7726);
#7730=CARTESIAN_POINT('',(7.7E-1,3.7E-1,3.E-2));
#7731=DIRECTION('',(0.E0,0.E0,-1.E0));
#7732=DIRECTION('',(0.E0,1.E0,0.E0));
#7733=AXIS2_PLACEMENT_3D('',#7730,#7731,#7732);
#7735=CURVE_STYLE('',#36,POSITIVE_LENGTH_MEASURE(2.E-2),#7201);
#7736=PRESENTATION_STYLE_ASSIGNMENT((#7735));
#7737=STYLED_ITEM('',(#7736),#7734);
#7738=DIRECTION('',(-1.E0,0.E0,0.E0));
#7739=VECTOR('',#7738,2.7E-1);
#7740=CARTESIAN_POINT('',(7.7E-1,3.7E-1,0.E0));
#7741=LINE('',#7740,#7739);
#7742=CURVE_STYLE('',#36,POSITIVE_LENGTH_MEASURE(2.E-2),#7201);
#7743=PRESENTATION_STYLE_ASSIGNMENT((#7742));
#7744=STYLED_ITEM('',(#7743),#7741);
#7745=DIRECTION('',(1.E0,0.E0,0.E0));
#7746=VECTOR('',#7745,2.7E-1);
#7747=CARTESIAN_POINT('',(5.E-1,4.E-1,3.E-2));
#7748=LINE('',#7747,#7746);
#7749=CURVE_STYLE('',#36,POSITIVE_LENGTH_MEASURE(2.E-2),#7201);
#7750=PRESENTATION_STYLE_ASSIGNMENT((#7749));
#7751=STYLED_ITEM('',(#7750),#7748);
#7752=DIRECTION('',(0.E0,1.E0,0.E0));
#7753=VECTOR('',#7752,7.4E-1);
#7754=CARTESIAN_POINT('',(5.E-1,-3.7E-1,0.E0));
#7755=LINE('',#7754,#7753);
#7756=CURVE_STYLE('',#36,POSITIVE_LENGTH_MEASURE(2.E-2),#7201);
#7757=PRESENTATION_STYLE_ASSIGNMENT((#7756));
#7758=STYLED_ITEM('',(#7757),#7755);
#7759=DIRECTION('',(-1.E0,0.E0,0.E0));
#7760=VECTOR('',#7759,2.7E-1);
#7761=CARTESIAN_POINT('',(7.7E-1,-4.E-1,3.E-2));
#7762=LINE('',#7761,#7760);
#7763=CURVE_STYLE('',#36,POSITIVE_LENGTH_MEASURE(2.E-2),#7201);
#7764=PRESENTATION_STYLE_ASSIGNMENT((#7763));
#7765=STYLED_ITEM('',(#7764),#7762);
#7766=DIRECTION('',(1.E0,0.E0,0.E0));
#7767=VECTOR('',#7766,2.7E-1);
#7768=CARTESIAN_POINT('',(5.E-1,-3.7E-1,0.E0));
#7769=LINE('',#7768,#7767);
#7770=CURVE_STYLE('',#36,POSITIVE_LENGTH_MEASURE(2.E-2),#7201);
#7771=PRESENTATION_STYLE_ASSIGNMENT((#7770));
#7772=STYLED_ITEM('',(#7771),#7769);
#7773=DIRECTION('',(-1.E0,0.E0,0.E0));
#7774=VECTOR('',#7773,2.7E-1);
#7775=CARTESIAN_POINT('',(7.7E-1,-3.7E-1,6.E-1));
#7776=LINE('',#7775,#7774);
#7777=CURVE_STYLE('',#36,POSITIVE_LENGTH_MEASURE(2.E-2),#7201);
#7778=PRESENTATION_STYLE_ASSIGNMENT((#7777));
#7779=STYLED_ITEM('',(#7778),#7776);
#7780=DIRECTION('',(1.E0,0.E0,0.E0));
#7781=VECTOR('',#7780,2.7E-1);
#7782=CARTESIAN_POINT('',(5.E-1,-4.E-1,5.7E-1));
#7783=LINE('',#7782,#7781);
#7784=CURVE_STYLE('',#36,POSITIVE_LENGTH_MEASURE(2.E-2),#7201);
#7785=PRESENTATION_STYLE_ASSIGNMENT((#7784));
#7786=STYLED_ITEM('',(#7785),#7783);
#7787=DIRECTION('',(0.E0,1.E0,0.E0));
#7788=VECTOR('',#7787,7.4E-1);
#7789=CARTESIAN_POINT('',(8.E-1,-3.7E-1,5.7E-1));
#7790=LINE('',#7789,#7788);
#7791=CURVE_STYLE('',#36,POSITIVE_LENGTH_MEASURE(2.E-2),#7201);
#7792=PRESENTATION_STYLE_ASSIGNMENT((#7791));
#7793=STYLED_ITEM('',(#7792),#7790);
#7794=DIRECTION('',(0.E0,-1.E0,0.E0));
#7795=VECTOR('',#7794,7.4E-1);
#7796=CARTESIAN_POINT('',(7.7E-1,3.7E-1,6.E-1));
#7797=LINE('',#7796,#7795);
#7798=CURVE_STYLE('',#36,POSITIVE_LENGTH_MEASURE(2.E-2),#7201);
#7799=PRESENTATION_STYLE_ASSIGNMENT((#7798));
#7800=STYLED_ITEM('',(#7799),#7797);
#7801=CARTESIAN_POINT('',(7.7E-1,3.7E-1,5.7E-1));
#7802=DIRECTION('',(0.E0,0.E0,1.E0));
#7803=DIRECTION('',(1.E0,0.E0,0.E0));
#7804=AXIS2_PLACEMENT_3D('',#7801,#7802,#7803);
#7806=CURVE_STYLE('',#36,POSITIVE_LENGTH_MEASURE(2.E-2),#7201);
#7807=PRESENTATION_STYLE_ASSIGNMENT((#7806));
#7808=STYLED_ITEM('',(#7807),#7805);
#7809=CARTESIAN_POINT('',(7.7E-1,3.7E-1,5.7E-1));
#7810=DIRECTION('',(0.E0,1.E0,0.E0));
#7811=DIRECTION('',(0.E0,0.E0,1.E0));
#7812=AXIS2_PLACEMENT_3D('',#7809,#7810,#7811);
#7814=CURVE_STYLE('',#36,POSITIVE_LENGTH_MEASURE(2.E-2),#7201);
#7815=PRESENTATION_STYLE_ASSIGNMENT((#7814));
#7816=STYLED_ITEM('',(#7815),#7813);
#7817=CARTESIAN_POINT('',(7.7E-1,3.7E-1,5.7E-1));
#7818=DIRECTION('',(1.E0,0.E0,0.E0));
#7819=DIRECTION('',(0.E0,1.E0,0.E0));
#7820=AXIS2_PLACEMENT_3D('',#7817,#7818,#7819);
#7822=CURVE_STYLE('',#36,POSITIVE_LENGTH_MEASURE(2.E-2),#7201);
#7823=PRESENTATION_STYLE_ASSIGNMENT((#7822));
#7824=STYLED_ITEM('',(#7823),#7821);
#7825=DIRECTION('',(-1.E0,0.E0,0.E0));
#7826=VECTOR('',#7825,2.7E-1);
#7827=CARTESIAN_POINT('',(7.7E-1,4.E-1,5.7E-1));
#7828=LINE('',#7827,#7826);
#7829=CURVE_STYLE('',#36,POSITIVE_LENGTH_MEASURE(2.E-2),#7201);
#7830=PRESENTATION_STYLE_ASSIGNMENT((#7829));
#7831=STYLED_ITEM('',(#7830),#7828);
#7832=DIRECTION('',(1.E0,0.E0,0.E0));
#7833=VECTOR('',#7832,2.7E-1);
#7834=CARTESIAN_POINT('',(5.E-1,3.7E-1,6.E-1));
#7835=LINE('',#7834,#7833);
#7836=CURVE_STYLE('',#36,POSITIVE_LENGTH_MEASURE(2.E-2),#7201);
#7837=PRESENTATION_STYLE_ASSIGNMENT((#7836));
#7838=STYLED_ITEM('',(#7837),#7835);
#7839=DIRECTION('',(0.E0,1.E0,0.E0));
#7840=VECTOR('',#7839,7.4E-1);
#7841=CARTESIAN_POINT('',(7.7E-1,-3.7E-1,0.E0));
#7842=LINE('',#7841,#7840);
#7843=CURVE_STYLE('',#36,POSITIVE_LENGTH_MEASURE(2.E-2),#7201);
#7844=PRESENTATION_STYLE_ASSIGNMENT((#7843));
#7845=STYLED_ITEM('',(#7844),#7842);
#7846=DIRECTION('',(0.E0,-1.E0,0.E0));
#7847=VECTOR('',#7846,7.4E-1);
#7848=CARTESIAN_POINT('',(8.E-1,3.7E-1,3.E-2));
#7849=LINE('',#7848,#7847);
#7850=CURVE_STYLE('',#36,POSITIVE_LENGTH_MEASURE(2.E-2),#7201);
#7851=PRESENTATION_STYLE_ASSIGNMENT((#7850));
#7852=STYLED_ITEM('',(#7851),#7849);
#7853=CARTESIAN_POINT('',(7.7E-1,-3.7E-1,3.E-2));
#7854=DIRECTION('',(1.E0,0.E0,0.E0));
#7855=DIRECTION('',(0.E0,-1.E0,0.E0));
#7856=AXIS2_PLACEMENT_3D('',#7853,#7854,#7855);
#7858=CURVE_STYLE('',#36,POSITIVE_LENGTH_MEASURE(2.E-2),#7201);
#7859=PRESENTATION_STYLE_ASSIGNMENT((#7858));
#7860=STYLED_ITEM('',(#7859),#7857);
#7861=CARTESIAN_POINT('',(7.7E-1,-3.7E-1,3.E-2));
#7862=DIRECTION('',(0.E0,0.E0,-1.E0));
#7863=DIRECTION('',(1.E0,0.E0,0.E0));
#7864=AXIS2_PLACEMENT_3D('',#7861,#7862,#7863);
#7866=CURVE_STYLE('',#36,POSITIVE_LENGTH_MEASURE(2.E-2),#7201);
#7867=PRESENTATION_STYLE_ASSIGNMENT((#7866));
#7868=STYLED_ITEM('',(#7867),#7865);
#7869=CARTESIAN_POINT('',(7.7E-1,-3.7E-1,3.E-2));
#7870=DIRECTION('',(0.E0,-1.E0,0.E0));
#7871=DIRECTION('',(0.E0,0.E0,-1.E0));
#7872=AXIS2_PLACEMENT_3D('',#7869,#7870,#7871);
#7874=CURVE_STYLE('',#36,POSITIVE_LENGTH_MEASURE(2.E-2),#7201);
#7875=PRESENTATION_STYLE_ASSIGNMENT((#7874));
#7876=STYLED_ITEM('',(#7875),#7873);
#7877=DIRECTION('',(0.E0,0.E0,1.E0));
#7878=VECTOR('',#7877,5.4E-1);
#7879=CARTESIAN_POINT('',(8.E-1,-3.7E-1,3.E-2));
#7880=LINE('',#7879,#7878);
#7881=CURVE_STYLE('',#36,POSITIVE_LENGTH_MEASURE(2.E-2),#7201);
#7882=PRESENTATION_STYLE_ASSIGNMENT((#7881));
#7883=STYLED_ITEM('',(#7882),#7880);
#7884=DIRECTION('',(0.E0,0.E0,-1.E0));
#7885=VECTOR('',#7884,5.4E-1);
#7886=CARTESIAN_POINT('',(7.7E-1,-4.E-1,5.7E-1));
#7887=LINE('',#7886,#7885);
#7888=CURVE_STYLE('',#36,POSITIVE_LENGTH_MEASURE(2.E-2),#7201);
#7889=PRESENTATION_STYLE_ASSIGNMENT((#7888));
#7890=STYLED_ITEM('',(#7889),#7887);
#7891=CARTESIAN_POINT('',(7.7E-1,-3.7E-1,5.7E-1));
#7892=DIRECTION('',(0.E0,-1.E0,0.E0));
#7893=DIRECTION('',(1.E0,0.E0,0.E0));
#7894=AXIS2_PLACEMENT_3D('',#7891,#7892,#7893);
#7896=CURVE_STYLE('',#36,POSITIVE_LENGTH_MEASURE(2.E-2),#7201);
#7897=PRESENTATION_STYLE_ASSIGNMENT((#7896));
#7898=STYLED_ITEM('',(#7897),#7895);
#7899=CARTESIAN_POINT('',(7.7E-1,-3.7E-1,5.7E-1));
#7900=DIRECTION('',(0.E0,0.E0,1.E0));
#7901=DIRECTION('',(0.E0,-1.E0,0.E0));
#7902=AXIS2_PLACEMENT_3D('',#7899,#7900,#7901);
#7904=CURVE_STYLE('',#36,POSITIVE_LENGTH_MEASURE(2.E-2),#7201);
#7905=PRESENTATION_STYLE_ASSIGNMENT((#7904));
#7906=STYLED_ITEM('',(#7905),#7903);
#7907=CARTESIAN_POINT('',(7.7E-1,-3.7E-1,5.7E-1));
#7908=DIRECTION('',(1.E0,0.E0,0.E0));
#7909=DIRECTION('',(0.E0,0.E0,1.E0));
#7910=AXIS2_PLACEMENT_3D('',#7907,#7908,#7909);
#7912=CURVE_STYLE('',#36,POSITIVE_LENGTH_MEASURE(2.E-2),#7201);
#7913=PRESENTATION_STYLE_ASSIGNMENT((#7912));
#7914=STYLED_ITEM('',(#7913),#7911);
#7915=CARTESIAN_POINT('',(5.E-1,3.8E-1,6.E-2));
#7916=CARTESIAN_POINT('',(5.E-1,3.8E-1,5.4E-1));
#7917=VERTEX_POINT('',#7915);
#7918=VERTEX_POINT('',#7916);
#7919=CARTESIAN_POINT('',(-5.E-1,3.8E-1,6.E-2));
#7920=VERTEX_POINT('',#7919);
#7921=CARTESIAN_POINT('',(-5.E-1,3.8E-1,5.4E-1));
#7922=VERTEX_POINT('',#7921);
#7923=CARTESIAN_POINT('',(-5.E-1,-3.8E-1,6.E-2));
#7924=CARTESIAN_POINT('',(-5.E-1,-3.8E-1,5.4E-1));
#7925=VERTEX_POINT('',#7923);
#7926=VERTEX_POINT('',#7924);
#7927=CARTESIAN_POINT('',(5.E-1,-3.8E-1,6.E-2));
#7928=VERTEX_POINT('',#7927);
#7929=CARTESIAN_POINT('',(5.E-1,-3.8E-1,5.4E-1));
#7930=VERTEX_POINT('',#7929);
#7931=CARTESIAN_POINT('',(5.E-1,3.4E-1,5.8E-1));
#7932=CARTESIAN_POINT('',(5.E-1,-3.4E-1,5.8E-1));
#7933=VERTEX_POINT('',#7931);
#7934=VERTEX_POINT('',#7932);
#7935=CARTESIAN_POINT('',(-5.E-1,3.4E-1,5.8E-1));
#7936=VERTEX_POINT('',#7935);
#7937=CARTESIAN_POINT('',(-5.E-1,-3.4E-1,5.8E-1));
#7938=VERTEX_POINT('',#7937);
#7939=CARTESIAN_POINT('',(-5.E-1,-3.4E-1,2.E-2));
#7940=CARTESIAN_POINT('',(-5.E-1,3.4E-1,2.E-2));
#7941=VERTEX_POINT('',#7939);
#7942=VERTEX_POINT('',#7940);
#7943=CARTESIAN_POINT('',(5.E-1,3.4E-1,2.E-2));
#7944=VERTEX_POINT('',#7943);
#7945=CARTESIAN_POINT('',(5.E-1,-3.4E-1,2.E-2));
#7946=VERTEX_POINT('',#7945);
#7947=CARTESIAN_POINT('',(5.E-1,4.E-1,3.E-2));
#7948=CARTESIAN_POINT('',(5.E-1,4.E-1,5.7E-1));
#7949=VERTEX_POINT('',#7947);
#7950=VERTEX_POINT('',#7948);
#7951=CARTESIAN_POINT('',(5.E-1,3.7E-1,0.E0));
#7952=VERTEX_POINT('',#7951);
#7953=CARTESIAN_POINT('',(5.E-1,-3.7E-1,0.E0));
#7954=VERTEX_POINT('',#7953);
#7955=CARTESIAN_POINT('',(5.E-1,-4.E-1,3.E-2));
#7956=VERTEX_POINT('',#7955);
#7957=CARTESIAN_POINT('',(5.E-1,-4.E-1,5.7E-1));
#7958=VERTEX_POINT('',#7957);
#7959=CARTESIAN_POINT('',(5.E-1,-3.7E-1,6.E-1));
#7960=VERTEX_POINT('',#7959);
#7961=CARTESIAN_POINT('',(5.E-1,3.7E-1,6.E-1));
#7962=VERTEX_POINT('',#7961);
#7963=CARTESIAN_POINT('',(7.7E-1,-4.E-1,3.E-2));
#7964=VERTEX_POINT('',#7963);
#7965=CARTESIAN_POINT('',(7.7E-1,-4.E-1,5.7E-1));
#7966=VERTEX_POINT('',#7965);
#7967=CARTESIAN_POINT('',(8.E-1,-3.7E-1,5.7E-1));
#7968=CARTESIAN_POINT('',(8.E-1,3.7E-1,5.7E-1));
#7969=VERTEX_POINT('',#7967);
#7970=VERTEX_POINT('',#7968);
#7971=CARTESIAN_POINT('',(8.E-1,-3.7E-1,3.E-2));
#7972=VERTEX_POINT('',#7971);
#7973=CARTESIAN_POINT('',(8.E-1,3.7E-1,3.E-2));
#7974=VERTEX_POINT('',#7973);
#7975=CARTESIAN_POINT('',(7.7E-1,4.E-1,3.E-2));
#7976=CARTESIAN_POINT('',(7.7E-1,4.E-1,5.7E-1));
#7977=VERTEX_POINT('',#7975);
#7978=VERTEX_POINT('',#7976);
#7979=CARTESIAN_POINT('',(7.7E-1,3.7E-1,6.E-1));
#7980=CARTESIAN_POINT('',(7.7E-1,-3.7E-1,6.E-1));
#7981=VERTEX_POINT('',#7979);
#7982=VERTEX_POINT('',#7980);
#7983=CARTESIAN_POINT('',(7.7E-1,3.7E-1,0.E0));
#7984=VERTEX_POINT('',#7983);
#7985=CARTESIAN_POINT('',(7.7E-1,-3.7E-1,0.E0));
#7986=VERTEX_POINT('',#7985);
#7987=CARTESIAN_POINT('',(-5.E-1,3.7E-1,0.E0));
#7988=CARTESIAN_POINT('',(-5.E-1,-3.7E-1,0.E0));
#7989=VERTEX_POINT('',#7987);
#7990=VERTEX_POINT('',#7988);
#7991=CARTESIAN_POINT('',(-5.E-1,4.E-1,3.E-2));
#7992=VERTEX_POINT('',#7991);
#7993=CARTESIAN_POINT('',(-5.E-1,4.E-1,5.7E-1));
#7994=VERTEX_POINT('',#7993);
#7995=CARTESIAN_POINT('',(-5.E-1,3.7E-1,6.E-1));
#7996=VERTEX_POINT('',#7995);
#7997=CARTESIAN_POINT('',(-5.E-1,-3.7E-1,6.E-1));
#7998=VERTEX_POINT('',#7997);
#7999=CARTESIAN_POINT('',(-5.E-1,-4.E-1,5.7E-1));
#8000=VERTEX_POINT('',#7999);
#8001=CARTESIAN_POINT('',(-5.E-1,-4.E-1,3.E-2));
#8002=VERTEX_POINT('',#8001);
#8003=CARTESIAN_POINT('',(-7.7E-1,4.E-1,3.E-2));
#8004=VERTEX_POINT('',#8003);
#8005=CARTESIAN_POINT('',(-7.7E-1,4.E-1,5.7E-1));
#8006=VERTEX_POINT('',#8005);
#8007=CARTESIAN_POINT('',(-8.E-1,3.7E-1,5.7E-1));
#8008=CARTESIAN_POINT('',(-8.E-1,-3.7E-1,5.7E-1));
#8009=VERTEX_POINT('',#8007);
#8010=VERTEX_POINT('',#8008);
#8011=CARTESIAN_POINT('',(-8.E-1,3.7E-1,3.E-2));
#8012=VERTEX_POINT('',#8011);
#8013=CARTESIAN_POINT('',(-8.E-1,-3.7E-1,3.E-2));
#8014=VERTEX_POINT('',#8013);
#8015=CARTESIAN_POINT('',(-7.7E-1,-4.E-1,3.E-2));
#8016=CARTESIAN_POINT('',(-7.7E-1,-4.E-1,5.7E-1));
#8017=VERTEX_POINT('',#8015);
#8018=VERTEX_POINT('',#8016);
#8019=CARTESIAN_POINT('',(-7.7E-1,3.7E-1,6.E-1));
#8020=VERTEX_POINT('',#8019);
#8021=CARTESIAN_POINT('',(-7.7E-1,-3.7E-1,6.E-1));
#8022=VERTEX_POINT('',#8021);
#8023=CARTESIAN_POINT('',(-7.7E-1,3.7E-1,0.E0));
#8024=CARTESIAN_POINT('',(-7.7E-1,-3.7E-1,0.E0));
#8025=VERTEX_POINT('',#8023);
#8026=VERTEX_POINT('',#8024);
#8027=CARTESIAN_POINT('',(-5.E-1,3.8E-1,5.8E-1));
#8028=DIRECTION('',(0.E0,-1.E0,0.E0));
#8029=DIRECTION('',(0.E0,0.E0,-1.E0));
#8030=AXIS2_PLACEMENT_3D('',#8027,#8028,#8029);
#8031=PLANE('',#8030);
#8033=ORIENTED_EDGE('',*,*,#8032,.T.);
#8035=ORIENTED_EDGE('',*,*,#8034,.T.);
#8037=ORIENTED_EDGE('',*,*,#8036,.F.);
#8039=ORIENTED_EDGE('',*,*,#8038,.T.);
#8040=EDGE_LOOP('',(#8033,#8035,#8037,#8039));
#8041=FACE_OUTER_BOUND('',#8040,.F.);
#8042=ADVANCED_FACE('',(#8041),#8031,.F.);
#8043=FILL_AREA_STYLE_COLOUR('',#7200);
#8044=FILL_AREA_STYLE('',(#8043));
#8045=SURFACE_STYLE_FILL_AREA(#8044);
#8046=SURFACE_SIDE_STYLE('',(#8045));
#8047=SURFACE_STYLE_USAGE(.BOTH.,#8046);
#8048=PRESENTATION_STYLE_ASSIGNMENT((#8047));
#8049=OVER_RIDING_STYLED_ITEM('',(#8048),#8042,#7202);
#8050=CARTESIAN_POINT('',(5.E-1,4.E-1,6.E-1));
#8051=DIRECTION('',(1.E0,0.E0,0.E0));
#8052=DIRECTION('',(0.E0,1.E0,0.E0));
#8053=AXIS2_PLACEMENT_3D('',#8050,#8051,#8052);
#8054=PLANE('',#8053);
#8056=ORIENTED_EDGE('',*,*,#8055,.T.);
#8058=ORIENTED_EDGE('',*,*,#8057,.F.);
#8060=ORIENTED_EDGE('',*,*,#8059,.F.);
#8062=ORIENTED_EDGE('',*,*,#8061,.F.);
#8064=ORIENTED_EDGE('',*,*,#8063,.F.);
#8066=ORIENTED_EDGE('',*,*,#8065,.F.);
#8068=ORIENTED_EDGE('',*,*,#8067,.T.);
#8070=ORIENTED_EDGE('',*,*,#8069,.F.);
#8071=EDGE_LOOP('',(#8056,#8058,#8060,#8062,#8064,#8066,#8068,#8070));
#8072=FACE_OUTER_BOUND('',#8071,.F.);
#8074=ORIENTED_EDGE('',*,*,#8073,.F.);
#8076=ORIENTED_EDGE('',*,*,#8075,.F.);
#8077=ORIENTED_EDGE('',*,*,#8032,.F.);
#8079=ORIENTED_EDGE('',*,*,#8078,.F.);
#8081=ORIENTED_EDGE('',*,*,#8080,.T.);
#8083=ORIENTED_EDGE('',*,*,#8082,.F.);
#8085=ORIENTED_EDGE('',*,*,#8084,.T.);
#8087=ORIENTED_EDGE('',*,*,#8086,.F.);
#8088=EDGE_LOOP('',(#8074,#8076,#8077,#8079,#8081,#8083,#8085,#8087));
#8089=FACE_BOUND('',#8088,.F.);
#8090=ADVANCED_FACE('',(#8072,#8089),#8054,.F.);
#8091=FILL_AREA_STYLE_COLOUR('',#19);
#8092=FILL_AREA_STYLE('',(#8091));
#8093=SURFACE_STYLE_FILL_AREA(#8092);
#8094=SURFACE_SIDE_STYLE('',(#8093));
#8095=SURFACE_STYLE_USAGE(.BOTH.,#8094);
#8096=PRESENTATION_STYLE_ASSIGNMENT((#8095));
#8097=OVER_RIDING_STYLED_ITEM('',(#8096),#8090,#7202);
#8098=CARTESIAN_POINT('',(5.E-1,-3.8E-1,5.8E-1));
#8099=DIRECTION('',(0.E0,0.E0,1.E0));
#8100=DIRECTION('',(1.E0,0.E0,0.E0));
#8101=AXIS2_PLACEMENT_3D('',#8098,#8099,#8100);
#8102=PLANE('',#8101);
#8103=ORIENTED_EDGE('',*,*,#8073,.T.);
#8105=ORIENTED_EDGE('',*,*,#8104,.T.);
#8107=ORIENTED_EDGE('',*,*,#8106,.T.);
#8109=ORIENTED_EDGE('',*,*,#8108,.T.);
#8110=EDGE_LOOP('',(#8103,#8105,#8107,#8109));
#8111=FACE_OUTER_BOUND('',#8110,.F.);
#8112=ADVANCED_FACE('',(#8111),#8102,.T.);
#8113=FILL_AREA_STYLE_COLOUR('',#7200);
#8114=FILL_AREA_STYLE('',(#8113));
#8115=SURFACE_STYLE_FILL_AREA(#8114);
#8116=SURFACE_SIDE_STYLE('',(#8115));
#8117=SURFACE_STYLE_USAGE(.BOTH.,#8116);
#8118=PRESENTATION_STYLE_ASSIGNMENT((#8117));
#8119=OVER_RIDING_STYLED_ITEM('',(#8118),#8112,#7202);
#8120=CARTESIAN_POINT('',(5.E-1,-3.4E-1,5.4E-1));
#8121=DIRECTION('',(-1.E0,0.E0,0.E0));
#8122=DIRECTION('',(0.E0,0.E0,1.E0));
#8123=AXIS2_PLACEMENT_3D('',#8120,#8121,#8122);
#8124=CYLINDRICAL_SURFACE('',#8123,4.E-2);
#8126=ORIENTED_EDGE('',*,*,#8125,.T.);
#8127=ORIENTED_EDGE('',*,*,#8104,.F.);
#8128=ORIENTED_EDGE('',*,*,#8086,.T.);
#8130=ORIENTED_EDGE('',*,*,#8129,.F.);
#8131=EDGE_LOOP('',(#8126,#8127,#8128,#8130));
#8132=FACE_OUTER_BOUND('',#8131,.F.);
#8133=ADVANCED_FACE('',(#8132),#8124,.T.);
#8134=FILL_AREA_STYLE_COLOUR('',#7200);
#8135=FILL_AREA_STYLE('',(#8134));
#8136=SURFACE_STYLE_FILL_AREA(#8135);
#8137=SURFACE_SIDE_STYLE('',(#8136));
#8138=SURFACE_STYLE_USAGE(.BOTH.,#8137);
#8139=PRESENTATION_STYLE_ASSIGNMENT((#8138));
#8140=OVER_RIDING_STYLED_ITEM('',(#8139),#8133,#7202);
#8141=CARTESIAN_POINT('',(-5.E-1,4.E-1,6.E-1));
#8142=DIRECTION('',(-1.E0,0.E0,0.E0));
#8143=DIRECTION('',(0.E0,0.E0,1.E0));
#8144=AXIS2_PLACEMENT_3D('',#8141,#8142,#8143);
#8145=PLANE('',#8144);
#8147=ORIENTED_EDGE('',*,*,#8146,.T.);
#8149=ORIENTED_EDGE('',*,*,#8148,.F.);
#8151=ORIENTED_EDGE('',*,*,#8150,.T.);
#8153=ORIENTED_EDGE('',*,*,#8152,.F.);
#8155=ORIENTED_EDGE('',*,*,#8154,.F.);
#8157=ORIENTED_EDGE('',*,*,#8156,.F.);
#8159=ORIENTED_EDGE('',*,*,#8158,.F.);
#8161=ORIENTED_EDGE('',*,*,#8160,.F.);
#8162=EDGE_LOOP('',(#8147,#8149,#8151,#8153,#8155,#8157,#8159,#8161));
#8163=FACE_OUTER_BOUND('',#8162,.F.);
#8164=ORIENTED_EDGE('',*,*,#8106,.F.);
#8165=ORIENTED_EDGE('',*,*,#8125,.F.);
#8167=ORIENTED_EDGE('',*,*,#8166,.F.);
#8169=ORIENTED_EDGE('',*,*,#8168,.F.);
#8171=ORIENTED_EDGE('',*,*,#8170,.T.);
#8173=ORIENTED_EDGE('',*,*,#8172,.F.);
#8174=ORIENTED_EDGE('',*,*,#8036,.T.);
#8176=ORIENTED_EDGE('',*,*,#8175,.F.);
#8177=EDGE_LOOP('',(#8164,#8165,#8167,#8169,#8171,#8173,#8174,#8176));
#8178=FACE_BOUND('',#8177,.F.);
#8179=ADVANCED_FACE('',(#8163,#8178),#8145,.F.);
#8180=FILL_AREA_STYLE_COLOUR('',#19);
#8181=FILL_AREA_STYLE('',(#8180));
#8182=SURFACE_STYLE_FILL_AREA(#8181);
#8183=SURFACE_SIDE_STYLE('',(#8182));
#8184=SURFACE_STYLE_USAGE(.BOTH.,#8183);
#8185=PRESENTATION_STYLE_ASSIGNMENT((#8184));
#8186=OVER_RIDING_STYLED_ITEM('',(#8185),#8179,#7202);
#8187=CARTESIAN_POINT('',(-5.E-1,-3.8E-1,5.8E-1));
#8188=DIRECTION('',(0.E0,1.E0,0.E0));
#8189=DIRECTION('',(0.E0,0.E0,1.E0));
#8190=AXIS2_PLACEMENT_3D('',#8187,#8188,#8189);
#8191=PLANE('',#8190);
#8192=ORIENTED_EDGE('',*,*,#8166,.T.);
#8193=ORIENTED_EDGE('',*,*,#8129,.T.);
#8194=ORIENTED_EDGE('',*,*,#8084,.F.);
#8196=ORIENTED_EDGE('',*,*,#8195,.T.);
#8197=EDGE_LOOP('',(#8192,#8193,#8194,#8196));
#8198=FACE_OUTER_BOUND('',#8197,.F.);
#8199=ADVANCED_FACE('',(#8198),#8191,.F.);
#8200=FILL_AREA_STYLE_COLOUR('',#7200);
#8201=FILL_AREA_STYLE('',(#8200));
#8202=SURFACE_STYLE_FILL_AREA(#8201);
#8203=SURFACE_SIDE_STYLE('',(#8202));
#8204=SURFACE_STYLE_USAGE(.BOTH.,#8203);
#8205=PRESENTATION_STYLE_ASSIGNMENT((#8204));
#8206=OVER_RIDING_STYLED_ITEM('',(#8205),#8199,#7202);
#8207=CARTESIAN_POINT('',(-5.E-1,-3.4E-1,6.E-2));
#8208=DIRECTION('',(1.E0,0.E0,0.E0));
#8209=DIRECTION('',(0.E0,0.E0,-1.E0));
#8210=AXIS2_PLACEMENT_3D('',#8207,#8208,#8209);
#8211=CYLINDRICAL_SURFACE('',#8210,4.E-2);
#8212=ORIENTED_EDGE('',*,*,#8168,.T.);
#8213=ORIENTED_EDGE('',*,*,#8195,.F.);
#8214=ORIENTED_EDGE('',*,*,#8082,.T.);
#8216=ORIENTED_EDGE('',*,*,#8215,.F.);
#8217=EDGE_LOOP('',(#8212,#8213,#8214,#8216));
#8218=FACE_OUTER_BOUND('',#8217,.F.);
#8219=ADVANCED_FACE('',(#8218),#8211,.T.);
#8220=FILL_AREA_STYLE_COLOUR('',#7200);
#8221=FILL_AREA_STYLE('',(#8220));
#8222=SURFACE_STYLE_FILL_AREA(#8221);
#8223=SURFACE_SIDE_STYLE('',(#8222));
#8224=SURFACE_STYLE_USAGE(.BOTH.,#8223);
#8225=PRESENTATION_STYLE_ASSIGNMENT((#8224));
#8226=OVER_RIDING_STYLED_ITEM('',(#8225),#8219,#7202);
#8227=CARTESIAN_POINT('',(5.E-1,-3.8E-1,2.E-2));
#8228=DIRECTION('',(0.E0,0.E0,1.E0));
#8229=DIRECTION('',(1.E0,0.E0,0.E0));
#8230=AXIS2_PLACEMENT_3D('',#8227,#8228,#8229);
#8231=PLANE('',#8230);
#8232=ORIENTED_EDGE('',*,*,#8170,.F.);
#8233=ORIENTED_EDGE('',*,*,#8215,.T.);
#8234=ORIENTED_EDGE('',*,*,#8080,.F.);
#8236=ORIENTED_EDGE('',*,*,#8235,.T.);
#8237=EDGE_LOOP('',(#8232,#8233,#8234,#8236));
#8238=FACE_OUTER_BOUND('',#8237,.F.);
#8239=ADVANCED_FACE('',(#8238),#8231,.F.);
#8240=FILL_AREA_STYLE_COLOUR('',#7200);
#8241=FILL_AREA_STYLE('',(#8240));
#8242=SURFACE_STYLE_FILL_AREA(#8241);
#8243=SURFACE_SIDE_STYLE('',(#8242));
#8244=SURFACE_STYLE_USAGE(.BOTH.,#8243);
#8245=PRESENTATION_STYLE_ASSIGNMENT((#8244));
#8246=OVER_RIDING_STYLED_ITEM('',(#8245),#8239,#7202);
#8247=CARTESIAN_POINT('',(-5.E-1,3.4E-1,6.E-2));
#8248=DIRECTION('',(-1.E0,0.E0,0.E0));
#8249=DIRECTION('',(0.E0,0.E0,1.E0));
#8250=AXIS2_PLACEMENT_3D('',#8247,#8248,#8249);
#8251=CYLINDRICAL_SURFACE('',#8250,4.E-2);
#8252=ORIENTED_EDGE('',*,*,#8078,.T.);
#8253=ORIENTED_EDGE('',*,*,#8038,.F.);
#8254=ORIENTED_EDGE('',*,*,#8172,.T.);
#8255=ORIENTED_EDGE('',*,*,#8235,.F.);
#8256=EDGE_LOOP('',(#8252,#8253,#8254,#8255));
#8257=FACE_OUTER_BOUND('',#8256,.F.);
#8258=ADVANCED_FACE('',(#8257),#8251,.T.);
#8259=FILL_AREA_STYLE_COLOUR('',#7200);
#8260=FILL_AREA_STYLE('',(#8259));
#8261=SURFACE_STYLE_FILL_AREA(#8260);
#8262=SURFACE_SIDE_STYLE('',(#8261));
#8263=SURFACE_STYLE_USAGE(.BOTH.,#8262);
#8264=PRESENTATION_STYLE_ASSIGNMENT((#8263));
#8265=OVER_RIDING_STYLED_ITEM('',(#8264),#8258,#7202);
#8266=CARTESIAN_POINT('',(5.E-1,3.4E-1,5.4E-1));
#8267=DIRECTION('',(1.E0,0.E0,0.E0));
#8268=DIRECTION('',(0.E0,0.E0,-1.E0));
#8269=AXIS2_PLACEMENT_3D('',#8266,#8267,#8268);
#8270=CYLINDRICAL_SURFACE('',#8269,4.E-2);
#8271=ORIENTED_EDGE('',*,*,#8075,.T.);
#8272=ORIENTED_EDGE('',*,*,#8108,.F.);
#8273=ORIENTED_EDGE('',*,*,#8175,.T.);
#8274=ORIENTED_EDGE('',*,*,#8034,.F.);
#8275=EDGE_LOOP('',(#8271,#8272,#8273,#8274));
#8276=FACE_OUTER_BOUND('',#8275,.F.);
#8277=ADVANCED_FACE('',(#8276),#8270,.T.);
#8278=FILL_AREA_STYLE_COLOUR('',#7200);
#8279=FILL_AREA_STYLE('',(#8278));
#8280=SURFACE_STYLE_FILL_AREA(#8279);
#8281=SURFACE_SIDE_STYLE('',(#8280));
#8282=SURFACE_STYLE_USAGE(.BOTH.,#8281);
#8283=PRESENTATION_STYLE_ASSIGNMENT((#8282));
#8284=OVER_RIDING_STYLED_ITEM('',(#8283),#8277,#7202);
#8285=CARTESIAN_POINT('',(-5.E-1,-4.E-1,0.E0));
#8286=DIRECTION('',(0.E0,0.E0,1.E0));
#8287=DIRECTION('',(1.E0,0.E0,0.E0));
#8288=AXIS2_PLACEMENT_3D('',#8285,#8286,#8287);
#8289=PLANE('',#8288);
#8291=ORIENTED_EDGE('',*,*,#8290,.T.);
#8293=ORIENTED_EDGE('',*,*,#8292,.T.);
#8294=ORIENTED_EDGE('',*,*,#8146,.F.);
#8296=ORIENTED_EDGE('',*,*,#8295,.T.);
#8297=EDGE_LOOP('',(#8291,#8293,#8294,#8296));
#8298=FACE_OUTER_BOUND('',#8297,.F.);
#8299=ADVANCED_FACE('',(#8298),#8289,.F.);
#8300=FILL_AREA_STYLE_COLOUR('',#19);
#8301=FILL_AREA_STYLE('',(#8300));
#8302=SURFACE_STYLE_FILL_AREA(#8301);
#8303=SURFACE_SIDE_STYLE('',(#8302));
#8304=SURFACE_STYLE_USAGE(.BOTH.,#8303);
#8305=PRESENTATION_STYLE_ASSIGNMENT((#8304));
#8306=OVER_RIDING_STYLED_ITEM('',(#8305),#8299,#7202);
#8307=CARTESIAN_POINT('',(-7.7E-1,4.E-1,3.E-2));
#8308=DIRECTION('',(0.E0,-1.E0,0.E0));
#8309=DIRECTION('',(0.E0,0.E0,-1.E0));
#8310=AXIS2_PLACEMENT_3D('',#8307,#8308,#8309);
#8311=CYLINDRICAL_SURFACE('',#8310,3.E-2);
#8313=ORIENTED_EDGE('',*,*,#8312,.T.);
#8314=ORIENTED_EDGE('',*,*,#8290,.F.);
#8316=ORIENTED_EDGE('',*,*,#8315,.T.);
#8318=ORIENTED_EDGE('',*,*,#8317,.F.);
#8319=EDGE_LOOP('',(#8313,#8314,#8316,#8318));
#8320=FACE_OUTER_BOUND('',#8319,.F.);
#8321=ADVANCED_FACE('',(#8320),#8311,.T.);
#8322=FILL_AREA_STYLE_COLOUR('',#19);
#8323=FILL_AREA_STYLE('',(#8322));
#8324=SURFACE_STYLE_FILL_AREA(#8323);
#8325=SURFACE_SIDE_STYLE('',(#8324));
#8326=SURFACE_STYLE_USAGE(.BOTH.,#8325);
#8327=PRESENTATION_STYLE_ASSIGNMENT((#8326));
#8328=OVER_RIDING_STYLED_ITEM('',(#8327),#8321,#7202);
#8329=CARTESIAN_POINT('',(-7.7E-1,-3.7E-1,3.E-2));
#8330=DIRECTION('',(0.E0,1.E0,0.E0));
#8331=DIRECTION('',(1.E0,0.E0,0.E0));
#8332=AXIS2_PLACEMENT_3D('',#8329,#8330,#8331);
#8333=SPHERICAL_SURFACE('',#8332,3.E-2);
#8335=ORIENTED_EDGE('',*,*,#8334,.F.);
#8336=ORIENTED_EDGE('',*,*,#8312,.F.);
#8338=ORIENTED_EDGE('',*,*,#8337,.F.);
#8339=EDGE_LOOP('',(#8335,#8336,#8338));
#8340=FACE_OUTER_BOUND('',#8339,.F.);
#8341=ADVANCED_FACE('',(#8340),#8333,.T.);
#8342=FILL_AREA_STYLE_COLOUR('',#19);
#8343=FILL_AREA_STYLE('',(#8342));
#8344=SURFACE_STYLE_FILL_AREA(#8343);
#8345=SURFACE_SIDE_STYLE('',(#8344));
#8346=SURFACE_STYLE_USAGE(.BOTH.,#8345);
#8347=PRESENTATION_STYLE_ASSIGNMENT((#8346));
#8348=OVER_RIDING_STYLED_ITEM('',(#8347),#8341,#7202);
#8349=CARTESIAN_POINT('',(-8.E-1,-3.7E-1,3.E-2));
#8350=DIRECTION('',(1.E0,0.E0,0.E0));
#8351=DIRECTION('',(0.E0,0.E0,-1.E0));
#8352=AXIS2_PLACEMENT_3D('',#8349,#8350,#8351);
#8353=CYLINDRICAL_SURFACE('',#8352,3.E-2);
#8354=ORIENTED_EDGE('',*,*,#8148,.T.);
#8355=ORIENTED_EDGE('',*,*,#8292,.F.);
#8356=ORIENTED_EDGE('',*,*,#8334,.T.);
#8358=ORIENTED_EDGE('',*,*,#8357,.F.);
#8359=EDGE_LOOP('',(#8354,#8355,#8356,#8358));
#8360=FACE_OUTER_BOUND('',#8359,.F.);
#8361=ADVANCED_FACE('',(#8360),#8353,.T.);
#8362=FILL_AREA_STYLE_COLOUR('',#19);
#8363=FILL_AREA_STYLE('',(#8362));
#8364=SURFACE_STYLE_FILL_AREA(#8363);
#8365=SURFACE_SIDE_STYLE('',(#8364));
#8366=SURFACE_STYLE_USAGE(.BOTH.,#8365);
#8367=PRESENTATION_STYLE_ASSIGNMENT((#8366));
#8368=OVER_RIDING_STYLED_ITEM('',(#8367),#8361,#7202);
#8369=CARTESIAN_POINT('',(-8.E-1,-4.E-1,6.E-1));
#8370=DIRECTION('',(0.E0,1.E0,0.E0));
#8371=DIRECTION('',(0.E0,0.E0,1.E0));
#8372=AXIS2_PLACEMENT_3D('',#8369,#8370,#8371);
#8373=PLANE('',#8372);
#8375=ORIENTED_EDGE('',*,*,#8374,.T.);
#8377=ORIENTED_EDGE('',*,*,#8376,.T.);
#8378=ORIENTED_EDGE('',*,*,#8150,.F.);
#8379=ORIENTED_EDGE('',*,*,#8357,.T.);
#8380=EDGE_LOOP('',(#8375,#8377,#8378,#8379));
#8381=FACE_OUTER_BOUND('',#8380,.F.);
#8382=ADVANCED_FACE('',(#8381),#8373,.F.);
#8383=FILL_AREA_STYLE_COLOUR('',#19);
#8384=FILL_AREA_STYLE('',(#8383));
#8385=SURFACE_STYLE_FILL_AREA(#8384);
#8386=SURFACE_SIDE_STYLE('',(#8385));
#8387=SURFACE_STYLE_USAGE(.BOTH.,#8386);
#8388=PRESENTATION_STYLE_ASSIGNMENT((#8387));
#8389=OVER_RIDING_STYLED_ITEM('',(#8388),#8382,#7202);
#8390=CARTESIAN_POINT('',(-7.7E-1,-3.7E-1,6.E-1));
#8391=DIRECTION('',(0.E0,0.E0,-1.E0));
#8392=DIRECTION('',(-1.E0,0.E0,0.E0));
#8393=AXIS2_PLACEMENT_3D('',#8390,#8391,#8392);
#8394=CYLINDRICAL_SURFACE('',#8393,3.E-2);
#8395=ORIENTED_EDGE('',*,*,#8337,.T.);
#8397=ORIENTED_EDGE('',*,*,#8396,.F.);
#8399=ORIENTED_EDGE('',*,*,#8398,.T.);
#8400=ORIENTED_EDGE('',*,*,#8374,.F.);
#8401=EDGE_LOOP('',(#8395,#8397,#8399,#8400));
#8402=FACE_OUTER_BOUND('',#8401,.F.);
#8403=ADVANCED_FACE('',(#8402),#8394,.T.);
#8404=FILL_AREA_STYLE_COLOUR('',#19);
#8405=FILL_AREA_STYLE('',(#8404));
#8406=SURFACE_STYLE_FILL_AREA(#8405);
#8407=SURFACE_SIDE_STYLE('',(#8406));
#8408=SURFACE_STYLE_USAGE(.BOTH.,#8407);
#8409=PRESENTATION_STYLE_ASSIGNMENT((#8408));
#8410=OVER_RIDING_STYLED_ITEM('',(#8409),#8403,#7202);
#8411=CARTESIAN_POINT('',(-8.E-1,4.E-1,6.E-1));
#8412=DIRECTION('',(1.E0,0.E0,0.E0));
#8413=DIRECTION('',(0.E0,0.E0,-1.E0));
#8414=AXIS2_PLACEMENT_3D('',#8411,#8412,#8413);
#8415=PLANE('',#8414);
#8417=ORIENTED_EDGE('',*,*,#8416,.T.);
#8418=ORIENTED_EDGE('',*,*,#8396,.T.);
#8419=ORIENTED_EDGE('',*,*,#8317,.T.);
#8421=ORIENTED_EDGE('',*,*,#8420,.T.);
#8422=EDGE_LOOP('',(#8417,#8418,#8419,#8421));
#8423=FACE_OUTER_BOUND('',#8422,.F.);
#8424=ADVANCED_FACE('',(#8423),#8415,.F.);
#8425=FILL_AREA_STYLE_COLOUR('',#19);
#8426=FILL_AREA_STYLE('',(#8425));
#8427=SURFACE_STYLE_FILL_AREA(#8426);
#8428=SURFACE_SIDE_STYLE('',(#8427));
#8429=SURFACE_STYLE_USAGE(.BOTH.,#8428);
#8430=PRESENTATION_STYLE_ASSIGNMENT((#8429));
#8431=OVER_RIDING_STYLED_ITEM('',(#8430),#8424,#7202);
#8432=CARTESIAN_POINT('',(-7.7E-1,-4.E-1,5.7E-1));
#8433=DIRECTION('',(0.E0,1.E0,0.E0));
#8434=DIRECTION('',(0.E0,0.E0,1.E0));
#8435=AXIS2_PLACEMENT_3D('',#8432,#8433,#8434);
#8436=CYLINDRICAL_SURFACE('',#8435,3.E-2);
#8438=ORIENTED_EDGE('',*,*,#8437,.T.);
#8439=ORIENTED_EDGE('',*,*,#8416,.F.);
#8441=ORIENTED_EDGE('',*,*,#8440,.T.);
#8443=ORIENTED_EDGE('',*,*,#8442,.F.);
#8444=EDGE_LOOP('',(#8438,#8439,#8441,#8443));
#8445=FACE_OUTER_BOUND('',#8444,.F.);
#8446=ADVANCED_FACE('',(#8445),#8436,.T.);
#8447=FILL_AREA_STYLE_COLOUR('',#19);
#8448=FILL_AREA_STYLE('',(#8447));
#8449=SURFACE_STYLE_FILL_AREA(#8448);
#8450=SURFACE_SIDE_STYLE('',(#8449));
#8451=SURFACE_STYLE_USAGE(.BOTH.,#8450);
#8452=PRESENTATION_STYLE_ASSIGNMENT((#8451));
#8453=OVER_RIDING_STYLED_ITEM('',(#8452),#8446,#7202);
#8454=CARTESIAN_POINT('',(-7.7E-1,-3.7E-1,5.7E-1));
#8455=DIRECTION('',(0.E0,1.E0,0.E0));
#8456=DIRECTION('',(1.E0,0.E0,0.E0));
#8457=AXIS2_PLACEMENT_3D('',#8454,#8455,#8456);
#8458=SPHERICAL_SURFACE('',#8457,3.E-2);
#8459=ORIENTED_EDGE('',*,*,#8398,.F.);
#8460=ORIENTED_EDGE('',*,*,#8437,.F.);
#8462=ORIENTED_EDGE('',*,*,#8461,.F.);
#8463=EDGE_LOOP('',(#8459,#8460,#8462));
#8464=FACE_OUTER_BOUND('',#8463,.F.);
#8465=ADVANCED_FACE('',(#8464),#8458,.T.);
#8466=FILL_AREA_STYLE_COLOUR('',#19);
#8467=FILL_AREA_STYLE('',(#8466));
#8468=SURFACE_STYLE_FILL_AREA(#8467);
#8469=SURFACE_SIDE_STYLE('',(#8468));
#8470=SURFACE_STYLE_USAGE(.BOTH.,#8469);
#8471=PRESENTATION_STYLE_ASSIGNMENT((#8470));
#8472=OVER_RIDING_STYLED_ITEM('',(#8471),#8465,#7202);
#8473=CARTESIAN_POINT('',(-5.E-1,-3.7E-1,5.7E-1));
#8474=DIRECTION('',(-1.E0,0.E0,0.E0));
#8475=DIRECTION('',(0.E0,0.E0,1.E0));
#8476=AXIS2_PLACEMENT_3D('',#8473,#8474,#8475);
#8477=CYLINDRICAL_SURFACE('',#8476,3.E-2);
#8478=ORIENTED_EDGE('',*,*,#8152,.T.);
#8479=ORIENTED_EDGE('',*,*,#8376,.F.);
#8480=ORIENTED_EDGE('',*,*,#8461,.T.);
#8482=ORIENTED_EDGE('',*,*,#8481,.F.);
#8483=EDGE_LOOP('',(#8478,#8479,#8480,#8482));
#8484=FACE_OUTER_BOUND('',#8483,.F.);
#8485=ADVANCED_FACE('',(#8484),#8477,.T.);
#8486=FILL_AREA_STYLE_COLOUR('',#19);
#8487=FILL_AREA_STYLE('',(#8486));
#8488=SURFACE_STYLE_FILL_AREA(#8487);
#8489=SURFACE_SIDE_STYLE('',(#8488));
#8490=SURFACE_STYLE_USAGE(.BOTH.,#8489);
#8491=PRESENTATION_STYLE_ASSIGNMENT((#8490));
#8492=OVER_RIDING_STYLED_ITEM('',(#8491),#8485,#7202);
#8493=CARTESIAN_POINT('',(-5.E-1,-4.E-1,6.E-1));
#8494=DIRECTION('',(0.E0,0.E0,1.E0));
#8495=DIRECTION('',(1.E0,0.E0,0.E0));
#8496=AXIS2_PLACEMENT_3D('',#8493,#8494,#8495);
#8497=PLANE('',#8496);
#8498=ORIENTED_EDGE('',*,*,#8154,.T.);
#8499=ORIENTED_EDGE('',*,*,#8481,.T.);
#8500=ORIENTED_EDGE('',*,*,#8442,.T.);
#8502=ORIENTED_EDGE('',*,*,#8501,.T.);
#8503=EDGE_LOOP('',(#8498,#8499,#8500,#8502));
#8504=FACE_OUTER_BOUND('',#8503,.F.);
#8505=ADVANCED_FACE('',(#8504),#8497,.T.);
#8506=FILL_AREA_STYLE_COLOUR('',#19);
#8507=FILL_AREA_STYLE('',(#8506));
#8508=SURFACE_STYLE_FILL_AREA(#8507);
#8509=SURFACE_SIDE_STYLE('',(#8508));
#8510=SURFACE_STYLE_USAGE(.BOTH.,#8509);
#8511=PRESENTATION_STYLE_ASSIGNMENT((#8510));
#8512=OVER_RIDING_STYLED_ITEM('',(#8511),#8505,#7202);
#8513=CARTESIAN_POINT('',(-5.E-1,3.7E-1,5.7E-1));
#8514=DIRECTION('',(1.E0,0.E0,0.E0));
#8515=DIRECTION('',(0.E0,0.E0,-1.E0));
#8516=AXIS2_PLACEMENT_3D('',#8513,#8514,#8515);
#8517=CYLINDRICAL_SURFACE('',#8516,3.E-2);
#8518=ORIENTED_EDGE('',*,*,#8156,.T.);
#8519=ORIENTED_EDGE('',*,*,#8501,.F.);
#8521=ORIENTED_EDGE('',*,*,#8520,.T.);
#8523=ORIENTED_EDGE('',*,*,#8522,.F.);
#8524=EDGE_LOOP('',(#8518,#8519,#8521,#8523));
#8525=FACE_OUTER_BOUND('',#8524,.F.);
#8526=ADVANCED_FACE('',(#8525),#8517,.T.);
#8527=FILL_AREA_STYLE_COLOUR('',#19);
#8528=FILL_AREA_STYLE('',(#8527));
#8529=SURFACE_STYLE_FILL_AREA(#8528);
#8530=SURFACE_SIDE_STYLE('',(#8529));
#8531=SURFACE_STYLE_USAGE(.BOTH.,#8530);
#8532=PRESENTATION_STYLE_ASSIGNMENT((#8531));
#8533=OVER_RIDING_STYLED_ITEM('',(#8532),#8526,#7202);
#8534=CARTESIAN_POINT('',(-7.7E-1,3.7E-1,5.7E-1));
#8535=DIRECTION('',(0.E0,1.E0,0.E0));
#8536=DIRECTION('',(1.E0,0.E0,0.E0));
#8537=AXIS2_PLACEMENT_3D('',#8534,#8535,#8536);
#8538=SPHERICAL_SURFACE('',#8537,3.E-2);
#8539=ORIENTED_EDGE('',*,*,#8440,.F.);
#8541=ORIENTED_EDGE('',*,*,#8540,.F.);
#8542=ORIENTED_EDGE('',*,*,#8520,.F.);
#8543=EDGE_LOOP('',(#8539,#8541,#8542));
#8544=FACE_OUTER_BOUND('',#8543,.F.);
#8545=ADVANCED_FACE('',(#8544),#8538,.T.);
#8546=FILL_AREA_STYLE_COLOUR('',#19);
#8547=FILL_AREA_STYLE('',(#8546));
#8548=SURFACE_STYLE_FILL_AREA(#8547);
#8549=SURFACE_SIDE_STYLE('',(#8548));
#8550=SURFACE_STYLE_USAGE(.BOTH.,#8549);
#8551=PRESENTATION_STYLE_ASSIGNMENT((#8550));
#8552=OVER_RIDING_STYLED_ITEM('',(#8551),#8545,#7202);
#8553=CARTESIAN_POINT('',(-7.7E-1,3.7E-1,6.E-1));
#8554=DIRECTION('',(0.E0,0.E0,-1.E0));
#8555=DIRECTION('',(-1.E0,0.E0,0.E0));
#8556=AXIS2_PLACEMENT_3D('',#8553,#8554,#8555);
#8557=CYLINDRICAL_SURFACE('',#8556,3.E-2);
#8558=ORIENTED_EDGE('',*,*,#8540,.T.);
#8559=ORIENTED_EDGE('',*,*,#8420,.F.);
#8561=ORIENTED_EDGE('',*,*,#8560,.T.);
#8563=ORIENTED_EDGE('',*,*,#8562,.F.);
#8564=EDGE_LOOP('',(#8558,#8559,#8561,#8563));
#8565=FACE_OUTER_BOUND('',#8564,.F.);
#8566=ADVANCED_FACE('',(#8565),#8557,.T.);
#8567=FILL_AREA_STYLE_COLOUR('',#19);
#8568=FILL_AREA_STYLE('',(#8567));
#8569=SURFACE_STYLE_FILL_AREA(#8568);
#8570=SURFACE_SIDE_STYLE('',(#8569));
#8571=SURFACE_STYLE_USAGE(.BOTH.,#8570);
#8572=PRESENTATION_STYLE_ASSIGNMENT((#8571));
#8573=OVER_RIDING_STYLED_ITEM('',(#8572),#8566,#7202);
#8574=CARTESIAN_POINT('',(-7.7E-1,3.7E-1,3.E-2));
#8575=DIRECTION('',(0.E0,1.E0,0.E0));
#8576=DIRECTION('',(1.E0,0.E0,0.E0));
#8577=AXIS2_PLACEMENT_3D('',#8574,#8575,#8576);
#8578=SPHERICAL_SURFACE('',#8577,3.E-2);
#8580=ORIENTED_EDGE('',*,*,#8579,.F.);
#8581=ORIENTED_EDGE('',*,*,#8560,.F.);
#8582=ORIENTED_EDGE('',*,*,#8315,.F.);
#8583=EDGE_LOOP('',(#8580,#8581,#8582));
#8584=FACE_OUTER_BOUND('',#8583,.F.);
#8585=ADVANCED_FACE('',(#8584),#8578,.T.);
#8586=FILL_AREA_STYLE_COLOUR('',#19);
#8587=FILL_AREA_STYLE('',(#8586));
#8588=SURFACE_STYLE_FILL_AREA(#8587);
#8589=SURFACE_SIDE_STYLE('',(#8588));
#8590=SURFACE_STYLE_USAGE(.BOTH.,#8589);
#8591=PRESENTATION_STYLE_ASSIGNMENT((#8590));
#8592=OVER_RIDING_STYLED_ITEM('',(#8591),#8585,#7202);
#8593=CARTESIAN_POINT('',(-8.E-1,3.7E-1,3.E-2));
#8594=DIRECTION('',(-1.E0,0.E0,0.E0));
#8595=DIRECTION('',(0.E0,0.E0,1.E0));
#8596=AXIS2_PLACEMENT_3D('',#8593,#8594,#8595);
#8597=CYLINDRICAL_SURFACE('',#8596,3.E-2);
#8598=ORIENTED_EDGE('',*,*,#8160,.T.);
#8600=ORIENTED_EDGE('',*,*,#8599,.F.);
#8601=ORIENTED_EDGE('',*,*,#8579,.T.);
#8602=ORIENTED_EDGE('',*,*,#8295,.F.);
#8603=EDGE_LOOP('',(#8598,#8600,#8601,#8602));
#8604=FACE_OUTER_BOUND('',#8603,.F.);
#8605=ADVANCED_FACE('',(#8604),#8597,.T.);
#8606=FILL_AREA_STYLE_COLOUR('',#19);
#8607=FILL_AREA_STYLE('',(#8606));
#8608=SURFACE_STYLE_FILL_AREA(#8607);
#8609=SURFACE_SIDE_STYLE('',(#8608));
#8610=SURFACE_STYLE_USAGE(.BOTH.,#8609);
#8611=PRESENTATION_STYLE_ASSIGNMENT((#8610));
#8612=OVER_RIDING_STYLED_ITEM('',(#8611),#8605,#7202);
#8613=CARTESIAN_POINT('',(-8.E-1,4.E-1,6.E-1));
#8614=DIRECTION('',(0.E0,-1.E0,0.E0));
#8615=DIRECTION('',(0.E0,0.E0,-1.E0));
#8616=AXIS2_PLACEMENT_3D('',#8613,#8614,#8615);
#8617=PLANE('',#8616);
#8618=ORIENTED_EDGE('',*,*,#8158,.T.);
#8619=ORIENTED_EDGE('',*,*,#8522,.T.);
#8620=ORIENTED_EDGE('',*,*,#8562,.T.);
#8621=ORIENTED_EDGE('',*,*,#8599,.T.);
#8622=EDGE_LOOP('',(#8618,#8619,#8620,#8621));
#8623=FACE_OUTER_BOUND('',#8622,.F.);
#8624=ADVANCED_FACE('',(#8623),#8617,.F.);
#8625=FILL_AREA_STYLE_COLOUR('',#19);
#8626=FILL_AREA_STYLE('',(#8625));
#8627=SURFACE_STYLE_FILL_AREA(#8626);
#8628=SURFACE_SIDE_STYLE('',(#8627));
#8629=SURFACE_STYLE_USAGE(.BOTH.,#8628);
#8630=PRESENTATION_STYLE_ASSIGNMENT((#8629));
#8631=OVER_RIDING_STYLED_ITEM('',(#8630),#8624,#7202);
#8632=CARTESIAN_POINT('',(8.E-1,4.E-1,6.E-1));
#8633=DIRECTION('',(0.E0,-1.E0,0.E0));
#8634=DIRECTION('',(1.E0,0.E0,0.E0));
#8635=AXIS2_PLACEMENT_3D('',#8632,#8633,#8634);
#8636=PLANE('',#8635);
#8638=ORIENTED_EDGE('',*,*,#8637,.T.);
#8640=ORIENTED_EDGE('',*,*,#8639,.T.);
#8641=ORIENTED_EDGE('',*,*,#8055,.F.);
#8643=ORIENTED_EDGE('',*,*,#8642,.T.);
#8644=EDGE_LOOP('',(#8638,#8640,#8641,#8643));
#8645=FACE_OUTER_BOUND('',#8644,.F.);
#8646=ADVANCED_FACE('',(#8645),#8636,.F.);
#8647=FILL_AREA_STYLE_COLOUR('',#19);
#8648=FILL_AREA_STYLE('',(#8647));
#8649=SURFACE_STYLE_FILL_AREA(#8648);
#8650=SURFACE_SIDE_STYLE('',(#8649));
#8651=SURFACE_STYLE_USAGE(.BOTH.,#8650);
#8652=PRESENTATION_STYLE_ASSIGNMENT((#8651));
#8653=OVER_RIDING_STYLED_ITEM('',(#8652),#8646,#7202);
#8654=CARTESIAN_POINT('',(7.7E-1,3.7E-1,6.E-1));
#8655=DIRECTION('',(0.E0,0.E0,-1.E0));
#8656=DIRECTION('',(-1.E0,0.E0,0.E0));
#8657=AXIS2_PLACEMENT_3D('',#8654,#8655,#8656);
#8658=CYLINDRICAL_SURFACE('',#8657,3.E-2);
#8660=ORIENTED_EDGE('',*,*,#8659,.T.);
#8662=ORIENTED_EDGE('',*,*,#8661,.F.);
#8664=ORIENTED_EDGE('',*,*,#8663,.T.);
#8665=ORIENTED_EDGE('',*,*,#8637,.F.);
#8666=EDGE_LOOP('',(#8660,#8662,#8664,#8665));
#8667=FACE_OUTER_BOUND('',#8666,.F.);
#8668=ADVANCED_FACE('',(#8667),#8658,.T.);
#8669=FILL_AREA_STYLE_COLOUR('',#19);
#8670=FILL_AREA_STYLE('',(#8669));
#8671=SURFACE_STYLE_FILL_AREA(#8670);
#8672=SURFACE_SIDE_STYLE('',(#8671));
#8673=SURFACE_STYLE_USAGE(.BOTH.,#8672);
#8674=PRESENTATION_STYLE_ASSIGNMENT((#8673));
#8675=OVER_RIDING_STYLED_ITEM('',(#8674),#8668,#7202);
#8676=CARTESIAN_POINT('',(7.7E-1,3.7E-1,3.E-2));
#8677=DIRECTION('',(0.E0,1.E0,0.E0));
#8678=DIRECTION('',(1.E0,0.E0,0.E0));
#8679=AXIS2_PLACEMENT_3D('',#8676,#8677,#8678);
#8680=SPHERICAL_SURFACE('',#8679,3.E-2);
#8682=ORIENTED_EDGE('',*,*,#8681,.F.);
#8684=ORIENTED_EDGE('',*,*,#8683,.F.);
#8685=ORIENTED_EDGE('',*,*,#8659,.F.);
#8686=EDGE_LOOP('',(#8682,#8684,#8685));
#8687=FACE_OUTER_BOUND('',#8686,.F.);
#8688=ADVANCED_FACE('',(#8687),#8680,.T.);
#8689=FILL_AREA_STYLE_COLOUR('',#19);
#8690=FILL_AREA_STYLE('',(#8689));
#8691=SURFACE_STYLE_FILL_AREA(#8690);
#8692=SURFACE_SIDE_STYLE('',(#8691));
#8693=SURFACE_STYLE_USAGE(.BOTH.,#8692);
#8694=PRESENTATION_STYLE_ASSIGNMENT((#8693));
#8695=OVER_RIDING_STYLED_ITEM('',(#8694),#8688,#7202);
#8696=CARTESIAN_POINT('',(8.E-1,3.7E-1,3.E-2));
#8697=DIRECTION('',(1.E0,0.E0,0.E0));
#8698=DIRECTION('',(0.E0,1.E0,0.E0));
#8699=AXIS2_PLACEMENT_3D('',#8696,#8697,#8698);
#8700=CYLINDRICAL_SURFACE('',#8699,3.E-2);
#8701=ORIENTED_EDGE('',*,*,#8069,.T.);
#8703=ORIENTED_EDGE('',*,*,#8702,.F.);
#8704=ORIENTED_EDGE('',*,*,#8681,.T.);
#8705=ORIENTED_EDGE('',*,*,#8642,.F.);
#8706=EDGE_LOOP('',(#8701,#8703,#8704,#8705));
#8707=FACE_OUTER_BOUND('',#8706,.F.);
#8708=ADVANCED_FACE('',(#8707),#8700,.T.);
#8709=FILL_AREA_STYLE_COLOUR('',#19);
#8710=FILL_AREA_STYLE('',(#8709));
#8711=SURFACE_STYLE_FILL_AREA(#8710);
#8712=SURFACE_SIDE_STYLE('',(#8711));
#8713=SURFACE_STYLE_USAGE(.BOTH.,#8712);
#8714=PRESENTATION_STYLE_ASSIGNMENT((#8713));
#8715=OVER_RIDING_STYLED_ITEM('',(#8714),#8708,#7202);
#8716=CARTESIAN_POINT('',(5.E-1,-4.E-1,0.E0));
#8717=DIRECTION('',(0.E0,0.E0,-1.E0));
#8718=DIRECTION('',(-1.E0,0.E0,0.E0));
#8719=AXIS2_PLACEMENT_3D('',#8716,#8717,#8718);
#8720=PLANE('',#8719);
#8721=ORIENTED_EDGE('',*,*,#8067,.F.);
#8723=ORIENTED_EDGE('',*,*,#8722,.T.);
#8725=ORIENTED_EDGE('',*,*,#8724,.T.);
#8726=ORIENTED_EDGE('',*,*,#8702,.T.);
#8727=EDGE_LOOP('',(#8721,#8723,#8725,#8726));
#8728=FACE_OUTER_BOUND('',#8727,.F.);
#8729=ADVANCED_FACE('',(#8728),#8720,.T.);
#8730=FILL_AREA_STYLE_COLOUR('',#19);
#8731=FILL_AREA_STYLE('',(#8730));
#8732=SURFACE_STYLE_FILL_AREA(#8731);
#8733=SURFACE_SIDE_STYLE('',(#8732));
#8734=SURFACE_STYLE_USAGE(.BOTH.,#8733);
#8735=PRESENTATION_STYLE_ASSIGNMENT((#8734));
#8736=OVER_RIDING_STYLED_ITEM('',(#8735),#8729,#7202);
#8737=CARTESIAN_POINT('',(8.E-1,-3.7E-1,3.E-2));
#8738=DIRECTION('',(-1.E0,0.E0,0.E0));
#8739=DIRECTION('',(0.E0,-1.E0,0.E0));
#8740=AXIS2_PLACEMENT_3D('',#8737,#8738,#8739);
#8741=CYLINDRICAL_SURFACE('',#8740,3.E-2);
#8742=ORIENTED_EDGE('',*,*,#8065,.T.);
#8744=ORIENTED_EDGE('',*,*,#8743,.F.);
#8746=ORIENTED_EDGE('',*,*,#8745,.T.);
#8747=ORIENTED_EDGE('',*,*,#8722,.F.);
#8748=EDGE_LOOP('',(#8742,#8744,#8746,#8747));
#8749=FACE_OUTER_BOUND('',#8748,.F.);
#8750=ADVANCED_FACE('',(#8749),#8741,.T.);
#8751=FILL_AREA_STYLE_COLOUR('',#19);
#8752=FILL_AREA_STYLE('',(#8751));
#8753=SURFACE_STYLE_FILL_AREA(#8752);
#8754=SURFACE_SIDE_STYLE('',(#8753));
#8755=SURFACE_STYLE_USAGE(.BOTH.,#8754);
#8756=PRESENTATION_STYLE_ASSIGNMENT((#8755));
#8757=OVER_RIDING_STYLED_ITEM('',(#8756),#8750,#7202);
#8758=CARTESIAN_POINT('',(8.E-1,-4.E-1,6.E-1));
#8759=DIRECTION('',(0.E0,1.E0,0.E0));
#8760=DIRECTION('',(-1.E0,0.E0,0.E0));
#8761=AXIS2_PLACEMENT_3D('',#8758,#8759,#8760);
#8762=PLANE('',#8761);
#8763=ORIENTED_EDGE('',*,*,#8063,.T.);
#8765=ORIENTED_EDGE('',*,*,#8764,.T.);
#8767=ORIENTED_EDGE('',*,*,#8766,.T.);
#8768=ORIENTED_EDGE('',*,*,#8743,.T.);
#8769=EDGE_LOOP('',(#8763,#8765,#8767,#8768));
#8770=FACE_OUTER_BOUND('',#8769,.F.);
#8771=ADVANCED_FACE('',(#8770),#8762,.F.);
#8772=FILL_AREA_STYLE_COLOUR('',#19);
#8773=FILL_AREA_STYLE('',(#8772));
#8774=SURFACE_STYLE_FILL_AREA(#8773);
#8775=SURFACE_SIDE_STYLE('',(#8774));
#8776=SURFACE_STYLE_USAGE(.BOTH.,#8775);
#8777=PRESENTATION_STYLE_ASSIGNMENT((#8776));
#8778=OVER_RIDING_STYLED_ITEM('',(#8777),#8771,#7202);
#8779=CARTESIAN_POINT('',(5.E-1,-3.7E-1,5.7E-1));
#8780=DIRECTION('',(1.E0,0.E0,0.E0));
#8781=DIRECTION('',(0.E0,1.E0,0.E0));
#8782=AXIS2_PLACEMENT_3D('',#8779,#8780,#8781);
#8783=CYLINDRICAL_SURFACE('',#8782,3.E-2);
#8784=ORIENTED_EDGE('',*,*,#8061,.T.);
#8786=ORIENTED_EDGE('',*,*,#8785,.F.);
#8788=ORIENTED_EDGE('',*,*,#8787,.T.);
#8789=ORIENTED_EDGE('',*,*,#8764,.F.);
#8790=EDGE_LOOP('',(#8784,#8786,#8788,#8789));
#8791=FACE_OUTER_BOUND('',#8790,.F.);
#8792=ADVANCED_FACE('',(#8791),#8783,.T.);
#8793=FILL_AREA_STYLE_COLOUR('',#19);
#8794=FILL_AREA_STYLE('',(#8793));
#8795=SURFACE_STYLE_FILL_AREA(#8794);
#8796=SURFACE_SIDE_STYLE('',(#8795));
#8797=SURFACE_STYLE_USAGE(.BOTH.,#8796);
#8798=PRESENTATION_STYLE_ASSIGNMENT((#8797));
#8799=OVER_RIDING_STYLED_ITEM('',(#8798),#8792,#7202);
#8800=CARTESIAN_POINT('',(5.E-1,-4.E-1,6.E-1));
#8801=DIRECTION('',(0.E0,0.E0,-1.E0));
#8802=DIRECTION('',(-1.E0,0.E0,0.E0));
#8803=AXIS2_PLACEMENT_3D('',#8800,#8801,#8802);
#8804=PLANE('',#8803);
#8806=ORIENTED_EDGE('',*,*,#8805,.T.);
#8807=ORIENTED_EDGE('',*,*,#8785,.T.);
#8808=ORIENTED_EDGE('',*,*,#8059,.T.);
#8810=ORIENTED_EDGE('',*,*,#8809,.T.);
#8811=EDGE_LOOP('',(#8806,#8807,#8808,#8810));
#8812=FACE_OUTER_BOUND('',#8811,.F.);
#8813=ADVANCED_FACE('',(#8812),#8804,.F.);
#8814=FILL_AREA_STYLE_COLOUR('',#19);
#8815=FILL_AREA_STYLE('',(#8814));
#8816=SURFACE_STYLE_FILL_AREA(#8815);
#8817=SURFACE_SIDE_STYLE('',(#8816));
#8818=SURFACE_STYLE_USAGE(.BOTH.,#8817);
#8819=PRESENTATION_STYLE_ASSIGNMENT((#8818));
#8820=OVER_RIDING_STYLED_ITEM('',(#8819),#8813,#7202);
#8821=CARTESIAN_POINT('',(7.7E-1,-4.E-1,5.7E-1));
#8822=DIRECTION('',(0.E0,1.E0,0.E0));
#8823=DIRECTION('',(0.E0,0.E0,1.E0));
#8824=AXIS2_PLACEMENT_3D('',#8821,#8822,#8823);
#8825=CYLINDRICAL_SURFACE('',#8824,3.E-2);
#8827=ORIENTED_EDGE('',*,*,#8826,.T.);
#8829=ORIENTED_EDGE('',*,*,#8828,.F.);
#8831=ORIENTED_EDGE('',*,*,#8830,.T.);
#8832=ORIENTED_EDGE('',*,*,#8805,.F.);
#8833=EDGE_LOOP('',(#8827,#8829,#8831,#8832));
#8834=FACE_OUTER_BOUND('',#8833,.F.);
#8835=ADVANCED_FACE('',(#8834),#8825,.T.);
#8836=FILL_AREA_STYLE_COLOUR('',#19);
#8837=FILL_AREA_STYLE('',(#8836));
#8838=SURFACE_STYLE_FILL_AREA(#8837);
#8839=SURFACE_SIDE_STYLE('',(#8838));
#8840=SURFACE_STYLE_USAGE(.BOTH.,#8839);
#8841=PRESENTATION_STYLE_ASSIGNMENT((#8840));
#8842=OVER_RIDING_STYLED_ITEM('',(#8841),#8835,#7202);
#8843=CARTESIAN_POINT('',(7.7E-1,3.7E-1,5.7E-1));
#8844=DIRECTION('',(0.E0,1.E0,0.E0));
#8845=DIRECTION('',(1.E0,0.E0,0.E0));
#8846=AXIS2_PLACEMENT_3D('',#8843,#8844,#8845);
#8847=SPHERICAL_SURFACE('',#8846,3.E-2);
#8848=ORIENTED_EDGE('',*,*,#8663,.F.);
#8849=ORIENTED_EDGE('',*,*,#8826,.F.);
#8851=ORIENTED_EDGE('',*,*,#8850,.F.);
#8852=EDGE_LOOP('',(#8848,#8849,#8851));
#8853=FACE_OUTER_BOUND('',#8852,.F.);
#8854=ADVANCED_FACE('',(#8853),#8847,.T.);
#8855=FILL_AREA_STYLE_COLOUR('',#19);
#8856=FILL_AREA_STYLE('',(#8855));
#8857=SURFACE_STYLE_FILL_AREA(#8856);
#8858=SURFACE_SIDE_STYLE('',(#8857));
#8859=SURFACE_STYLE_USAGE(.BOTH.,#8858);
#8860=PRESENTATION_STYLE_ASSIGNMENT((#8859));
#8861=OVER_RIDING_STYLED_ITEM('',(#8860),#8854,#7202);
#8862=CARTESIAN_POINT('',(5.E-1,3.7E-1,5.7E-1));
#8863=DIRECTION('',(-1.E0,0.E0,0.E0));
#8864=DIRECTION('',(0.E0,-1.E0,0.E0));
#8865=AXIS2_PLACEMENT_3D('',#8862,#8863,#8864);
#8866=CYLINDRICAL_SURFACE('',#8865,3.E-2);
#8867=ORIENTED_EDGE('',*,*,#8057,.T.);
#8868=ORIENTED_EDGE('',*,*,#8639,.F.);
#8869=ORIENTED_EDGE('',*,*,#8850,.T.);
#8870=ORIENTED_EDGE('',*,*,#8809,.F.);
#8871=EDGE_LOOP('',(#8867,#8868,#8869,#8870));
#8872=FACE_OUTER_BOUND('',#8871,.F.);
#8873=ADVANCED_FACE('',(#8872),#8866,.T.);
#8874=FILL_AREA_STYLE_COLOUR('',#19);
#8875=FILL_AREA_STYLE('',(#8874));
#8876=SURFACE_STYLE_FILL_AREA(#8875);
#8877=SURFACE_SIDE_STYLE('',(#8876));
#8878=SURFACE_STYLE_USAGE(.BOTH.,#8877);
#8879=PRESENTATION_STYLE_ASSIGNMENT((#8878));
#8880=OVER_RIDING_STYLED_ITEM('',(#8879),#8873,#7202);
#8881=CARTESIAN_POINT('',(8.E-1,4.E-1,6.E-1));
#8882=DIRECTION('',(-1.E0,0.E0,0.E0));
#8883=DIRECTION('',(0.E0,0.E0,1.E0));
#8884=AXIS2_PLACEMENT_3D('',#8881,#8882,#8883);
#8885=PLANE('',#8884);
#8886=ORIENTED_EDGE('',*,*,#8828,.T.);
#8887=ORIENTED_EDGE('',*,*,#8661,.T.);
#8889=ORIENTED_EDGE('',*,*,#8888,.T.);
#8891=ORIENTED_EDGE('',*,*,#8890,.T.);
#8892=EDGE_LOOP('',(#8886,#8887,#8889,#8891));
#8893=FACE_OUTER_BOUND('',#8892,.F.);
#8894=ADVANCED_FACE('',(#8893),#8885,.F.);
#8895=FILL_AREA_STYLE_COLOUR('',#19);
#8896=FILL_AREA_STYLE('',(#8895));
#8897=SURFACE_STYLE_FILL_AREA(#8896);
#8898=SURFACE_SIDE_STYLE('',(#8897));
#8899=SURFACE_STYLE_USAGE(.BOTH.,#8898);
#8900=PRESENTATION_STYLE_ASSIGNMENT((#8899));
#8901=OVER_RIDING_STYLED_ITEM('',(#8900),#8894,#7202);
#8902=CARTESIAN_POINT('',(7.7E-1,4.E-1,3.E-2));
#8903=DIRECTION('',(0.E0,-1.E0,0.E0));
#8904=DIRECTION('',(0.E0,0.E0,-1.E0));
#8905=AXIS2_PLACEMENT_3D('',#8902,#8903,#8904);
#8906=CYLINDRICAL_SURFACE('',#8905,3.E-2);
#8907=ORIENTED_EDGE('',*,*,#8683,.T.);
#8908=ORIENTED_EDGE('',*,*,#8724,.F.);
#8910=ORIENTED_EDGE('',*,*,#8909,.T.);
#8911=ORIENTED_EDGE('',*,*,#8888,.F.);
#8912=EDGE_LOOP('',(#8907,#8908,#8910,#8911));
#8913=FACE_OUTER_BOUND('',#8912,.F.);
#8914=ADVANCED_FACE('',(#8913),#8906,.T.);
#8915=FILL_AREA_STYLE_COLOUR('',#19);
#8916=FILL_AREA_STYLE('',(#8915));
#8917=SURFACE_STYLE_FILL_AREA(#8916);
#8918=SURFACE_SIDE_STYLE('',(#8917));
#8919=SURFACE_STYLE_USAGE(.BOTH.,#8918);
#8920=PRESENTATION_STYLE_ASSIGNMENT((#8919));
#8921=OVER_RIDING_STYLED_ITEM('',(#8920),#8914,#7202);
#8922=CARTESIAN_POINT('',(7.7E-1,-3.7E-1,3.E-2));
#8923=DIRECTION('',(0.E0,1.E0,0.E0));
#8924=DIRECTION('',(1.E0,0.E0,0.E0));
#8925=AXIS2_PLACEMENT_3D('',#8922,#8923,#8924);
#8926=SPHERICAL_SURFACE('',#8925,3.E-2);
#8927=ORIENTED_EDGE('',*,*,#8745,.F.);
#8929=ORIENTED_EDGE('',*,*,#8928,.F.);
#8930=ORIENTED_EDGE('',*,*,#8909,.F.);
#8931=EDGE_LOOP('',(#8927,#8929,#8930));
#8932=FACE_OUTER_BOUND('',#8931,.F.);
#8933=ADVANCED_FACE('',(#8932),#8926,.T.);
#8934=FILL_AREA_STYLE_COLOUR('',#19);
#8935=FILL_AREA_STYLE('',(#8934));
#8936=SURFACE_STYLE_FILL_AREA(#8935);
#8937=SURFACE_SIDE_STYLE('',(#8936));
#8938=SURFACE_STYLE_USAGE(.BOTH.,#8937);
#8939=PRESENTATION_STYLE_ASSIGNMENT((#8938));
#8940=OVER_RIDING_STYLED_ITEM('',(#8939),#8933,#7202);
#8941=CARTESIAN_POINT('',(7.7E-1,-3.7E-1,6.E-1));
#8942=DIRECTION('',(0.E0,0.E0,-1.E0));
#8943=DIRECTION('',(-1.E0,0.E0,0.E0));
#8944=AXIS2_PLACEMENT_3D('',#8941,#8942,#8943);
#8945=CYLINDRICAL_SURFACE('',#8944,3.E-2);
#8947=ORIENTED_EDGE('',*,*,#8946,.T.);
#8948=ORIENTED_EDGE('',*,*,#8890,.F.);
#8949=ORIENTED_EDGE('',*,*,#8928,.T.);
#8950=ORIENTED_EDGE('',*,*,#8766,.F.);
#8951=EDGE_LOOP('',(#8947,#8948,#8949,#8950));
#8952=FACE_OUTER_BOUND('',#8951,.F.);
#8953=ADVANCED_FACE('',(#8952),#8945,.T.);
#8954=FILL_AREA_STYLE_COLOUR('',#19);
#8955=FILL_AREA_STYLE('',(#8954));
#8956=SURFACE_STYLE_FILL_AREA(#8955);
#8957=SURFACE_SIDE_STYLE('',(#8956));
#8958=SURFACE_STYLE_USAGE(.BOTH.,#8957);
#8959=PRESENTATION_STYLE_ASSIGNMENT((#8958));
#8960=OVER_RIDING_STYLED_ITEM('',(#8959),#8953,#7202);
#8961=CARTESIAN_POINT('',(7.7E-1,-3.7E-1,5.7E-1));
#8962=DIRECTION('',(0.E0,1.E0,0.E0));
#8963=DIRECTION('',(1.E0,0.E0,0.E0));
#8964=AXIS2_PLACEMENT_3D('',#8961,#8962,#8963);
#8965=SPHERICAL_SURFACE('',#8964,3.E-2);
#8966=ORIENTED_EDGE('',*,*,#8830,.F.);
#8967=ORIENTED_EDGE('',*,*,#8946,.F.);
#8968=ORIENTED_EDGE('',*,*,#8787,.F.);
#8969=EDGE_LOOP('',(#8966,#8967,#8968));
#8970=FACE_OUTER_BOUND('',#8969,.F.);
#8971=ADVANCED_FACE('',(#8970),#8965,.T.);
#8972=FILL_AREA_STYLE_COLOUR('',#19);
#8973=FILL_AREA_STYLE('',(#8972));
#8974=SURFACE_STYLE_FILL_AREA(#8973);
#8975=SURFACE_SIDE_STYLE('',(#8974));
#8976=SURFACE_STYLE_USAGE(.BOTH.,#8975);
#8977=PRESENTATION_STYLE_ASSIGNMENT((#8976));
#8978=OVER_RIDING_STYLED_ITEM('',(#8977),#8971,#7202);
#8981=FILL_AREA_STYLE_COLOUR('',#7201);
#8982=FILL_AREA_STYLE('',(#8981));
#8983=SURFACE_STYLE_FILL_AREA(#8982);
#8984=SURFACE_SIDE_STYLE('',(#8983));
#8985=SURFACE_STYLE_USAGE(.BOTH.,#8984);
#8986=PRESENTATION_STYLE_ASSIGNMENT((#8985));
#7202=STYLED_ITEM('',(#8986),#8980);
#8988=DIMENSIONAL_EXPONENTS(0.E0,0.E0,0.E0,0.E0,0.E0,0.E0,0.E0);
#8990=PLANE_ANGLE_MEASURE_WITH_UNIT(PLANE_ANGLE_MEASURE(1.745329251994E-2),
#8989);
#8991=(CONVERSION_BASED_UNIT('DEGREE',#8990)NAMED_UNIT(*)PLANE_ANGLE_UNIT());
#8993=UNCERTAINTY_MEASURE_WITH_UNIT(LENGTH_MEASURE(1.886720754562E-4),#8987,
'closure',
'Maximum model space distance between geometric entities at asserted connectivities');
#8994=(GEOMETRIC_REPRESENTATION_CONTEXT(3)GLOBAL_UNCERTAINTY_ASSIGNED_CONTEXT((
#8993))GLOBAL_UNIT_ASSIGNED_CONTEXT((#8987,#8991,#8992))REPRESENTATION_CONTEXT(
'ID10','3'));
#8995=CARTESIAN_POINT('',(0.E0,0.E0,0.E0));
#8996=DIRECTION('',(0.E0,0.E0,1.E0));
#8997=DIRECTION('',(1.E0,0.E0,0.E0));
#9000=MECHANICAL_CONTEXT('',#781,'mechanical');
#9001=PRODUCT('CAPC1608_0603_','CAPC1608_0603_','NOT SPECIFIED',(#9000));
#9002=PRODUCT_DEFINITION_FORMATION_WITH_SPECIFIED_SOURCE('1','LAST_VERSION',
#9001,.MADE.);
#9011=CARTESIAN_POINT('',(1.608383821488E1,3.585944659268E0,
-4.114798307420E-1));
#9012=DIRECTION('',(0.E0,8.742273394091E-8,-1.E0));
#9013=DIRECTION('',(1.E0,0.E0,0.E0));
#9014=AXIS2_PLACEMENT_3D('',#9011,#9012,#9013);
#9015=ITEM_DEFINED_TRANSFORMATION('','',#8998,#9014);
#9016=CARTESIAN_POINT('',(0.E0,0.E0,0.E0));
#9017=DIRECTION('',(0.E0,0.E0,1.E0));
#9018=DIRECTION('',(1.E0,0.E0,0.E0));
#9020=(REPRESENTATION_RELATIONSHIP('','',#8999,#9008)REPRESENTATION_RELATIONSHIP_WITH_TRANSFORMATION(#9015)SHAPE_REPRESENTATION_RELATIONSHIP());
#9021=CONTEXT_DEPENDENT_SHAPE_REPRESENTATION(#9020,#9010);
#9023=DIMENSIONAL_EXPONENTS(0.E0,0.E0,0.E0,0.E0,0.E0,0.E0,0.E0);
#9025=PLANE_ANGLE_MEASURE_WITH_UNIT(PLANE_ANGLE_MEASURE(1.745329251994E-2),
#9024);
#9026=(CONVERSION_BASED_UNIT('DEGREE',#9025)NAMED_UNIT(*)PLANE_ANGLE_UNIT());
#9028=UNCERTAINTY_MEASURE_WITH_UNIT(LENGTH_MEASURE(8.659907627683E-2),#9022,
'closure',
'Maximum model space distance between geometric entities at asserted connectivities');
#9029=(GEOMETRIC_REPRESENTATION_CONTEXT(3)GLOBAL_UNCERTAINTY_ASSIGNED_CONTEXT((
#9028))GLOBAL_UNIT_ASSIGNED_CONTEXT((#9022,#9026,#9027))REPRESENTATION_CONTEXT(
'ID11','3'));
#9030=CARTESIAN_POINT('',(0.E0,0.E0,0.E0));
#9031=DIRECTION('',(0.E0,0.E0,1.E0));
#9032=DIRECTION('',(1.E0,0.E0,0.E0));
#9034=DESIGN_CONTEXT('',#781,'design');
#9035=MECHANICAL_CONTEXT('',#781,'mechanical');
#9036=PRODUCT('C4_ASM','C4_ASM','NOT SPECIFIED',(#9035));
#9037=PRODUCT_DEFINITION_FORMATION_WITH_SPECIFIED_SOURCE('1','LAST_VERSION',
#9036,.MADE.);
#9041=CARTESIAN_POINT('',(0.E0,0.E0,0.E0));
#9042=DIRECTION('',(0.E0,0.E0,1.E0));
#9043=DIRECTION('',(1.E0,0.E0,0.E0));
#9044=AXIS2_PLACEMENT_3D('',#9041,#9042,#9043);
#9045=ITEM_DEFINED_TRANSFORMATION('','',#9019,#9044);
#9046=CARTESIAN_POINT('',(0.E0,0.E0,0.E0));
#9047=DIRECTION('',(0.E0,0.E0,1.E0));
#9048=DIRECTION('',(1.E0,0.E0,0.E0));
#9050=(REPRESENTATION_RELATIONSHIP('','',#9008,#792)REPRESENTATION_RELATIONSHIP_WITH_TRANSFORMATION(#9045)SHAPE_REPRESENTATION_RELATIONSHIP());
#9051=CONTEXT_DEPENDENT_SHAPE_REPRESENTATION(#9050,#9040);
#9057=CARTESIAN_POINT('',(1.939144014359E1,3.586051470791E0,
-4.114798307420E-1));
#9058=DIRECTION('',(0.E0,8.742273394091E-8,-1.E0));
#9059=DIRECTION('',(-1.E0,8.742277657348E-8,0.E0));
#9060=AXIS2_PLACEMENT_3D('',#9057,#9058,#9059);
#9061=ITEM_DEFINED_TRANSFORMATION('','',#8998,#9060);
#9062=CARTESIAN_POINT('',(0.E0,0.E0,0.E0));
#9063=DIRECTION('',(0.E0,0.E0,1.E0));
#9064=DIRECTION('',(1.E0,0.E0,0.E0));
#9066=(REPRESENTATION_RELATIONSHIP('','',#8999,#9054)REPRESENTATION_RELATIONSHIP_WITH_TRANSFORMATION(#9061)SHAPE_REPRESENTATION_RELATIONSHIP());
#9067=CONTEXT_DEPENDENT_SHAPE_REPRESENTATION(#9066,#9056);
#9069=DIMENSIONAL_EXPONENTS(0.E0,0.E0,0.E0,0.E0,0.E0,0.E0,0.E0);
#9071=PLANE_ANGLE_MEASURE_WITH_UNIT(PLANE_ANGLE_MEASURE(1.745329251994E-2),
#9070);
#9072=(CONVERSION_BASED_UNIT('DEGREE',#9071)NAMED_UNIT(*)PLANE_ANGLE_UNIT());
#9074=UNCERTAINTY_MEASURE_WITH_UNIT(LENGTH_MEASURE(8.659907627683E-2),#9068,
'closure',
'Maximum model space distance between geometric entities at asserted connectivities');
#9075=(GEOMETRIC_REPRESENTATION_CONTEXT(3)GLOBAL_UNCERTAINTY_ASSIGNED_CONTEXT((
#9074))GLOBAL_UNIT_ASSIGNED_CONTEXT((#9068,#9072,#9073))REPRESENTATION_CONTEXT(
'ID12','3'));
#9076=CARTESIAN_POINT('',(0.E0,0.E0,0.E0));
#9077=DIRECTION('',(0.E0,0.E0,1.E0));
#9078=DIRECTION('',(1.E0,0.E0,0.E0));
#9080=MECHANICAL_CONTEXT('',#781,'mechanical');
#9081=PRODUCT('C3_ASM','C3_ASM','NOT SPECIFIED',(#9080));
#9082=PRODUCT_DEFINITION_FORMATION_WITH_SPECIFIED_SOURCE('1','LAST_VERSION',
#9081,.MADE.);
#9086=CARTESIAN_POINT('',(0.E0,0.E0,0.E0));
#9087=DIRECTION('',(0.E0,0.E0,1.E0));
#9088=DIRECTION('',(1.E0,0.E0,0.E0));
#9089=AXIS2_PLACEMENT_3D('',#9086,#9087,#9088);
#9090=ITEM_DEFINED_TRANSFORMATION('','',#9065,#9089);
#9091=CARTESIAN_POINT('',(0.E0,0.E0,0.E0));
#9092=DIRECTION('',(0.E0,0.E0,1.E0));
#9093=DIRECTION('',(1.E0,0.E0,0.E0));
#9095=(REPRESENTATION_RELATIONSHIP('','',#9054,#792)REPRESENTATION_RELATIONSHIP_WITH_TRANSFORMATION(#9090)SHAPE_REPRESENTATION_RELATIONSHIP());
#9096=CONTEXT_DEPENDENT_SHAPE_REPRESENTATION(#9095,#9085);
#9102=CARTESIAN_POINT('',(1.605753969193E1,5.386050707852E0,
-4.114798307420E-1));
#9103=DIRECTION('',(0.E0,8.742273394091E-8,-1.E0));
#9104=DIRECTION('',(-1.E0,8.742277657348E-8,0.E0));
#9105=AXIS2_PLACEMENT_3D('',#9102,#9103,#9104);
#9106=ITEM_DEFINED_TRANSFORMATION('','',#8998,#9105);
#9107=CARTESIAN_POINT('',(0.E0,0.E0,0.E0));
#9108=DIRECTION('',(0.E0,0.E0,1.E0));
#9109=DIRECTION('',(1.E0,0.E0,0.E0));
#9111=(REPRESENTATION_RELATIONSHIP('','',#8999,#9099)REPRESENTATION_RELATIONSHIP_WITH_TRANSFORMATION(#9106)SHAPE_REPRESENTATION_RELATIONSHIP());
#9112=CONTEXT_DEPENDENT_SHAPE_REPRESENTATION(#9111,#9101);
#9114=DIMENSIONAL_EXPONENTS(0.E0,0.E0,0.E0,0.E0,0.E0,0.E0,0.E0);
#9116=PLANE_ANGLE_MEASURE_WITH_UNIT(PLANE_ANGLE_MEASURE(1.745329251994E-2),
#9115);
#9117=(CONVERSION_BASED_UNIT('DEGREE',#9116)NAMED_UNIT(*)PLANE_ANGLE_UNIT());
#9119=UNCERTAINTY_MEASURE_WITH_UNIT(LENGTH_MEASURE(8.659907627683E-2),#9113,
'closure',
'Maximum model space distance between geometric entities at asserted connectivities');
#9120=(GEOMETRIC_REPRESENTATION_CONTEXT(3)GLOBAL_UNCERTAINTY_ASSIGNED_CONTEXT((
#9119))GLOBAL_UNIT_ASSIGNED_CONTEXT((#9113,#9117,#9118))REPRESENTATION_CONTEXT(
'ID13','3'));
#9121=CARTESIAN_POINT('',(0.E0,0.E0,0.E0));
#9122=DIRECTION('',(0.E0,0.E0,1.E0));
#9123=DIRECTION('',(1.E0,0.E0,0.E0));
#9125=DESIGN_CONTEXT('',#781,'design');
#9126=MECHANICAL_CONTEXT('',#781,'mechanical');
#9127=PRODUCT('C2_ASM','C2_ASM','NOT SPECIFIED',(#9126));
#9128=PRODUCT_DEFINITION_FORMATION_WITH_SPECIFIED_SOURCE('1','LAST_VERSION',
#9127,.MADE.);
#9132=CARTESIAN_POINT('',(0.E0,0.E0,0.E0));
#9133=DIRECTION('',(0.E0,0.E0,1.E0));
#9134=DIRECTION('',(1.E0,0.E0,0.E0));
#9135=AXIS2_PLACEMENT_3D('',#9132,#9133,#9134);
#9136=ITEM_DEFINED_TRANSFORMATION('','',#9110,#9135);
#9137=CARTESIAN_POINT('',(0.E0,0.E0,0.E0));
#9138=DIRECTION('',(0.E0,0.E0,1.E0));
#9139=DIRECTION('',(1.E0,0.E0,0.E0));
#9141=(REPRESENTATION_RELATIONSHIP('','',#9099,#792)REPRESENTATION_RELATIONSHIP_WITH_TRANSFORMATION(#9136)SHAPE_REPRESENTATION_RELATIONSHIP());
#9142=CONTEXT_DEPENDENT_SHAPE_REPRESENTATION(#9141,#9131);
#9148=CARTESIAN_POINT('',(2.190649738320E0,6.573050982510E0,
-4.114798307420E-1));
#9149=DIRECTION('',(0.E0,8.742273394091E-8,-1.E0));
#9150=DIRECTION('',(-1.E0,8.742277657348E-8,0.E0));
#9151=AXIS2_PLACEMENT_3D('',#9148,#9149,#9150);
#9152=ITEM_DEFINED_TRANSFORMATION('','',#8998,#9151);
#9153=CARTESIAN_POINT('',(0.E0,0.E0,0.E0));
#9154=DIRECTION('',(0.E0,0.E0,1.E0));
#9155=DIRECTION('',(1.E0,0.E0,0.E0));
#9157=(REPRESENTATION_RELATIONSHIP('','',#8999,#9145)REPRESENTATION_RELATIONSHIP_WITH_TRANSFORMATION(#9152)SHAPE_REPRESENTATION_RELATIONSHIP());
#9158=CONTEXT_DEPENDENT_SHAPE_REPRESENTATION(#9157,#9147);
#9160=DIMENSIONAL_EXPONENTS(0.E0,0.E0,0.E0,0.E0,0.E0,0.E0,0.E0);
#9162=PLANE_ANGLE_MEASURE_WITH_UNIT(PLANE_ANGLE_MEASURE(1.745329251994E-2),
#9161);
#9163=(CONVERSION_BASED_UNIT('DEGREE',#9162)NAMED_UNIT(*)PLANE_ANGLE_UNIT());
#9165=UNCERTAINTY_MEASURE_WITH_UNIT(LENGTH_MEASURE(8.659907627683E-2),#9159,
'closure',
'Maximum model space distance between geometric entities at asserted connectivities');
#9166=(GEOMETRIC_REPRESENTATION_CONTEXT(3)GLOBAL_UNCERTAINTY_ASSIGNED_CONTEXT((
#9165))GLOBAL_UNIT_ASSIGNED_CONTEXT((#9159,#9163,#9164))REPRESENTATION_CONTEXT(
'ID14','3'));
#9167=CARTESIAN_POINT('',(0.E0,0.E0,0.E0));
#9168=DIRECTION('',(0.E0,0.E0,1.E0));
#9169=DIRECTION('',(1.E0,0.E0,0.E0));
#9171=MECHANICAL_CONTEXT('',#781,'mechanical');
#9172=PRODUCT('C1_ASM','C1_ASM','NOT SPECIFIED',(#9171));
#9173=PRODUCT_DEFINITION_FORMATION_WITH_SPECIFIED_SOURCE('1','LAST_VERSION',
#9172,.MADE.);
#9177=CARTESIAN_POINT('',(0.E0,0.E0,0.E0));
#9178=DIRECTION('',(0.E0,0.E0,1.E0));
#9179=DIRECTION('',(1.E0,0.E0,0.E0));
#9180=AXIS2_PLACEMENT_3D('',#9177,#9178,#9179);
#9181=ITEM_DEFINED_TRANSFORMATION('','',#9156,#9180);
#9182=CARTESIAN_POINT('',(0.E0,0.E0,0.E0));
#9183=DIRECTION('',(0.E0,0.E0,1.E0));
#9184=DIRECTION('',(1.E0,0.E0,0.E0));
#9186=(REPRESENTATION_RELATIONSHIP('','',#9145,#792)REPRESENTATION_RELATIONSHIP_WITH_TRANSFORMATION(#9181)SHAPE_REPRESENTATION_RELATIONSHIP());
#9187=CONTEXT_DEPENDENT_SHAPE_REPRESENTATION(#9186,#9176);
#9193=CARTESIAN_POINT('',(6.870138874063E0,6.624946124111E0,
-4.114798307420E-1));
#9194=DIRECTION('',(0.E0,8.742273394091E-8,-1.E0));
#9195=DIRECTION('',(1.E0,0.E0,0.E0));
#9196=AXIS2_PLACEMENT_3D('',#9193,#9194,#9195);
#9197=ITEM_DEFINED_TRANSFORMATION('','',#8998,#9196);
#9198=CARTESIAN_POINT('',(0.E0,0.E0,0.E0));
#9199=DIRECTION('',(0.E0,0.E0,1.E0));
#9200=DIRECTION('',(1.E0,0.E0,0.E0));
#9202=(REPRESENTATION_RELATIONSHIP('','',#8999,#9190)REPRESENTATION_RELATIONSHIP_WITH_TRANSFORMATION(#9197)SHAPE_REPRESENTATION_RELATIONSHIP());
#9203=CONTEXT_DEPENDENT_SHAPE_REPRESENTATION(#9202,#9192);
#9205=DIMENSIONAL_EXPONENTS(0.E0,0.E0,0.E0,0.E0,0.E0,0.E0,0.E0);
#9207=PLANE_ANGLE_MEASURE_WITH_UNIT(PLANE_ANGLE_MEASURE(1.745329251994E-2),
#9206);
#9208=(CONVERSION_BASED_UNIT('DEGREE',#9207)NAMED_UNIT(*)PLANE_ANGLE_UNIT());
#9210=UNCERTAINTY_MEASURE_WITH_UNIT(LENGTH_MEASURE(8.659907627683E-2),#9204,
'closure',
'Maximum model space distance between geometric entities at asserted connectivities');
#9211=(GEOMETRIC_REPRESENTATION_CONTEXT(3)GLOBAL_UNCERTAINTY_ASSIGNED_CONTEXT((
#9210))GLOBAL_UNIT_ASSIGNED_CONTEXT((#9204,#9208,#9209))REPRESENTATION_CONTEXT(
'ID15','3'));
#9212=CARTESIAN_POINT('',(0.E0,0.E0,0.E0));
#9213=DIRECTION('',(0.E0,0.E0,1.E0));
#9214=DIRECTION('',(1.E0,0.E0,0.E0));
#9216=DESIGN_CONTEXT('',#781,'design');
#9217=MECHANICAL_CONTEXT('',#781,'mechanical');
#9218=PRODUCT('C5_ASM','C5_ASM','NOT SPECIFIED',(#9217));
#9219=PRODUCT_DEFINITION_FORMATION_WITH_SPECIFIED_SOURCE('1','LAST_VERSION',
#9218,.MADE.);
#9223=CARTESIAN_POINT('',(0.E0,0.E0,0.E0));
#9224=DIRECTION('',(0.E0,0.E0,1.E0));
#9225=DIRECTION('',(1.E0,0.E0,0.E0));
#9226=AXIS2_PLACEMENT_3D('',#9223,#9224,#9225);
#9227=ITEM_DEFINED_TRANSFORMATION('','',#9201,#9226);
#9228=CARTESIAN_POINT('',(0.E0,0.E0,0.E0));
#9229=DIRECTION('',(0.E0,0.E0,1.E0));
#9230=DIRECTION('',(1.E0,0.E0,0.E0));
#9232=(REPRESENTATION_RELATIONSHIP('','',#9190,#792)REPRESENTATION_RELATIONSHIP_WITH_TRANSFORMATION(#9227)SHAPE_REPRESENTATION_RELATIONSHIP());
#9233=CONTEXT_DEPENDENT_SHAPE_REPRESENTATION(#9232,#9222);
#9236=DIRECTION('',(0.E0,0.E0,1.E0));
#9237=VECTOR('',#9236,2.E-1);
#9238=CARTESIAN_POINT('',(2.92E0,1.065E0,1.E0));
#9239=LINE('',#9238,#9237);
#9240=CURVE_STYLE('',#36,POSITIVE_LENGTH_MEASURE(2.E-2),#9234);
#9241=PRESENTATION_STYLE_ASSIGNMENT((#9240));
#9242=STYLED_ITEM('',(#9241),#9239);
#9243=DIRECTION('',(0.E0,0.E0,1.E0));
#9244=VECTOR('',#9243,2.E-1);
#9245=CARTESIAN_POINT('',(2.26E0,1.065E0,1.E0));
#9246=LINE('',#9245,#9244);
#9247=CURVE_STYLE('',#36,POSITIVE_LENGTH_MEASURE(2.E-2),#9234);
#9248=PRESENTATION_STYLE_ASSIGNMENT((#9247));
#9249=STYLED_ITEM('',(#9248),#9246);
#9250=CARTESIAN_POINT('',(2.59E0,1.065E0,1.E0));
#9251=DIRECTION('',(0.E0,0.E0,1.E0));
#9252=DIRECTION('',(-1.E0,0.E0,0.E0));
#9253=AXIS2_PLACEMENT_3D('',#9250,#9251,#9252);
#9255=CURVE_STYLE('',#36,POSITIVE_LENGTH_MEASURE(2.E-2),#9234);
#9256=PRESENTATION_STYLE_ASSIGNMENT((#9255));
#9257=STYLED_ITEM('',(#9256),#9254);
#9258=CARTESIAN_POINT('',(2.59E0,1.065E0,1.E0));
#9259=DIRECTION('',(0.E0,0.E0,1.E0));
#9260=DIRECTION('',(1.E0,0.E0,0.E0));
#9261=AXIS2_PLACEMENT_3D('',#9258,#9259,#9260);
#9263=CURVE_STYLE('',#36,POSITIVE_LENGTH_MEASURE(2.E-2),#9234);
#9264=PRESENTATION_STYLE_ASSIGNMENT((#9263));
#9265=STYLED_ITEM('',(#9264),#9262);
#9266=CARTESIAN_POINT('',(2.59E0,1.065E0,1.2E0));
#9267=DIRECTION('',(0.E0,0.E0,-1.E0));
#9268=DIRECTION('',(-1.E0,0.E0,0.E0));
#9269=AXIS2_PLACEMENT_3D('',#9266,#9267,#9268);
#9271=CURVE_STYLE('',#36,POSITIVE_LENGTH_MEASURE(2.E-2),#9234);
#9272=PRESENTATION_STYLE_ASSIGNMENT((#9271));
#9273=STYLED_ITEM('',(#9272),#9270);
#9274=CARTESIAN_POINT('',(2.59E0,1.065E0,1.2E0));
#9275=DIRECTION('',(0.E0,0.E0,-1.E0));
#9276=DIRECTION('',(1.E0,0.E0,0.E0));
#9277=AXIS2_PLACEMENT_3D('',#9274,#9275,#9276);
#9279=CURVE_STYLE('',#36,POSITIVE_LENGTH_MEASURE(2.E-2),#9234);
#9280=PRESENTATION_STYLE_ASSIGNMENT((#9279));
#9281=STYLED_ITEM('',(#9280),#9278);
#9282=DIRECTION('',(0.E0,-1.E0,0.E0));
#9283=VECTOR('',#9282,4.2E0);
#9284=CARTESIAN_POINT('',(-3.15E0,2.1E0,1.2E0));
#9285=LINE('',#9284,#9283);
#9286=CURVE_STYLE('',#36,POSITIVE_LENGTH_MEASURE(2.E-2),#9234);
#9287=PRESENTATION_STYLE_ASSIGNMENT((#9286));
#9288=STYLED_ITEM('',(#9287),#9285);
#9289=DIRECTION('',(-1.E0,0.E0,0.E0));
#9290=VECTOR('',#9289,6.3E0);
#9291=CARTESIAN_POINT('',(3.15E0,2.1E0,1.2E0));
#9292=LINE('',#9291,#9290);
#9293=CURVE_STYLE('',#36,POSITIVE_LENGTH_MEASURE(2.E-2),#9234);
#9294=PRESENTATION_STYLE_ASSIGNMENT((#9293));
#9295=STYLED_ITEM('',(#9294),#9292);
#9296=DIRECTION('',(0.E0,1.E0,0.E0));
#9297=VECTOR('',#9296,4.2E0);
#9298=CARTESIAN_POINT('',(3.15E0,-2.1E0,1.2E0));
#9299=LINE('',#9298,#9297);
#9300=CURVE_STYLE('',#36,POSITIVE_LENGTH_MEASURE(2.E-2),#9234);
#9301=PRESENTATION_STYLE_ASSIGNMENT((#9300));
#9302=STYLED_ITEM('',(#9301),#9299);
#9303=DIRECTION('',(1.E0,0.E0,0.E0));
#9304=VECTOR('',#9303,6.3E0);
#9305=CARTESIAN_POINT('',(-3.15E0,-2.1E0,1.2E0));
#9306=LINE('',#9305,#9304);
#9307=CURVE_STYLE('',#36,POSITIVE_LENGTH_MEASURE(2.E-2),#9234);
#9308=PRESENTATION_STYLE_ASSIGNMENT((#9307));
#9309=STYLED_ITEM('',(#9308),#9306);
#9310=DIRECTION('',(-2.017733089221E-1,2.017733089221E-1,-9.584232173801E-1));
#9311=VECTOR('',#9310,4.956056900400E-1);
#9312=CARTESIAN_POINT('',(-3.15E0,2.1E0,1.2E0));
#9313=LINE('',#9312,#9311);
#9314=CURVE_STYLE('',#36,POSITIVE_LENGTH_MEASURE(2.E-2),#9234);
#9315=PRESENTATION_STYLE_ASSIGNMENT((#9314));
#9316=STYLED_ITEM('',(#9315),#9313);
#9317=DIRECTION('',(0.E0,-1.E0,0.E0));
#9318=VECTOR('',#9317,4.4E0);
#9319=CARTESIAN_POINT('',(-3.25E0,2.2E0,7.25E-1));
#9320=LINE('',#9319,#9318);
#9321=CURVE_STYLE('',#36,POSITIVE_LENGTH_MEASURE(2.E-2),#9234);
#9322=PRESENTATION_STYLE_ASSIGNMENT((#9321));
#9323=STYLED_ITEM('',(#9322),#9320);
#9324=DIRECTION('',(-1.E0,0.E0,0.E0));
#9325=VECTOR('',#9324,6.5E0);
#9326=CARTESIAN_POINT('',(3.25E0,2.2E0,7.25E-1));
#9327=LINE('',#9326,#9325);
#9328=CURVE_STYLE('',#36,POSITIVE_LENGTH_MEASURE(2.E-2),#9234);
#9329=PRESENTATION_STYLE_ASSIGNMENT((#9328));
#9330=STYLED_ITEM('',(#9329),#9327);
#9331=DIRECTION('',(-1.E0,0.E0,0.E0));
#9332=VECTOR('',#9331,6.5E0);
#9333=CARTESIAN_POINT('',(3.25E0,2.2E0,6.25E-1));
#9334=LINE('',#9333,#9332);
#9335=CURVE_STYLE('',#36,POSITIVE_LENGTH_MEASURE(2.E-2),#9234);
#9336=PRESENTATION_STYLE_ASSIGNMENT((#9335));
#9337=STYLED_ITEM('',(#9336),#9334);
#9338=DIRECTION('',(0.E0,-1.E0,0.E0));
#9339=VECTOR('',#9338,4.4E0);
#9340=CARTESIAN_POINT('',(-3.25E0,2.2E0,6.25E-1));
#9341=LINE('',#9340,#9339);
#9342=CURVE_STYLE('',#36,POSITIVE_LENGTH_MEASURE(2.E-2),#9234);
#9343=PRESENTATION_STYLE_ASSIGNMENT((#9342));
#9344=STYLED_ITEM('',(#9343),#9341);
#9345=DIRECTION('',(1.287858708565E-13,-1.243449787580E-13,-1.E0));
#9346=VECTOR('',#9345,1.E-1);
#9347=CARTESIAN_POINT('',(-3.25E0,2.2E0,7.25E-1));
#9348=LINE('',#9347,#9346);
#9349=CURVE_STYLE('',#36,POSITIVE_LENGTH_MEASURE(2.E-2),#9234);
#9350=PRESENTATION_STYLE_ASSIGNMENT((#9349));
#9351=STYLED_ITEM('',(#9350),#9348);
#9352=DIRECTION('',(1.E0,0.E0,0.E0));
#9353=VECTOR('',#9352,6.5E0);
#9354=CARTESIAN_POINT('',(-3.25E0,-2.2E0,6.25E-1));
#9355=LINE('',#9354,#9353);
#9356=CURVE_STYLE('',#36,POSITIVE_LENGTH_MEASURE(2.E-2),#9234);
#9357=PRESENTATION_STYLE_ASSIGNMENT((#9356));
#9358=STYLED_ITEM('',(#9357),#9355);
#9359=DIRECTION('',(1.243449787580E-13,1.243449787580E-13,-1.E0));
#9360=VECTOR('',#9359,1.E-1);
#9361=CARTESIAN_POINT('',(-3.25E0,-2.2E0,7.25E-1));
#9362=LINE('',#9361,#9360);
#9363=CURVE_STYLE('',#36,POSITIVE_LENGTH_MEASURE(2.E-2),#9234);
#9364=PRESENTATION_STYLE_ASSIGNMENT((#9363));
#9365=STYLED_ITEM('',(#9364),#9362);
#9366=DIRECTION('',(-2.017733089221E-1,-2.017733089221E-1,-9.584232173801E-1));
#9367=VECTOR('',#9366,4.956056900400E-1);
#9368=CARTESIAN_POINT('',(-3.15E0,-2.1E0,1.2E0));
#9369=LINE('',#9368,#9367);
#9370=CURVE_STYLE('',#36,POSITIVE_LENGTH_MEASURE(2.E-2),#9234);
#9371=PRESENTATION_STYLE_ASSIGNMENT((#9370));
#9372=STYLED_ITEM('',(#9371),#9369);
#9373=DIRECTION('',(1.E0,0.E0,0.E0));
#9374=VECTOR('',#9373,6.5E0);
#9375=CARTESIAN_POINT('',(-3.25E0,-2.2E0,7.25E-1));
#9376=LINE('',#9375,#9374);
#9377=CURVE_STYLE('',#36,POSITIVE_LENGTH_MEASURE(2.E-2),#9234);
#9378=PRESENTATION_STYLE_ASSIGNMENT((#9377));
#9379=STYLED_ITEM('',(#9378),#9376);
#9380=DIRECTION('',(2.017733089221E-1,-2.017733089221E-1,-9.584232173801E-1));
#9381=VECTOR('',#9380,4.956056900400E-1);
#9382=CARTESIAN_POINT('',(3.15E0,-2.1E0,1.2E0));
#9383=LINE('',#9382,#9381);
#9384=CURVE_STYLE('',#36,POSITIVE_LENGTH_MEASURE(2.E-2),#9234);
#9385=PRESENTATION_STYLE_ASSIGNMENT((#9384));
#9386=STYLED_ITEM('',(#9385),#9383);
#9387=DIRECTION('',(-2.017733089221E-1,-2.017733089221E-1,9.584232173801E-1));
#9388=VECTOR('',#9387,4.956056900400E-1);
#9389=CARTESIAN_POINT('',(3.25E0,2.2E0,7.25E-1));
#9390=LINE('',#9389,#9388);
#9391=CURVE_STYLE('',#36,POSITIVE_LENGTH_MEASURE(2.E-2),#9234);
#9392=PRESENTATION_STYLE_ASSIGNMENT((#9391));
#9393=STYLED_ITEM('',(#9392),#9390);
#9394=DIRECTION('',(0.E0,1.E0,0.E0));
#9395=VECTOR('',#9394,4.4E0);
#9396=CARTESIAN_POINT('',(3.25E0,-2.2E0,7.25E-1));
#9397=LINE('',#9396,#9395);
#9398=CURVE_STYLE('',#36,POSITIVE_LENGTH_MEASURE(2.E-2),#9234);
#9399=PRESENTATION_STYLE_ASSIGNMENT((#9398));
#9400=STYLED_ITEM('',(#9399),#9397);
#9401=DIRECTION('',(-1.243449787580E-13,-1.243449787580E-13,1.E0));
#9402=VECTOR('',#9401,1.E-1);
#9403=CARTESIAN_POINT('',(3.25E0,2.2E0,6.25E-1));
#9404=LINE('',#9403,#9402);
#9405=CURVE_STYLE('',#36,POSITIVE_LENGTH_MEASURE(2.E-2),#9234);
#9406=PRESENTATION_STYLE_ASSIGNMENT((#9405));
#9407=STYLED_ITEM('',(#9406),#9404);
#9408=DIRECTION('',(0.E0,1.E0,0.E0));
#9409=VECTOR('',#9408,4.4E0);
#9410=CARTESIAN_POINT('',(3.25E0,-2.2E0,6.25E-1));
#9411=LINE('',#9410,#9409);
#9412=CURVE_STYLE('',#36,POSITIVE_LENGTH_MEASURE(2.E-2),#9234);
#9413=PRESENTATION_STYLE_ASSIGNMENT((#9412));
#9414=STYLED_ITEM('',(#9413),#9411);
#9415=DIRECTION('',(-1.287858708565E-13,1.287858708565E-13,-1.E0));
#9416=VECTOR('',#9415,1.E-1);
#9417=CARTESIAN_POINT('',(3.25E0,-2.2E0,7.25E-1));
#9418=LINE('',#9417,#9416);
#9419=CURVE_STYLE('',#36,POSITIVE_LENGTH_MEASURE(2.E-2),#9234);
#9420=PRESENTATION_STYLE_ASSIGNMENT((#9419));
#9421=STYLED_ITEM('',(#9420),#9418);
#9422=DIRECTION('',(2.017733089221E-1,2.017733089221E-1,9.584232173801E-1));
#9423=VECTOR('',#9422,4.956056900400E-1);
#9424=CARTESIAN_POINT('',(3.15E0,2.1E0,1.5E-1));
#9425=LINE('',#9424,#9423);
#9426=CURVE_STYLE('',#36,POSITIVE_LENGTH_MEASURE(2.E-2),#9234);
#9427=PRESENTATION_STYLE_ASSIGNMENT((#9426));
#9428=STYLED_ITEM('',(#9427),#9425);
#9429=DIRECTION('',(0.E0,1.E0,0.E0));
#9430=VECTOR('',#9429,4.2E0);
#9431=CARTESIAN_POINT('',(3.15E0,-2.1E0,1.5E-1));
#9432=LINE('',#9431,#9430);
#9433=CURVE_STYLE('',#36,POSITIVE_LENGTH_MEASURE(2.E-2),#9234);
#9434=PRESENTATION_STYLE_ASSIGNMENT((#9433));
#9435=STYLED_ITEM('',(#9434),#9432);
#9436=DIRECTION('',(-2.017733089221E-1,2.017733089221E-1,-9.584232173801E-1));
#9437=VECTOR('',#9436,4.956056900400E-1);
#9438=CARTESIAN_POINT('',(3.25E0,-2.2E0,6.25E-1));
#9439=LINE('',#9438,#9437);
#9440=CURVE_STYLE('',#36,POSITIVE_LENGTH_MEASURE(2.E-2),#9234);
#9441=PRESENTATION_STYLE_ASSIGNMENT((#9440));
#9442=STYLED_ITEM('',(#9441),#9439);
#9443=DIRECTION('',(-1.E0,0.E0,0.E0));
#9444=VECTOR('',#9443,6.3E0);
#9445=CARTESIAN_POINT('',(3.15E0,2.1E0,1.5E-1));
#9446=LINE('',#9445,#9444);
#9447=CURVE_STYLE('',#36,POSITIVE_LENGTH_MEASURE(2.E-2),#9234);
#9448=PRESENTATION_STYLE_ASSIGNMENT((#9447));
#9449=STYLED_ITEM('',(#9448),#9446);
#9450=DIRECTION('',(0.E0,-1.E0,0.E0));
#9451=VECTOR('',#9450,4.2E0);
#9452=CARTESIAN_POINT('',(-3.15E0,2.1E0,1.5E-1));
#9453=LINE('',#9452,#9451);
#9454=CURVE_STYLE('',#36,POSITIVE_LENGTH_MEASURE(2.E-2),#9234);
#9455=PRESENTATION_STYLE_ASSIGNMENT((#9454));
#9456=STYLED_ITEM('',(#9455),#9453);
#9457=DIRECTION('',(2.017733089221E-1,-2.017733089221E-1,-9.584232173801E-1));
#9458=VECTOR('',#9457,4.956056900400E-1);
#9459=CARTESIAN_POINT('',(-3.25E0,2.2E0,6.25E-1));
#9460=LINE('',#9459,#9458);
#9461=CURVE_STYLE('',#36,POSITIVE_LENGTH_MEASURE(2.E-2),#9234);
#9462=PRESENTATION_STYLE_ASSIGNMENT((#9461));
#9463=STYLED_ITEM('',(#9462),#9460);
#9464=DIRECTION('',(2.017733089221E-1,2.017733089221E-1,-9.584232173801E-1));
#9465=VECTOR('',#9464,4.956056900400E-1);
#9466=CARTESIAN_POINT('',(-3.25E0,-2.2E0,6.25E-1));
#9467=LINE('',#9466,#9465);
#9468=CURVE_STYLE('',#36,POSITIVE_LENGTH_MEASURE(2.E-2),#9234);
#9469=PRESENTATION_STYLE_ASSIGNMENT((#9468));
#9470=STYLED_ITEM('',(#9469),#9467);
#9471=DIRECTION('',(1.E0,0.E0,0.E0));
#9472=VECTOR('',#9471,6.3E0);
#9473=CARTESIAN_POINT('',(-3.15E0,-2.1E0,1.5E-1));
#9474=LINE('',#9473,#9472);
#9475=CURVE_STYLE('',#36,POSITIVE_LENGTH_MEASURE(2.E-2),#9234);
#9476=PRESENTATION_STYLE_ASSIGNMENT((#9475));
#9477=STYLED_ITEM('',(#9476),#9474);
#9478=CARTESIAN_POINT('',(2.26E0,1.065E0,1.E0));
#9479=CARTESIAN_POINT('',(2.26E0,1.065E0,1.2E0));
#9480=VERTEX_POINT('',#9478);
#9481=VERTEX_POINT('',#9479);
#9482=CARTESIAN_POINT('',(2.92E0,1.065E0,1.E0));
#9483=VERTEX_POINT('',#9482);
#9484=CARTESIAN_POINT('',(2.92E0,1.065E0,1.2E0));
#9485=VERTEX_POINT('',#9484);
#9486=CARTESIAN_POINT('',(-3.15E0,2.1E0,1.5E-1));
#9487=CARTESIAN_POINT('',(-3.15E0,-2.1E0,1.5E-1));
#9488=VERTEX_POINT('',#9486);
#9489=VERTEX_POINT('',#9487);
#9490=CARTESIAN_POINT('',(3.15E0,2.1E0,1.5E-1));
#9491=VERTEX_POINT('',#9490);
#9492=CARTESIAN_POINT('',(3.15E0,-2.1E0,1.5E-1));
#9493=VERTEX_POINT('',#9492);
#9494=CARTESIAN_POINT('',(-3.25E0,2.2E0,6.25E-1));
#9495=VERTEX_POINT('',#9494);
#9496=CARTESIAN_POINT('',(3.25E0,2.2E0,6.25E-1));
#9497=VERTEX_POINT('',#9496);
#9498=CARTESIAN_POINT('',(-3.25E0,-2.2E0,6.25E-1));
#9499=VERTEX_POINT('',#9498);
#9500=CARTESIAN_POINT('',(3.25E0,-2.2E0,6.25E-1));
#9501=VERTEX_POINT('',#9500);
#9502=CARTESIAN_POINT('',(3.25E0,2.2E0,7.25E-1));
#9503=CARTESIAN_POINT('',(-3.25E0,2.2E0,7.25E-1));
#9504=VERTEX_POINT('',#9502);
#9505=VERTEX_POINT('',#9503);
#9506=CARTESIAN_POINT('',(-3.25E0,-2.2E0,7.25E-1));
#9507=VERTEX_POINT('',#9506);
#9508=CARTESIAN_POINT('',(3.25E0,-2.2E0,7.25E-1));
#9509=VERTEX_POINT('',#9508);
#9510=CARTESIAN_POINT('',(-3.15E0,2.1E0,1.2E0));
#9511=VERTEX_POINT('',#9510);
#9512=CARTESIAN_POINT('',(3.15E0,2.1E0,1.2E0));
#9513=VERTEX_POINT('',#9512);
#9514=CARTESIAN_POINT('',(-3.15E0,-2.1E0,1.2E0));
#9515=VERTEX_POINT('',#9514);
#9516=CARTESIAN_POINT('',(3.15E0,-2.1E0,1.2E0));
#9517=VERTEX_POINT('',#9516);
#9518=CARTESIAN_POINT('',(2.59E0,1.065E0,1.2E0));
#9519=DIRECTION('',(0.E0,0.E0,-1.E0));
#9520=DIRECTION('',(-1.E0,0.E0,0.E0));
#9521=AXIS2_PLACEMENT_3D('',#9518,#9519,#9520);
#9522=CYLINDRICAL_SURFACE('',#9521,3.3E-1);
#9524=ORIENTED_EDGE('',*,*,#9523,.F.);
#9526=ORIENTED_EDGE('',*,*,#9525,.T.);
#9528=ORIENTED_EDGE('',*,*,#9527,.T.);
#9530=ORIENTED_EDGE('',*,*,#9529,.T.);
#9531=EDGE_LOOP('',(#9524,#9526,#9528,#9530));
#9532=FACE_OUTER_BOUND('',#9531,.F.);
#9533=ADVANCED_FACE('',(#9532),#9522,.F.);
#9534=CARTESIAN_POINT('',(2.59E0,1.065E0,1.2E0));
#9535=DIRECTION('',(0.E0,0.E0,-1.E0));
#9536=DIRECTION('',(-1.E0,0.E0,0.E0));
#9537=AXIS2_PLACEMENT_3D('',#9534,#9535,#9536);
#9538=CYLINDRICAL_SURFACE('',#9537,3.3E-1);
#9540=ORIENTED_EDGE('',*,*,#9539,.T.);
#9541=ORIENTED_EDGE('',*,*,#9523,.T.);
#9543=ORIENTED_EDGE('',*,*,#9542,.T.);
#9544=ORIENTED_EDGE('',*,*,#9527,.F.);
#9545=EDGE_LOOP('',(#9540,#9541,#9543,#9544));
#9546=FACE_OUTER_BOUND('',#9545,.F.);
#9547=ADVANCED_FACE('',(#9546),#9538,.F.);
#9548=CARTESIAN_POINT('',(2.59E0,1.065E0,1.E0));
#9549=DIRECTION('',(0.E0,0.E0,1.E0));
#9550=DIRECTION('',(1.E0,0.E0,0.E0));
#9551=AXIS2_PLACEMENT_3D('',#9548,#9549,#9550);
#9552=PLANE('',#9551);
#9553=ORIENTED_EDGE('',*,*,#9525,.F.);
#9554=ORIENTED_EDGE('',*,*,#9539,.F.);
#9555=EDGE_LOOP('',(#9553,#9554));
#9556=FACE_OUTER_BOUND('',#9555,.F.);
#9557=ADVANCED_FACE('',(#9556),#9552,.T.);
#9558=CARTESIAN_POINT('',(0.E0,0.E0,1.2E0));
#9559=DIRECTION('',(0.E0,0.E0,1.E0));
#9560=DIRECTION('',(1.E0,0.E0,0.E0));
#9561=AXIS2_PLACEMENT_3D('',#9558,#9559,#9560);
#9562=PLANE('',#9561);
#9564=ORIENTED_EDGE('',*,*,#9563,.F.);
#9566=ORIENTED_EDGE('',*,*,#9565,.F.);
#9568=ORIENTED_EDGE('',*,*,#9567,.F.);
#9570=ORIENTED_EDGE('',*,*,#9569,.F.);
#9571=EDGE_LOOP('',(#9564,#9566,#9568,#9570));
#9572=FACE_OUTER_BOUND('',#9571,.F.);
#9573=ORIENTED_EDGE('',*,*,#9542,.F.);
#9574=ORIENTED_EDGE('',*,*,#9529,.F.);
#9575=EDGE_LOOP('',(#9573,#9574));
#9576=FACE_BOUND('',#9575,.F.);
#9577=ADVANCED_FACE('',(#9572,#9576),#9562,.T.);
#9578=CARTESIAN_POINT('',(-3.2E0,1.1E0,9.625E-1));
#9579=DIRECTION('',(-9.785497849867E-1,0.E0,2.060104810499E-1));
#9580=DIRECTION('',(2.060104810499E-1,0.E0,9.785497849867E-1));
#9581=AXIS2_PLACEMENT_3D('',#9578,#9579,#9580);
#9582=PLANE('',#9581);
#9584=ORIENTED_EDGE('',*,*,#9583,.F.);
#9585=ORIENTED_EDGE('',*,*,#9563,.T.);
#9587=ORIENTED_EDGE('',*,*,#9586,.T.);
#9589=ORIENTED_EDGE('',*,*,#9588,.F.);
#9590=EDGE_LOOP('',(#9584,#9585,#9587,#9589));
#9591=FACE_OUTER_BOUND('',#9590,.F.);
#9592=ADVANCED_FACE('',(#9591),#9582,.T.);
#9593=CARTESIAN_POINT('',(1.625E0,2.15E0,9.625E-1));
#9594=DIRECTION('',(0.E0,9.785497849867E-1,2.060104810499E-1));
#9595=DIRECTION('',(0.E0,-2.060104810499E-1,9.785497849867E-1));
#9596=AXIS2_PLACEMENT_3D('',#9593,#9594,#9595);
#9597=PLANE('',#9596);
#9598=ORIENTED_EDGE('',*,*,#9583,.T.);
#9600=ORIENTED_EDGE('',*,*,#9599,.F.);
#9602=ORIENTED_EDGE('',*,*,#9601,.T.);
#9603=ORIENTED_EDGE('',*,*,#9565,.T.);
#9604=EDGE_LOOP('',(#9598,#9600,#9602,#9603));
#9605=FACE_OUTER_BOUND('',#9604,.F.);
#9606=ADVANCED_FACE('',(#9605),#9597,.T.);
#9607=CARTESIAN_POINT('',(3.25E0,2.2E0,6.75E-1));
#9608=DIRECTION('',(0.E0,1.E0,0.E0));
#9609=DIRECTION('',(-1.E0,0.E0,0.E0));
#9610=AXIS2_PLACEMENT_3D('',#9607,#9608,#9609);
#9611=PLANE('',#9610);
#9612=ORIENTED_EDGE('',*,*,#9599,.T.);
#9614=ORIENTED_EDGE('',*,*,#9613,.T.);
#9616=ORIENTED_EDGE('',*,*,#9615,.F.);
#9618=ORIENTED_EDGE('',*,*,#9617,.T.);
#9619=EDGE_LOOP('',(#9612,#9614,#9616,#9618));
#9620=FACE_OUTER_BOUND('',#9619,.F.);
#9621=ADVANCED_FACE('',(#9620),#9611,.T.);
#9622=CARTESIAN_POINT('',(-3.25E0,2.2E0,6.75E-1));
#9623=DIRECTION('',(-1.E0,0.E0,0.E0));
#9624=DIRECTION('',(0.E0,0.E0,1.E0));
#9625=AXIS2_PLACEMENT_3D('',#9622,#9623,#9624);
#9626=PLANE('',#9625);
#9627=ORIENTED_EDGE('',*,*,#9588,.T.);
#9629=ORIENTED_EDGE('',*,*,#9628,.T.);
#9631=ORIENTED_EDGE('',*,*,#9630,.F.);
#9632=ORIENTED_EDGE('',*,*,#9613,.F.);
#9633=EDGE_LOOP('',(#9627,#9629,#9631,#9632));
#9634=FACE_OUTER_BOUND('',#9633,.F.);
#9635=ADVANCED_FACE('',(#9634),#9626,.T.);
#9636=CARTESIAN_POINT('',(-3.25E0,-2.2E0,6.75E-1));
#9637=DIRECTION('',(0.E0,-1.E0,0.E0));
#9638=DIRECTION('',(1.E0,0.E0,0.E0));
#9639=AXIS2_PLACEMENT_3D('',#9636,#9637,#9638);
#9640=PLANE('',#9639);
#9642=ORIENTED_EDGE('',*,*,#9641,.T.);
#9644=ORIENTED_EDGE('',*,*,#9643,.T.);
#9646=ORIENTED_EDGE('',*,*,#9645,.F.);
#9647=ORIENTED_EDGE('',*,*,#9628,.F.);
#9648=EDGE_LOOP('',(#9642,#9644,#9646,#9647));
#9649=FACE_OUTER_BOUND('',#9648,.F.);
#9650=ADVANCED_FACE('',(#9649),#9640,.T.);
#9651=CARTESIAN_POINT('',(-1.625E0,-2.15E0,9.625E-1));
#9652=DIRECTION('',(0.E0,-9.785497849867E-1,2.060104810499E-1));
#9653=DIRECTION('',(0.E0,-2.060104810499E-1,-9.785497849867E-1));
#9654=AXIS2_PLACEMENT_3D('',#9651,#9652,#9653);
#9655=PLANE('',#9654);
#9656=ORIENTED_EDGE('',*,*,#9586,.F.);
#9657=ORIENTED_EDGE('',*,*,#9569,.T.);
#9659=ORIENTED_EDGE('',*,*,#9658,.T.);
#9660=ORIENTED_EDGE('',*,*,#9641,.F.);
#9661=EDGE_LOOP('',(#9656,#9657,#9659,#9660));
#9662=FACE_OUTER_BOUND('',#9661,.F.);
#9663=ADVANCED_FACE('',(#9662),#9655,.T.);
#9664=CARTESIAN_POINT('',(3.2E0,-1.1E0,9.625E-1));
#9665=DIRECTION('',(9.785497849867E-1,0.E0,2.060104810499E-1));
#9666=DIRECTION('',(2.060104810499E-1,0.E0,-9.785497849867E-1));
#9667=AXIS2_PLACEMENT_3D('',#9664,#9665,#9666);
#9668=PLANE('',#9667);
#9669=ORIENTED_EDGE('',*,*,#9658,.F.);
#9670=ORIENTED_EDGE('',*,*,#9567,.T.);
#9671=ORIENTED_EDGE('',*,*,#9601,.F.);
#9673=ORIENTED_EDGE('',*,*,#9672,.F.);
#9674=EDGE_LOOP('',(#9669,#9670,#9671,#9673));
#9675=FACE_OUTER_BOUND('',#9674,.F.);
#9676=ADVANCED_FACE('',(#9675),#9668,.T.);
#9677=CARTESIAN_POINT('',(3.25E0,-2.2E0,6.75E-1));
#9678=DIRECTION('',(1.E0,0.E0,0.E0));
#9679=DIRECTION('',(0.E0,1.E0,0.E0));
#9680=AXIS2_PLACEMENT_3D('',#9677,#9678,#9679);
#9681=PLANE('',#9680);
#9682=ORIENTED_EDGE('',*,*,#9672,.T.);
#9683=ORIENTED_EDGE('',*,*,#9617,.F.);
#9685=ORIENTED_EDGE('',*,*,#9684,.F.);
#9686=ORIENTED_EDGE('',*,*,#9643,.F.);
#9687=EDGE_LOOP('',(#9682,#9683,#9685,#9686));
#9688=FACE_OUTER_BOUND('',#9687,.F.);
#9689=ADVANCED_FACE('',(#9688),#9681,.T.);
#9690=CARTESIAN_POINT('',(3.2E0,-1.1E0,3.875E-1));
#9691=DIRECTION('',(9.785497849867E-1,0.E0,-2.060104810499E-1));
#9692=DIRECTION('',(-2.060104810499E-1,0.E0,-9.785497849867E-1));
#9693=AXIS2_PLACEMENT_3D('',#9690,#9691,#9692);
#9694=PLANE('',#9693);
#9696=ORIENTED_EDGE('',*,*,#9695,.F.);
#9698=ORIENTED_EDGE('',*,*,#9697,.F.);
#9700=ORIENTED_EDGE('',*,*,#9699,.F.);
#9701=ORIENTED_EDGE('',*,*,#9684,.T.);
#9702=EDGE_LOOP('',(#9696,#9698,#9700,#9701));
#9703=FACE_OUTER_BOUND('',#9702,.F.);
#9704=ADVANCED_FACE('',(#9703),#9694,.T.);
#9705=CARTESIAN_POINT('',(1.625E0,2.15E0,3.875E-1));
#9706=DIRECTION('',(0.E0,9.785497849867E-1,-2.060104810499E-1));
#9707=DIRECTION('',(0.E0,2.060104810499E-1,9.785497849867E-1));
#9708=AXIS2_PLACEMENT_3D('',#9705,#9706,#9707);
#9709=PLANE('',#9708);
#9711=ORIENTED_EDGE('',*,*,#9710,.T.);
#9713=ORIENTED_EDGE('',*,*,#9712,.F.);
#9714=ORIENTED_EDGE('',*,*,#9695,.T.);
#9715=ORIENTED_EDGE('',*,*,#9615,.T.);
#9716=EDGE_LOOP('',(#9711,#9713,#9714,#9715));
#9717=FACE_OUTER_BOUND('',#9716,.F.);
#9718=ADVANCED_FACE('',(#9717),#9709,.T.);
#9719=CARTESIAN_POINT('',(-3.2E0,1.1E0,3.875E-1));
#9720=DIRECTION('',(-9.785497849867E-1,0.E0,-2.060104810499E-1));
#9721=DIRECTION('',(-2.060104810499E-1,0.E0,9.785497849867E-1));
#9722=AXIS2_PLACEMENT_3D('',#9719,#9720,#9721);
#9723=PLANE('',#9722);
#9725=ORIENTED_EDGE('',*,*,#9724,.T.);
#9727=ORIENTED_EDGE('',*,*,#9726,.F.);
#9728=ORIENTED_EDGE('',*,*,#9710,.F.);
#9729=ORIENTED_EDGE('',*,*,#9630,.T.);
#9730=EDGE_LOOP('',(#9725,#9727,#9728,#9729));
#9731=FACE_OUTER_BOUND('',#9730,.F.);
#9732=ADVANCED_FACE('',(#9731),#9723,.T.);
#9733=CARTESIAN_POINT('',(-1.625E0,-2.15E0,3.875E-1));
#9734=DIRECTION('',(0.E0,-9.785497849867E-1,-2.060104810499E-1));
#9735=DIRECTION('',(0.E0,2.060104810499E-1,-9.785497849867E-1));
#9736=AXIS2_PLACEMENT_3D('',#9733,#9734,#9735);
#9737=PLANE('',#9736);
#9738=ORIENTED_EDGE('',*,*,#9724,.F.);
#9739=ORIENTED_EDGE('',*,*,#9645,.T.);
#9740=ORIENTED_EDGE('',*,*,#9699,.T.);
#9742=ORIENTED_EDGE('',*,*,#9741,.F.);
#9743=EDGE_LOOP('',(#9738,#9739,#9740,#9742));
#9744=FACE_OUTER_BOUND('',#9743,.F.);
#9745=ADVANCED_FACE('',(#9744),#9737,.T.);
#9746=CARTESIAN_POINT('',(0.E0,0.E0,1.5E-1));
#9747=DIRECTION('',(0.E0,0.E0,-1.E0));
#9748=DIRECTION('',(-1.E0,0.E0,0.E0));
#9749=AXIS2_PLACEMENT_3D('',#9746,#9747,#9748);
#9750=PLANE('',#9749);
#9751=ORIENTED_EDGE('',*,*,#9726,.T.);
#9752=ORIENTED_EDGE('',*,*,#9741,.T.);
#9753=ORIENTED_EDGE('',*,*,#9697,.T.);
#9754=ORIENTED_EDGE('',*,*,#9712,.T.);
#9755=EDGE_LOOP('',(#9751,#9752,#9753,#9754));
#9756=FACE_OUTER_BOUND('',#9755,.F.);
#9757=ADVANCED_FACE('',(#9756),#9750,.T.);
#9760=FILL_AREA_STYLE_COLOUR('',#9234);
#9761=FILL_AREA_STYLE('',(#9760));
#9762=SURFACE_STYLE_FILL_AREA(#9761);
#9763=SURFACE_SIDE_STYLE('',(#9762));
#9764=SURFACE_STYLE_USAGE(.BOTH.,#9763);
#9765=PRESENTATION_STYLE_ASSIGNMENT((#9764));
#9235=STYLED_ITEM('',(#9765),#9759);
#9767=DIMENSIONAL_EXPONENTS(0.E0,0.E0,0.E0,0.E0,0.E0,0.E0,0.E0);
#9769=PLANE_ANGLE_MEASURE_WITH_UNIT(PLANE_ANGLE_MEASURE(1.745329251994E-2),
#9768);
#9770=(CONVERSION_BASED_UNIT('DEGREE',#9769)NAMED_UNIT(*)PLANE_ANGLE_UNIT());
#9772=UNCERTAINTY_MEASURE_WITH_UNIT(LENGTH_MEASURE(7.918805661231E-4),#9766,
'closure',
'Maximum model space distance between geometric entities at asserted connectivities');
#9773=(GEOMETRIC_REPRESENTATION_CONTEXT(3)GLOBAL_UNCERTAINTY_ASSIGNED_CONTEXT((
#9772))GLOBAL_UNIT_ASSIGNED_CONTEXT((#9766,#9770,#9771))REPRESENTATION_CONTEXT(
'ID16','3'));
#9774=CARTESIAN_POINT('',(0.E0,0.E0,0.E0));
#9775=DIRECTION('',(0.E0,0.E0,1.E0));
#9776=DIRECTION('',(1.E0,0.E0,0.E0));
#9779=MECHANICAL_CONTEXT('',#781,'mechanical');
#9780=PRODUCT('USER_LIBRARY-TSSOP-20-2__-22104',
'USER_LIBRARY-TSSOP-20-2__-22104','NOT SPECIFIED',(#9779));
#9781=PRODUCT_DEFINITION_FORMATION_WITH_SPECIFIED_SOURCE('1','LAST_VERSION',
#9780,.MADE.);
#9790=CARTESIAN_POINT('',(0.E0,0.E0,0.E0));
#9791=DIRECTION('',(0.E0,1.E0,0.E0));
#9792=DIRECTION('',(-1.E0,0.E0,0.E0));
#9793=AXIS2_PLACEMENT_3D('',#9790,#9791,#9792);
#9794=ITEM_DEFINED_TRANSFORMATION('','',#9777,#9793);
#9795=CARTESIAN_POINT('',(0.E0,0.E0,0.E0));
#9796=DIRECTION('',(0.E0,0.E0,1.E0));
#9797=DIRECTION('',(1.E0,0.E0,0.E0));
#9799=(REPRESENTATION_RELATIONSHIP('','',#9778,#9787)REPRESENTATION_RELATIONSHIP_WITH_TRANSFORMATION(#9794)SHAPE_REPRESENTATION_RELATIONSHIP());
#9800=CONTEXT_DEPENDENT_SHAPE_REPRESENTATION(#9799,#9789);
#9803=DIRECTION('',(0.E0,0.E0,-1.E0));
#9804=VECTOR('',#9803,2.E-1);
#9805=CARTESIAN_POINT('',(2.92E0,1.065E0,1.2E0));
#9806=LINE('',#9805,#9804);
#9807=CURVE_STYLE('',#36,POSITIVE_LENGTH_MEASURE(2.E-2),#9801);
#9808=PRESENTATION_STYLE_ASSIGNMENT((#9807));
#9809=STYLED_ITEM('',(#9808),#9806);
#9810=CARTESIAN_POINT('',(2.59E0,1.065E0,1.E0));
#9811=DIRECTION('',(0.E0,0.E0,-1.E0));
#9812=DIRECTION('',(-1.E0,0.E0,0.E0));
#9813=AXIS2_PLACEMENT_3D('',#9810,#9811,#9812);
#9815=CURVE_STYLE('',#36,POSITIVE_LENGTH_MEASURE(2.E-2),#9801);
#9816=PRESENTATION_STYLE_ASSIGNMENT((#9815));
#9817=STYLED_ITEM('',(#9816),#9814);
#9818=CARTESIAN_POINT('',(2.59E0,1.065E0,1.E0));
#9819=DIRECTION('',(0.E0,0.E0,-1.E0));
#9820=DIRECTION('',(1.E0,0.E0,0.E0));
#9821=AXIS2_PLACEMENT_3D('',#9818,#9819,#9820);
#9823=CURVE_STYLE('',#36,POSITIVE_LENGTH_MEASURE(2.E-2),#9801);
#9824=PRESENTATION_STYLE_ASSIGNMENT((#9823));
#9825=STYLED_ITEM('',(#9824),#9822);
#9826=DIRECTION('',(0.E0,0.E0,-1.E0));
#9827=VECTOR('',#9826,2.E-1);
#9828=CARTESIAN_POINT('',(2.26E0,1.065E0,1.2E0));
#9829=LINE('',#9828,#9827);
#9830=CURVE_STYLE('',#36,POSITIVE_LENGTH_MEASURE(2.E-2),#9801);
#9831=PRESENTATION_STYLE_ASSIGNMENT((#9830));
#9832=STYLED_ITEM('',(#9831),#9829);
#9833=CARTESIAN_POINT('',(2.59E0,1.065E0,1.2E0));
#9834=DIRECTION('',(0.E0,0.E0,1.E0));
#9835=DIRECTION('',(-1.E0,0.E0,0.E0));
#9836=AXIS2_PLACEMENT_3D('',#9833,#9834,#9835);
#9838=CURVE_STYLE('',#36,POSITIVE_LENGTH_MEASURE(2.E-2),#9801);
#9839=PRESENTATION_STYLE_ASSIGNMENT((#9838));
#9840=STYLED_ITEM('',(#9839),#9837);
#9841=CARTESIAN_POINT('',(2.59E0,1.065E0,1.2E0));
#9842=DIRECTION('',(0.E0,0.E0,1.E0));
#9843=DIRECTION('',(1.E0,0.E0,0.E0));
#9844=AXIS2_PLACEMENT_3D('',#9841,#9842,#9843);
#9846=CURVE_STYLE('',#36,POSITIVE_LENGTH_MEASURE(2.E-2),#9801);
#9847=PRESENTATION_STYLE_ASSIGNMENT((#9846));
#9848=STYLED_ITEM('',(#9847),#9845);
#9849=CARTESIAN_POINT('',(2.26E0,1.065E0,1.E0));
#9850=CARTESIAN_POINT('',(2.92E0,1.065E0,1.E0));
#9851=VERTEX_POINT('',#9849);
#9852=VERTEX_POINT('',#9850);
#9853=CARTESIAN_POINT('',(2.26E0,1.065E0,1.2E0));
#9854=VERTEX_POINT('',#9853);
#9855=CARTESIAN_POINT('',(2.92E0,1.065E0,1.2E0));
#9856=VERTEX_POINT('',#9855);
#9857=CARTESIAN_POINT('',(2.59E0,1.065E0,1.E0));
#9858=DIRECTION('',(0.E0,0.E0,1.E0));
#9859=DIRECTION('',(1.E0,0.E0,0.E0));
#9860=AXIS2_PLACEMENT_3D('',#9857,#9858,#9859);
#9861=CYLINDRICAL_SURFACE('',#9860,3.3E-1);
#9863=ORIENTED_EDGE('',*,*,#9862,.T.);
#9865=ORIENTED_EDGE('',*,*,#9864,.F.);
#9867=ORIENTED_EDGE('',*,*,#9866,.T.);
#9869=ORIENTED_EDGE('',*,*,#9868,.T.);
#9870=EDGE_LOOP('',(#9863,#9865,#9867,#9869));
#9871=FACE_OUTER_BOUND('',#9870,.F.);
#9872=ADVANCED_FACE('',(#9871),#9861,.T.);
#9873=CARTESIAN_POINT('',(2.59E0,1.065E0,1.E0));
#9874=DIRECTION('',(0.E0,0.E0,1.E0));
#9875=DIRECTION('',(1.E0,0.E0,0.E0));
#9876=AXIS2_PLACEMENT_3D('',#9873,#9874,#9875);
#9877=PLANE('',#9876);
#9878=ORIENTED_EDGE('',*,*,#9862,.F.);
#9880=ORIENTED_EDGE('',*,*,#9879,.F.);
#9881=EDGE_LOOP('',(#9878,#9880));
#9882=FACE_OUTER_BOUND('',#9881,.F.);
#9883=ADVANCED_FACE('',(#9882),#9877,.F.);
#9884=CARTESIAN_POINT('',(2.59E0,1.065E0,1.E0));
#9885=DIRECTION('',(0.E0,0.E0,1.E0));
#9886=DIRECTION('',(1.E0,0.E0,0.E0));
#9887=AXIS2_PLACEMENT_3D('',#9884,#9885,#9886);
#9888=CYLINDRICAL_SURFACE('',#9887,3.3E-1);
#9889=ORIENTED_EDGE('',*,*,#9868,.F.);
#9891=ORIENTED_EDGE('',*,*,#9890,.T.);
#9892=ORIENTED_EDGE('',*,*,#9864,.T.);
#9893=ORIENTED_EDGE('',*,*,#9879,.T.);
#9894=EDGE_LOOP('',(#9889,#9891,#9892,#9893));
#9895=FACE_OUTER_BOUND('',#9894,.F.);
#9896=ADVANCED_FACE('',(#9895),#9888,.T.);
#9897=CARTESIAN_POINT('',(2.59E0,1.065E0,1.2E0));
#9898=DIRECTION('',(0.E0,0.E0,1.E0));
#9899=DIRECTION('',(1.E0,0.E0,0.E0));
#9900=AXIS2_PLACEMENT_3D('',#9897,#9898,#9899);
#9901=PLANE('',#9900);
#9902=ORIENTED_EDGE('',*,*,#9890,.F.);
#9903=ORIENTED_EDGE('',*,*,#9866,.F.);
#9904=EDGE_LOOP('',(#9902,#9903));
#9905=FACE_OUTER_BOUND('',#9904,.F.);
#9906=ADVANCED_FACE('',(#9905),#9901,.T.);
#9909=FILL_AREA_STYLE_COLOUR('',#9801);
#9910=FILL_AREA_STYLE('',(#9909));
#9911=SURFACE_STYLE_FILL_AREA(#9910);
#9912=SURFACE_SIDE_STYLE('',(#9911));
#9913=SURFACE_STYLE_USAGE(.BOTH.,#9912);
#9914=PRESENTATION_STYLE_ASSIGNMENT((#9913));
#9802=STYLED_ITEM('',(#9914),#9908);
#9916=DIMENSIONAL_EXPONENTS(0.E0,0.E0,0.E0,0.E0,0.E0,0.E0,0.E0);
#9918=PLANE_ANGLE_MEASURE_WITH_UNIT(PLANE_ANGLE_MEASURE(1.745329251994E-2),
#9917);
#9919=(CONVERSION_BASED_UNIT('DEGREE',#9918)NAMED_UNIT(*)PLANE_ANGLE_UNIT());
#9921=UNCERTAINTY_MEASURE_WITH_UNIT(LENGTH_MEASURE(9.548419102755E-5),#9915,
'closure',
'Maximum model space distance between geometric entities at asserted connectivities');
#9922=(GEOMETRIC_REPRESENTATION_CONTEXT(3)GLOBAL_UNCERTAINTY_ASSIGNED_CONTEXT((
#9921))GLOBAL_UNIT_ASSIGNED_CONTEXT((#9915,#9919,#9920))REPRESENTATION_CONTEXT(
'ID17','3'));
#9923=CARTESIAN_POINT('',(0.E0,0.E0,0.E0));
#9924=DIRECTION('',(0.E0,0.E0,1.E0));
#9925=DIRECTION('',(1.E0,0.E0,0.E0));
#9928=DESIGN_CONTEXT('',#781,'design');
#9929=MECHANICAL_CONTEXT('',#781,'mechanical');
#9930=PRODUCT('USER_LIBRARY-TSSOP-20-2__-23055',
'USER_LIBRARY-TSSOP-20-2__-23055','NOT SPECIFIED',(#9929));
#9931=PRODUCT_DEFINITION_FORMATION_WITH_SPECIFIED_SOURCE('1','LAST_VERSION',
#9930,.MADE.);
#9937=CARTESIAN_POINT('',(0.E0,0.E0,0.E0));
#9938=DIRECTION('',(0.E0,1.E0,0.E0));
#9939=DIRECTION('',(-1.E0,0.E0,0.E0));
#9940=AXIS2_PLACEMENT_3D('',#9937,#9938,#9939);
#9941=ITEM_DEFINED_TRANSFORMATION('','',#9926,#9940);
#9942=CARTESIAN_POINT('',(0.E0,0.E0,0.E0));
#9943=DIRECTION('',(0.E0,0.E0,1.E0));
#9944=DIRECTION('',(1.E0,0.E0,0.E0));
#9946=(REPRESENTATION_RELATIONSHIP('','',#9927,#9787)REPRESENTATION_RELATIONSHIP_WITH_TRANSFORMATION(#9941)SHAPE_REPRESENTATION_RELATIONSHIP());
#9947=CONTEXT_DEPENDENT_SHAPE_REPRESENTATION(#9946,#9936);
#9950=CARTESIAN_POINT('',(5.25E-1,2.306680960443E0,-2.8E0));
#9951=DIRECTION('',(0.E0,0.E0,-1.E0));
#9952=DIRECTION('',(2.588190451848E-1,9.659258262670E-1,0.E0));
#9953=AXIS2_PLACEMENT_3D('',#9950,#9951,#9952);
#9955=CURVE_STYLE('',#36,POSITIVE_LENGTH_MEASURE(2.E-2),#9948);
#9956=PRESENTATION_STYLE_ASSIGNMENT((#9955));
#9957=STYLED_ITEM('',(#9956),#9954);
#9958=DIRECTION('',(9.659258262890E-1,-2.588190451029E-1,0.E0));
#9959=VECTOR('',#9958,4.485171359504E-1);
#9960=CARTESIAN_POINT('',(1.111771432371E-1,2.495210174253E0,-2.8E0));
#9961=LINE('',#9960,#9959);
#9962=CURVE_STYLE('',#36,POSITIVE_LENGTH_MEASURE(2.E-2),#9948);
#9963=PRESENTATION_STYLE_ASSIGNMENT((#9962));
#9964=STYLED_ITEM('',(#9963),#9961);
#9965=CARTESIAN_POINT('',(1.5E-1,2.640099048197E0,-2.8E0));
#9966=DIRECTION('',(0.E0,0.E0,1.E0));
#9967=DIRECTION('',(-1.E0,0.E0,0.E0));
#9968=AXIS2_PLACEMENT_3D('',#9965,#9966,#9967);
#9970=CURVE_STYLE('',#36,POSITIVE_LENGTH_MEASURE(2.E-2),#9948);
#9971=PRESENTATION_STYLE_ASSIGNMENT((#9970));
#9972=STYLED_ITEM('',(#9971),#9969);
#9973=CARTESIAN_POINT('',(2.25E-1,2.697648572295E0,-2.8E0));
#9974=DIRECTION('',(0.E0,0.E0,-1.E0));
#9975=DIRECTION('',(-2.588190451881E-1,-9.659258262661E-1,0.E0));
#9976=AXIS2_PLACEMENT_3D('',#9973,#9974,#9975);
#9978=CURVE_STYLE('',#36,POSITIVE_LENGTH_MEASURE(2.E-2),#9948);
#9979=PRESENTATION_STYLE_ASSIGNMENT((#9978));
#9980=STYLED_ITEM('',(#9979),#9977);
#9981=DIRECTION('',(-9.659258262890E-1,2.588190451029E-1,0.E0));
#9982=VECTOR('',#9981,4.485171359507E-1);
#9983=CARTESIAN_POINT('',(6.388228567629E-1,2.509119358485E0,-2.8E0));
#9984=LINE('',#9983,#9982);
#9985=CURVE_STYLE('',#36,POSITIVE_LENGTH_MEASURE(2.E-2),#9948);
#9986=PRESENTATION_STYLE_ASSIGNMENT((#9985));
#9987=STYLED_ITEM('',(#9986),#9984);
#9988=CARTESIAN_POINT('',(6.E-1,2.364230484541E0,-2.8E0));
#9989=DIRECTION('',(0.E0,0.E0,1.E0));
#9990=DIRECTION('',(1.E0,0.E0,0.E0));
#9991=AXIS2_PLACEMENT_3D('',#9988,#9989,#9990);
#9993=CURVE_STYLE('',#36,POSITIVE_LENGTH_MEASURE(2.E-2),#9948);
#9994=PRESENTATION_STYLE_ASSIGNMENT((#9993));
#9995=STYLED_ITEM('',(#9994),#9992);
#9996=DIRECTION('',(0.E0,0.E0,-1.E0));
#9997=VECTOR('',#9996,2.5E-1);
#9998=CARTESIAN_POINT('',(6.E-1,2.306680960443E0,-2.8E0));
#9999=LINE('',#9998,#9997);
#10000=CURVE_STYLE('',#36,POSITIVE_LENGTH_MEASURE(2.E-2),#9948);
#10001=PRESENTATION_STYLE_ASSIGNMENT((#10000));
#10002=STYLED_ITEM('',(#10001),#9999);
#10003=DIRECTION('',(0.E0,0.E0,1.E0));
#10004=VECTOR('',#10003,2.5E-1);
#10005=CARTESIAN_POINT('',(5.444114283848E-1,2.379125397414E0,-3.05E0));
#10006=LINE('',#10005,#10004);
#10007=CURVE_STYLE('',#36,POSITIVE_LENGTH_MEASURE(2.E-2),#9948);
#10008=PRESENTATION_STYLE_ASSIGNMENT((#10007));
#10009=STYLED_ITEM('',(#10008),#10006);
#10010=DIRECTION('',(0.E0,1.E0,0.E0));
#10011=VECTOR('',#10010,2.066809604430E-1);
#10012=CARTESIAN_POINT('',(6.E-1,2.1E0,-2.8E0));
#10013=LINE('',#10012,#10011);
#10014=CURVE_STYLE('',#36,POSITIVE_LENGTH_MEASURE(2.E-2),#9948);
#10015=PRESENTATION_STYLE_ASSIGNMENT((#10014));
#10016=STYLED_ITEM('',(#10015),#10013);
#10017=DIRECTION('',(0.E0,0.E0,-1.E0));
#10018=VECTOR('',#10017,2.5E-1);
#10019=CARTESIAN_POINT('',(6.E-1,2.1E0,-2.8E0));
#10020=LINE('',#10019,#10018);
#10021=CURVE_STYLE('',#36,POSITIVE_LENGTH_MEASURE(2.E-2),#9948);
#10022=PRESENTATION_STYLE_ASSIGNMENT((#10021));
#10023=STYLED_ITEM('',(#10022),#10020);
#10024=DIRECTION('',(-1.E0,0.E0,0.E0));
#10025=VECTOR('',#10024,1.5E-1);
#10026=CARTESIAN_POINT('',(7.5E-1,2.1E0,-2.8E0));
#10027=LINE('',#10026,#10025);
#10028=CURVE_STYLE('',#36,POSITIVE_LENGTH_MEASURE(2.E-2),#9948);
#10029=PRESENTATION_STYLE_ASSIGNMENT((#10028));
#10030=STYLED_ITEM('',(#10029),#10027);
#10031=DIRECTION('',(0.E0,0.E0,1.E0));
#10032=VECTOR('',#10031,2.5E-1);
#10033=CARTESIAN_POINT('',(7.5E-1,2.1E0,-3.05E0));
#10034=LINE('',#10033,#10032);
#10035=CURVE_STYLE('',#36,POSITIVE_LENGTH_MEASURE(2.E-2),#9948);
#10036=PRESENTATION_STYLE_ASSIGNMENT((#10035));
#10037=STYLED_ITEM('',(#10036),#10034);
#10038=DIRECTION('',(0.E0,-1.E0,0.E0));
#10039=VECTOR('',#10038,2.642304845410E-1);
#10040=CARTESIAN_POINT('',(7.5E-1,2.364230484541E0,-2.8E0));
#10041=LINE('',#10040,#10039);
#10042=CURVE_STYLE('',#36,POSITIVE_LENGTH_MEASURE(2.E-2),#9948);
#10043=PRESENTATION_STYLE_ASSIGNMENT((#10042));
#10044=STYLED_ITEM('',(#10043),#10041);
#10045=DIRECTION('',(0.E0,0.E0,-1.E0));
#10046=VECTOR('',#10045,2.5E-1);
#10047=CARTESIAN_POINT('',(7.5E-1,2.364230484541E0,-2.8E0));
#10048=LINE('',#10047,#10046);
#10049=CURVE_STYLE('',#36,POSITIVE_LENGTH_MEASURE(2.E-2),#9948);
#10050=PRESENTATION_STYLE_ASSIGNMENT((#10049));
#10051=STYLED_ITEM('',(#10050),#10048);
#10052=DIRECTION('',(0.E0,0.E0,1.E0));
#10053=VECTOR('',#10052,2.5E-1);
#10054=CARTESIAN_POINT('',(6.388228567629E-1,2.509119358485E0,-3.05E0));
#10055=LINE('',#10054,#10053);
#10056=CURVE_STYLE('',#36,POSITIVE_LENGTH_MEASURE(2.E-2),#9948);
#10057=PRESENTATION_STYLE_ASSIGNMENT((#10056));
#10058=STYLED_ITEM('',(#10057),#10055);
#10059=DIRECTION('',(0.E0,0.E0,-1.E0));
#10060=VECTOR('',#10059,2.5E-1);
#10061=CARTESIAN_POINT('',(1.5E-1,2.697648572295E0,-2.8E0));
#10062=LINE('',#10061,#10060);
#10063=CURVE_STYLE('',#36,POSITIVE_LENGTH_MEASURE(2.E-2),#9948);
#10064=PRESENTATION_STYLE_ASSIGNMENT((#10063));
#10065=STYLED_ITEM('',(#10064),#10062);
#10066=DIRECTION('',(0.E0,0.E0,1.E0));
#10067=VECTOR('',#10066,2.5E-1);
#10068=CARTESIAN_POINT('',(2.055885716150E-1,2.625204135324E0,-3.05E0));
#10069=LINE('',#10068,#10067);
#10070=CURVE_STYLE('',#36,POSITIVE_LENGTH_MEASURE(2.E-2),#9948);
#10071=PRESENTATION_STYLE_ASSIGNMENT((#10070));
#10072=STYLED_ITEM('',(#10071),#10069);
#10073=DIRECTION('',(0.E0,-1.E0,0.E0));
#10074=VECTOR('',#10073,5.023514277050E-1);
#10075=CARTESIAN_POINT('',(1.5E-1,3.2E0,-2.8E0));
#10076=LINE('',#10075,#10074);
#10077=CURVE_STYLE('',#36,POSITIVE_LENGTH_MEASURE(2.E-2),#9948);
#10078=PRESENTATION_STYLE_ASSIGNMENT((#10077));
#10079=STYLED_ITEM('',(#10078),#10076);
#10080=DIRECTION('',(0.E0,0.E0,1.E0));
#10081=VECTOR('',#10080,2.5E-1);
#10082=CARTESIAN_POINT('',(1.5E-1,3.2E0,-3.05E0));
#10083=LINE('',#10082,#10081);
#10084=CURVE_STYLE('',#36,POSITIVE_LENGTH_MEASURE(2.E-2),#9948);
#10085=PRESENTATION_STYLE_ASSIGNMENT((#10084));
#10086=STYLED_ITEM('',(#10085),#10083);
#10087=DIRECTION('',(1.E0,0.E0,0.E0));
#10088=VECTOR('',#10087,1.5E-1);
#10089=CARTESIAN_POINT('',(0.E0,3.2E0,-2.8E0));
#10090=LINE('',#10089,#10088);
#10091=CURVE_STYLE('',#36,POSITIVE_LENGTH_MEASURE(2.E-2),#9948);
#10092=PRESENTATION_STYLE_ASSIGNMENT((#10091));
#10093=STYLED_ITEM('',(#10092),#10090);
#10094=DIRECTION('',(0.E0,0.E0,1.E0));
#10095=VECTOR('',#10094,2.5E-1);
#10096=CARTESIAN_POINT('',(0.E0,3.2E0,-3.05E0));
#10097=LINE('',#10096,#10095);
#10098=CURVE_STYLE('',#36,POSITIVE_LENGTH_MEASURE(2.E-2),#9948);
#10099=PRESENTATION_STYLE_ASSIGNMENT((#10098));
#10100=STYLED_ITEM('',(#10099),#10097);
#10101=DIRECTION('',(0.E0,1.E0,0.E0));
#10102=VECTOR('',#10101,5.599009518030E-1);
#10103=CARTESIAN_POINT('',(0.E0,2.640099048197E0,-2.8E0));
#10104=LINE('',#10103,#10102);
#10105=CURVE_STYLE('',#36,POSITIVE_LENGTH_MEASURE(2.E-2),#9948);
#10106=PRESENTATION_STYLE_ASSIGNMENT((#10105));
#10107=STYLED_ITEM('',(#10106),#10104);
#10108=DIRECTION('',(0.E0,0.E0,-1.E0));
#10109=VECTOR('',#10108,2.5E-1);
#10110=CARTESIAN_POINT('',(0.E0,2.640099048197E0,-2.8E0));
#10111=LINE('',#10110,#10109);
#10112=CURVE_STYLE('',#36,POSITIVE_LENGTH_MEASURE(2.E-2),#9948);
#10113=PRESENTATION_STYLE_ASSIGNMENT((#10112));
#10114=STYLED_ITEM('',(#10113),#10111);
#10115=DIRECTION('',(0.E0,0.E0,1.E0));
#10116=VECTOR('',#10115,2.5E-1);
#10117=CARTESIAN_POINT('',(1.111771432371E-1,2.495210174253E0,-3.05E0));
#10118=LINE('',#10117,#10116);
#10119=CURVE_STYLE('',#36,POSITIVE_LENGTH_MEASURE(2.E-2),#9948);
#10120=PRESENTATION_STYLE_ASSIGNMENT((#10119));
#10121=STYLED_ITEM('',(#10120),#10118);
#10122=DIRECTION('',(0.E0,1.E0,0.E0));
#10123=VECTOR('',#10122,2.066809604430E-1);
#10124=CARTESIAN_POINT('',(6.E-1,2.1E0,-3.05E0));
#10125=LINE('',#10124,#10123);
#10126=CURVE_STYLE('',#36,POSITIVE_LENGTH_MEASURE(2.E-2),#9948);
#10127=PRESENTATION_STYLE_ASSIGNMENT((#10126));
#10128=STYLED_ITEM('',(#10127),#10125);
#10129=DIRECTION('',(-1.E0,0.E0,0.E0));
#10130=VECTOR('',#10129,1.5E-1);
#10131=CARTESIAN_POINT('',(7.5E-1,2.1E0,-3.05E0));
#10132=LINE('',#10131,#10130);
#10133=CURVE_STYLE('',#36,POSITIVE_LENGTH_MEASURE(2.E-2),#9948);
#10134=PRESENTATION_STYLE_ASSIGNMENT((#10133));
#10135=STYLED_ITEM('',(#10134),#10132);
#10136=DIRECTION('',(0.E0,-1.E0,0.E0));
#10137=VECTOR('',#10136,2.642304845410E-1);
#10138=CARTESIAN_POINT('',(7.5E-1,2.364230484541E0,-3.05E0));
#10139=LINE('',#10138,#10137);
#10140=CURVE_STYLE('',#36,POSITIVE_LENGTH_MEASURE(2.E-2),#9948);
#10141=PRESENTATION_STYLE_ASSIGNMENT((#10140));
#10142=STYLED_ITEM('',(#10141),#10139);
#10143=CARTESIAN_POINT('',(6.E-1,2.364230484541E0,-3.05E0));
#10144=DIRECTION('',(0.E0,0.E0,-1.E0));
#10145=DIRECTION('',(2.588190450583E-1,9.659258263009E-1,0.E0));
#10146=AXIS2_PLACEMENT_3D('',#10143,#10144,#10145);
#10148=CURVE_STYLE('',#36,POSITIVE_LENGTH_MEASURE(2.E-2),#9948);
#10149=PRESENTATION_STYLE_ASSIGNMENT((#10148));
#10150=STYLED_ITEM('',(#10149),#10147);
#10151=DIRECTION('',(9.659258262890E-1,-2.588190451029E-1,0.E0));
#10152=VECTOR('',#10151,4.485171359507E-1);
#10153=CARTESIAN_POINT('',(2.055885716150E-1,2.625204135324E0,-3.05E0));
#10154=LINE('',#10153,#10152);
#10155=CURVE_STYLE('',#36,POSITIVE_LENGTH_MEASURE(2.E-2),#9948);
#10156=PRESENTATION_STYLE_ASSIGNMENT((#10155));
#10157=STYLED_ITEM('',(#10156),#10154);
#10158=CARTESIAN_POINT('',(2.25E-1,2.697648572295E0,-3.05E0));
#10159=DIRECTION('',(0.E0,0.E0,1.E0));
#10160=DIRECTION('',(-1.E0,0.E0,0.E0));
#10161=AXIS2_PLACEMENT_3D('',#10158,#10159,#10160);
#10163=CURVE_STYLE('',#36,POSITIVE_LENGTH_MEASURE(2.E-2),#9948);
#10164=PRESENTATION_STYLE_ASSIGNMENT((#10163));
#10165=STYLED_ITEM('',(#10164),#10162);
#10166=DIRECTION('',(0.E0,-1.E0,0.E0));
#10167=VECTOR('',#10166,5.023514277050E-1);
#10168=CARTESIAN_POINT('',(1.5E-1,3.2E0,-3.05E0));
#10169=LINE('',#10168,#10167);
#10170=CURVE_STYLE('',#36,POSITIVE_LENGTH_MEASURE(2.E-2),#9948);
#10171=PRESENTATION_STYLE_ASSIGNMENT((#10170));
#10172=STYLED_ITEM('',(#10171),#10169);
#10173=DIRECTION('',(1.E0,0.E0,0.E0));
#10174=VECTOR('',#10173,1.5E-1);
#10175=CARTESIAN_POINT('',(0.E0,3.2E0,-3.05E0));
#10176=LINE('',#10175,#10174);
#10177=CURVE_STYLE('',#36,POSITIVE_LENGTH_MEASURE(2.E-2),#9948);
#10178=PRESENTATION_STYLE_ASSIGNMENT((#10177));
#10179=STYLED_ITEM('',(#10178),#10176);
#10180=DIRECTION('',(0.E0,1.E0,0.E0));
#10181=VECTOR('',#10180,5.599009518030E-1);
#10182=CARTESIAN_POINT('',(0.E0,2.640099048197E0,-3.05E0));
#10183=LINE('',#10182,#10181);
#10184=CURVE_STYLE('',#36,POSITIVE_LENGTH_MEASURE(2.E-2),#9948);
#10185=PRESENTATION_STYLE_ASSIGNMENT((#10184));
#10186=STYLED_ITEM('',(#10185),#10183);
#10187=CARTESIAN_POINT('',(1.5E-1,2.640099048197E0,-3.05E0));
#10188=DIRECTION('',(0.E0,0.E0,-1.E0));
#10189=DIRECTION('',(-2.588190450583E-1,-9.659258263009E-1,0.E0));
#10190=AXIS2_PLACEMENT_3D('',#10187,#10188,#10189);
#10192=CURVE_STYLE('',#36,POSITIVE_LENGTH_MEASURE(2.E-2),#9948);
#10193=PRESENTATION_STYLE_ASSIGNMENT((#10192));
#10194=STYLED_ITEM('',(#10193),#10191);
#10195=DIRECTION('',(-9.659258262890E-1,2.588190451029E-1,0.E0));
#10196=VECTOR('',#10195,4.485171359504E-1);
#10197=CARTESIAN_POINT('',(5.444114283848E-1,2.379125397414E0,-3.05E0));
#10198=LINE('',#10197,#10196);
#10199=CURVE_STYLE('',#36,POSITIVE_LENGTH_MEASURE(2.E-2),#9948);
#10200=PRESENTATION_STYLE_ASSIGNMENT((#10199));
#10201=STYLED_ITEM('',(#10200),#10198);
#10202=CARTESIAN_POINT('',(5.25E-1,2.306680960443E0,-3.05E0));
#10203=DIRECTION('',(0.E0,0.E0,1.E0));
#10204=DIRECTION('',(1.E0,0.E0,0.E0));
#10205=AXIS2_PLACEMENT_3D('',#10202,#10203,#10204);
#10207=CURVE_STYLE('',#36,POSITIVE_LENGTH_MEASURE(2.E-2),#9948);
#10208=PRESENTATION_STYLE_ASSIGNMENT((#10207));
#10209=STYLED_ITEM('',(#10208),#10206);
#10210=CARTESIAN_POINT('',(5.444114283889E-1,2.379125397413E0,-2.8E0));
#10211=CARTESIAN_POINT('',(6.E-1,2.306680960443E0,-2.8E0));
#10212=VERTEX_POINT('',#10210);
#10213=VERTEX_POINT('',#10211);
#10214=CARTESIAN_POINT('',(6.E-1,2.1E0,-2.8E0));
#10215=VERTEX_POINT('',#10214);
#10216=CARTESIAN_POINT('',(7.5E-1,2.1E0,-2.8E0));
#10217=VERTEX_POINT('',#10216);
#10218=CARTESIAN_POINT('',(7.5E-1,2.364230484541E0,-2.8E0));
#10219=VERTEX_POINT('',#10218);
#10220=CARTESIAN_POINT('',(6.388228567587E-1,2.509119358486E0,-2.8E0));
#10221=VERTEX_POINT('',#10220);
#10222=CARTESIAN_POINT('',(2.055885716150E-1,2.625204135324E0,-2.8E0));
#10223=VERTEX_POINT('',#10222);
#10224=CARTESIAN_POINT('',(1.5E-1,2.697648572295E0,-2.8E0));
#10225=VERTEX_POINT('',#10224);
#10226=CARTESIAN_POINT('',(1.5E-1,3.2E0,-2.8E0));
#10227=VERTEX_POINT('',#10226);
#10228=CARTESIAN_POINT('',(0.E0,3.2E0,-2.8E0));
#10229=VERTEX_POINT('',#10228);
#10230=CARTESIAN_POINT('',(0.E0,2.640099048197E0,-2.8E0));
#10231=VERTEX_POINT('',#10230);
#10232=CARTESIAN_POINT('',(1.111771432413E-1,2.495210174252E0,-2.8E0));
#10233=VERTEX_POINT('',#10232);
#10234=CARTESIAN_POINT('',(6.E-1,2.306680960443E0,-3.05E0));
#10235=VERTEX_POINT('',#10234);
#10236=CARTESIAN_POINT('',(6.E-1,2.1E0,-3.05E0));
#10237=VERTEX_POINT('',#10236);
#10238=CARTESIAN_POINT('',(5.444114283889E-1,2.379125397413E0,-3.05E0));
#10239=VERTEX_POINT('',#10238);
#10240=CARTESIAN_POINT('',(1.111771432371E-1,2.495210174253E0,-3.05E0));
#10241=VERTEX_POINT('',#10240);
#10242=CARTESIAN_POINT('',(0.E0,2.640099048197E0,-3.05E0));
#10243=VERTEX_POINT('',#10242);
#10244=CARTESIAN_POINT('',(0.E0,3.2E0,-3.05E0));
#10245=VERTEX_POINT('',#10244);
#10246=CARTESIAN_POINT('',(1.5E-1,3.2E0,-3.05E0));
#10247=VERTEX_POINT('',#10246);
#10248=CARTESIAN_POINT('',(1.5E-1,2.697648572295E0,-3.05E0));
#10249=VERTEX_POINT('',#10248);
#10250=CARTESIAN_POINT('',(2.055885716109E-1,2.625204135325E0,-3.05E0));
#10251=VERTEX_POINT('',#10250);
#10252=CARTESIAN_POINT('',(6.388228567629E-1,2.509119358485E0,-3.05E0));
#10253=VERTEX_POINT('',#10252);
#10254=CARTESIAN_POINT('',(7.5E-1,2.364230484541E0,-3.05E0));
#10255=VERTEX_POINT('',#10254);
#10256=CARTESIAN_POINT('',(7.5E-1,2.1E0,-3.05E0));
#10257=VERTEX_POINT('',#10256);
#10258=CARTESIAN_POINT('',(3.190721488970E-1,2.618681122833E0,-2.8E0));
#10259=DIRECTION('',(0.E0,0.E0,1.E0));
#10260=DIRECTION('',(1.E0,0.E0,0.E0));
#10261=AXIS2_PLACEMENT_3D('',#10258,#10259,#10260);
#10262=PLANE('',#10261);
#10264=ORIENTED_EDGE('',*,*,#10263,.F.);
#10266=ORIENTED_EDGE('',*,*,#10265,.F.);
#10268=ORIENTED_EDGE('',*,*,#10267,.F.);
#10270=ORIENTED_EDGE('',*,*,#10269,.T.);
#10272=ORIENTED_EDGE('',*,*,#10271,.T.);
#10274=ORIENTED_EDGE('',*,*,#10273,.T.);
#10276=ORIENTED_EDGE('',*,*,#10275,.F.);
#10278=ORIENTED_EDGE('',*,*,#10277,.F.);
#10280=ORIENTED_EDGE('',*,*,#10279,.F.);
#10282=ORIENTED_EDGE('',*,*,#10281,.T.);
#10284=ORIENTED_EDGE('',*,*,#10283,.T.);
#10286=ORIENTED_EDGE('',*,*,#10285,.T.);
#10287=EDGE_LOOP('',(#10264,#10266,#10268,#10270,#10272,#10274,#10276,#10278,
#10280,#10282,#10284,#10286));
#10288=FACE_OUTER_BOUND('',#10287,.F.);
#10289=ADVANCED_FACE('',(#10288),#10262,.T.);
#10290=CARTESIAN_POINT('',(5.25E-1,2.306680960443E0,-2.925E0));
#10291=DIRECTION('',(0.E0,0.E0,1.E0));
#10292=DIRECTION('',(1.E0,0.E0,0.E0));
#10293=AXIS2_PLACEMENT_3D('',#10290,#10291,#10292);
#10294=CYLINDRICAL_SURFACE('',#10293,7.5E-2);
#10296=ORIENTED_EDGE('',*,*,#10295,.T.);
#10298=ORIENTED_EDGE('',*,*,#10297,.T.);
#10300=ORIENTED_EDGE('',*,*,#10299,.T.);
#10301=ORIENTED_EDGE('',*,*,#10263,.T.);
#10302=EDGE_LOOP('',(#10296,#10298,#10300,#10301));
#10303=FACE_OUTER_BOUND('',#10302,.F.);
#10304=ADVANCED_FACE('',(#10303),#10294,.F.);
#10305=CARTESIAN_POINT('',(6.E-1,2.306680960443E0,-2.925E0));
#10306=DIRECTION('',(-1.E0,0.E0,0.E0));
#10307=DIRECTION('',(0.E0,-1.E0,0.E0));
#10308=AXIS2_PLACEMENT_3D('',#10305,#10306,#10307);
#10309=PLANE('',#10308);
#10310=ORIENTED_EDGE('',*,*,#10295,.F.);
#10311=ORIENTED_EDGE('',*,*,#10285,.F.);
#10313=ORIENTED_EDGE('',*,*,#10312,.T.);
#10315=ORIENTED_EDGE('',*,*,#10314,.T.);
#10316=EDGE_LOOP('',(#10310,#10311,#10313,#10315));
#10317=FACE_OUTER_BOUND('',#10316,.F.);
#10318=ADVANCED_FACE('',(#10317),#10309,.T.);
#10319=CARTESIAN_POINT('',(6.E-1,2.1E0,-2.925E0));
#10320=DIRECTION('',(0.E0,-1.E0,0.E0));
#10321=DIRECTION('',(0.E0,0.E0,-1.E0));
#10322=AXIS2_PLACEMENT_3D('',#10319,#10320,#10321);
#10323=PLANE('',#10322);
#10324=ORIENTED_EDGE('',*,*,#10312,.F.);
#10325=ORIENTED_EDGE('',*,*,#10283,.F.);
#10327=ORIENTED_EDGE('',*,*,#10326,.F.);
#10329=ORIENTED_EDGE('',*,*,#10328,.T.);
#10330=EDGE_LOOP('',(#10324,#10325,#10327,#10329));
#10331=FACE_OUTER_BOUND('',#10330,.F.);
#10332=ADVANCED_FACE('',(#10331),#10323,.T.);
#10333=CARTESIAN_POINT('',(7.5E-1,2.1E0,-2.925E0));
#10334=DIRECTION('',(1.E0,0.E0,0.E0));
#10335=DIRECTION('',(0.E0,1.E0,0.E0));
#10336=AXIS2_PLACEMENT_3D('',#10333,#10334,#10335);
#10337=PLANE('',#10336);
#10338=ORIENTED_EDGE('',*,*,#10326,.T.);
#10339=ORIENTED_EDGE('',*,*,#10281,.F.);
#10341=ORIENTED_EDGE('',*,*,#10340,.T.);
#10343=ORIENTED_EDGE('',*,*,#10342,.T.);
#10344=EDGE_LOOP('',(#10338,#10339,#10341,#10343));
#10345=FACE_OUTER_BOUND('',#10344,.F.);
#10346=ADVANCED_FACE('',(#10345),#10337,.T.);
#10347=CARTESIAN_POINT('',(6.E-1,2.364230484541E0,-2.925E0));
#10348=DIRECTION('',(0.E0,0.E0,1.E0));
#10349=DIRECTION('',(1.E0,0.E0,0.E0));
#10350=AXIS2_PLACEMENT_3D('',#10347,#10348,#10349);
#10351=CYLINDRICAL_SURFACE('',#10350,1.5E-1);
#10352=ORIENTED_EDGE('',*,*,#10340,.F.);
#10353=ORIENTED_EDGE('',*,*,#10279,.T.);
#10355=ORIENTED_EDGE('',*,*,#10354,.F.);
#10357=ORIENTED_EDGE('',*,*,#10356,.T.);
#10358=EDGE_LOOP('',(#10352,#10353,#10355,#10357));
#10359=FACE_OUTER_BOUND('',#10358,.F.);
#10360=ADVANCED_FACE('',(#10359),#10351,.T.);
#10361=CARTESIAN_POINT('',(6.388228567650E-1,2.509119358485E0,-2.925E0));
#10362=DIRECTION('',(2.588190451030E-1,9.659258262889E-1,0.E0));
#10363=DIRECTION('',(-9.659258262889E-1,2.588190451030E-1,0.E0));
#10364=AXIS2_PLACEMENT_3D('',#10361,#10362,#10363);
#10365=PLANE('',#10364);
#10366=ORIENTED_EDGE('',*,*,#10354,.T.);
#10367=ORIENTED_EDGE('',*,*,#10277,.T.);
#10369=ORIENTED_EDGE('',*,*,#10368,.F.);
#10371=ORIENTED_EDGE('',*,*,#10370,.T.);
#10372=EDGE_LOOP('',(#10366,#10367,#10369,#10371));
#10373=FACE_OUTER_BOUND('',#10372,.F.);
#10374=ADVANCED_FACE('',(#10373),#10365,.T.);
#10375=CARTESIAN_POINT('',(2.25E-1,2.697648572295E0,-2.925E0));
#10376=DIRECTION('',(0.E0,0.E0,1.E0));
#10377=DIRECTION('',(1.E0,0.E0,0.E0));
#10378=AXIS2_PLACEMENT_3D('',#10375,#10376,#10377);
#10379=CYLINDRICAL_SURFACE('',#10378,7.5E-2);
#10381=ORIENTED_EDGE('',*,*,#10380,.T.);
#10383=ORIENTED_EDGE('',*,*,#10382,.T.);
#10384=ORIENTED_EDGE('',*,*,#10368,.T.);
#10385=ORIENTED_EDGE('',*,*,#10275,.T.);
#10386=EDGE_LOOP('',(#10381,#10383,#10384,#10385));
#10387=FACE_OUTER_BOUND('',#10386,.F.);
#10388=ADVANCED_FACE('',(#10387),#10379,.F.);
#10389=CARTESIAN_POINT('',(1.5E-1,2.697648572295E0,-2.925E0));
#10390=DIRECTION('',(1.E0,0.E0,0.E0));
#10391=DIRECTION('',(0.E0,1.E0,0.E0));
#10392=AXIS2_PLACEMENT_3D('',#10389,#10390,#10391);
#10393=PLANE('',#10392);
#10394=ORIENTED_EDGE('',*,*,#10380,.F.);
#10395=ORIENTED_EDGE('',*,*,#10273,.F.);
#10397=ORIENTED_EDGE('',*,*,#10396,.F.);
#10399=ORIENTED_EDGE('',*,*,#10398,.T.);
#10400=EDGE_LOOP('',(#10394,#10395,#10397,#10399));
#10401=FACE_OUTER_BOUND('',#10400,.F.);
#10402=ADVANCED_FACE('',(#10401),#10393,.T.);
#10403=CARTESIAN_POINT('',(1.5E-1,3.2E0,-2.925E0));
#10404=DIRECTION('',(0.E0,1.E0,0.E0));
#10405=DIRECTION('',(0.E0,0.E0,1.E0));
#10406=AXIS2_PLACEMENT_3D('',#10403,#10404,#10405);
#10407=PLANE('',#10406);
#10408=ORIENTED_EDGE('',*,*,#10396,.T.);
#10409=ORIENTED_EDGE('',*,*,#10271,.F.);
#10411=ORIENTED_EDGE('',*,*,#10410,.F.);
#10413=ORIENTED_EDGE('',*,*,#10412,.T.);
#10414=EDGE_LOOP('',(#10408,#10409,#10411,#10413));
#10415=FACE_OUTER_BOUND('',#10414,.F.);
#10416=ADVANCED_FACE('',(#10415),#10407,.T.);
#10417=CARTESIAN_POINT('',(0.E0,3.2E0,-2.925E0));
#10418=DIRECTION('',(-1.E0,0.E0,0.E0));
#10419=DIRECTION('',(0.E0,0.E0,1.E0));
#10420=AXIS2_PLACEMENT_3D('',#10417,#10418,#10419);
#10421=PLANE('',#10420);
#10422=ORIENTED_EDGE('',*,*,#10410,.T.);
#10423=ORIENTED_EDGE('',*,*,#10269,.F.);
#10425=ORIENTED_EDGE('',*,*,#10424,.T.);
#10427=ORIENTED_EDGE('',*,*,#10426,.T.);
#10428=EDGE_LOOP('',(#10422,#10423,#10425,#10427));
#10429=FACE_OUTER_BOUND('',#10428,.F.);
#10430=ADVANCED_FACE('',(#10429),#10421,.T.);
#10431=CARTESIAN_POINT('',(1.5E-1,2.640099048197E0,-2.925E0));
#10432=DIRECTION('',(0.E0,0.E0,1.E0));
#10433=DIRECTION('',(1.E0,0.E0,0.E0));
#10434=AXIS2_PLACEMENT_3D('',#10431,#10432,#10433);
#10435=CYLINDRICAL_SURFACE('',#10434,1.5E-1);
#10436=ORIENTED_EDGE('',*,*,#10424,.F.);
#10437=ORIENTED_EDGE('',*,*,#10267,.T.);
#10439=ORIENTED_EDGE('',*,*,#10438,.F.);
#10441=ORIENTED_EDGE('',*,*,#10440,.T.);
#10442=EDGE_LOOP('',(#10436,#10437,#10439,#10441));
#10443=FACE_OUTER_BOUND('',#10442,.F.);
#10444=ADVANCED_FACE('',(#10443),#10435,.T.);
#10445=CARTESIAN_POINT('',(1.111771432350E-1,2.495210174253E0,-2.925E0));
#10446=DIRECTION('',(-2.588190451030E-1,-9.659258262889E-1,0.E0));
#10447=DIRECTION('',(9.659258262889E-1,-2.588190451030E-1,0.E0));
#10448=AXIS2_PLACEMENT_3D('',#10445,#10446,#10447);
#10449=PLANE('',#10448);
#10450=ORIENTED_EDGE('',*,*,#10438,.T.);
#10451=ORIENTED_EDGE('',*,*,#10265,.T.);
#10452=ORIENTED_EDGE('',*,*,#10299,.F.);
#10454=ORIENTED_EDGE('',*,*,#10453,.T.);
#10455=EDGE_LOOP('',(#10450,#10451,#10452,#10454));
#10456=FACE_OUTER_BOUND('',#10455,.F.);
#10457=ADVANCED_FACE('',(#10456),#10449,.T.);
#10458=CARTESIAN_POINT('',(3.190721488970E-1,2.618681122833E0,-3.05E0));
#10459=DIRECTION('',(0.E0,0.E0,1.E0));
#10460=DIRECTION('',(1.E0,0.E0,0.E0));
#10461=AXIS2_PLACEMENT_3D('',#10458,#10459,#10460);
#10462=PLANE('',#10461);
#10463=ORIENTED_EDGE('',*,*,#10314,.F.);
#10464=ORIENTED_EDGE('',*,*,#10328,.F.);
#10465=ORIENTED_EDGE('',*,*,#10342,.F.);
#10466=ORIENTED_EDGE('',*,*,#10356,.F.);
#10467=ORIENTED_EDGE('',*,*,#10370,.F.);
#10468=ORIENTED_EDGE('',*,*,#10382,.F.);
#10469=ORIENTED_EDGE('',*,*,#10398,.F.);
#10470=ORIENTED_EDGE('',*,*,#10412,.F.);
#10471=ORIENTED_EDGE('',*,*,#10426,.F.);
#10472=ORIENTED_EDGE('',*,*,#10440,.F.);
#10473=ORIENTED_EDGE('',*,*,#10453,.F.);
#10474=ORIENTED_EDGE('',*,*,#10297,.F.);
#10475=EDGE_LOOP('',(#10463,#10464,#10465,#10466,#10467,#10468,#10469,#10470,
#10471,#10472,#10473,#10474));
#10476=FACE_OUTER_BOUND('',#10475,.F.);
#10477=ADVANCED_FACE('',(#10476),#10462,.F.);
#10480=FILL_AREA_STYLE_COLOUR('',#9948);
#10481=FILL_AREA_STYLE('',(#10480));
#10482=SURFACE_STYLE_FILL_AREA(#10481);
#10483=SURFACE_SIDE_STYLE('',(#10482));
#10484=SURFACE_STYLE_USAGE(.BOTH.,#10483);
#10485=PRESENTATION_STYLE_ASSIGNMENT((#10484));
#9949=STYLED_ITEM('',(#10485),#10479);
#10487=DIMENSIONAL_EXPONENTS(0.E0,0.E0,0.E0,0.E0,0.E0,0.E0,0.E0);
#10489=PLANE_ANGLE_MEASURE_WITH_UNIT(PLANE_ANGLE_MEASURE(1.745329251994E-2),
#10488);
#10490=(CONVERSION_BASED_UNIT('DEGREE',#10489)NAMED_UNIT(*)PLANE_ANGLE_UNIT());
#10492=UNCERTAINTY_MEASURE_WITH_UNIT(LENGTH_MEASURE(1.354567533546E-4),#10486,
'closure',
'Maximum model space distance between geometric entities at asserted connectivities');
#10493=(GEOMETRIC_REPRESENTATION_CONTEXT(3)GLOBAL_UNCERTAINTY_ASSIGNED_CONTEXT((
#10492))GLOBAL_UNIT_ASSIGNED_CONTEXT((#10486,#10490,#10491))REPRESENTATION_CONTEXT('ID18','3'));
#10494=CARTESIAN_POINT('',(0.E0,0.E0,0.E0));
#10495=DIRECTION('',(0.E0,0.E0,1.E0));
#10496=DIRECTION('',(1.E0,0.E0,0.E0));
#10499=MECHANICAL_CONTEXT('',#781,'mechanical');
#10500=PRODUCT('USER_LIBRARY-TSSOP-20-2__-232_1',
'USER_LIBRARY-TSSOP-20-2__-232_1','NOT SPECIFIED',(#10499));
#10501=PRODUCT_DEFINITION_FORMATION_WITH_SPECIFIED_SOURCE('1','LAST_VERSION',
#10500,.MADE.);
#10510=CARTESIAN_POINT('',(0.E0,0.E0,0.E0));
#10511=DIRECTION('',(0.E0,0.E0,1.E0));
#10512=DIRECTION('',(1.E0,0.E0,0.E0));
#10513=AXIS2_PLACEMENT_3D('',#10510,#10511,#10512);
#10514=ITEM_DEFINED_TRANSFORMATION('','',#10497,#10513);
#10515=CARTESIAN_POINT('',(0.E0,0.E0,0.E0));
#10516=DIRECTION('',(0.E0,0.E0,1.E0));
#10517=DIRECTION('',(1.E0,0.E0,0.E0));
#10519=(REPRESENTATION_RELATIONSHIP('','',#10498,#10507)REPRESENTATION_RELATIONSHIP_WITH_TRANSFORMATION(#10514)SHAPE_REPRESENTATION_RELATIONSHIP());
#10520=CONTEXT_DEPENDENT_SHAPE_REPRESENTATION(#10519,#10509);
#10522=CARTESIAN_POINT('',(5.25E-1,-2.306680960443E0,-3.05E0));
#10523=DIRECTION('',(0.E0,0.E0,1.E0));
#10524=DIRECTION('',(2.588190451848E-1,-9.659258262670E-1,0.E0));
#10525=AXIS2_PLACEMENT_3D('',#10522,#10523,#10524);
#10527=CURVE_STYLE('',#36,POSITIVE_LENGTH_MEASURE(2.E-2),#9948);
#10528=PRESENTATION_STYLE_ASSIGNMENT((#10527));
#10529=STYLED_ITEM('',(#10528),#10526);
#10530=DIRECTION('',(9.659258262890E-1,2.588190451029E-1,0.E0));
#10531=VECTOR('',#10530,4.485171359504E-1);
#10532=CARTESIAN_POINT('',(1.111771432371E-1,-2.495210174253E0,-3.05E0));
#10533=LINE('',#10532,#10531);
#10534=CURVE_STYLE('',#36,POSITIVE_LENGTH_MEASURE(2.E-2),#9948);
#10535=PRESENTATION_STYLE_ASSIGNMENT((#10534));
#10536=STYLED_ITEM('',(#10535),#10533);
#10537=CARTESIAN_POINT('',(1.5E-1,-2.640099048197E0,-3.05E0));
#10538=DIRECTION('',(0.E0,0.E0,-1.E0));
#10539=DIRECTION('',(-1.E0,0.E0,0.E0));
#10540=AXIS2_PLACEMENT_3D('',#10537,#10538,#10539);
#10542=CURVE_STYLE('',#36,POSITIVE_LENGTH_MEASURE(2.E-2),#9948);
#10543=PRESENTATION_STYLE_ASSIGNMENT((#10542));
#10544=STYLED_ITEM('',(#10543),#10541);
#10545=CARTESIAN_POINT('',(2.25E-1,-2.697648572295E0,-3.05E0));
#10546=DIRECTION('',(0.E0,0.E0,1.E0));
#10547=DIRECTION('',(-2.588190451881E-1,9.659258262661E-1,0.E0));
#10548=AXIS2_PLACEMENT_3D('',#10545,#10546,#10547);
#10550=CURVE_STYLE('',#36,POSITIVE_LENGTH_MEASURE(2.E-2),#9948);
#10551=PRESENTATION_STYLE_ASSIGNMENT((#10550));
#10552=STYLED_ITEM('',(#10551),#10549);
#10553=DIRECTION('',(-9.659258262890E-1,-2.588190451029E-1,0.E0));
#10554=VECTOR('',#10553,4.485171359507E-1);
#10555=CARTESIAN_POINT('',(6.388228567629E-1,-2.509119358485E0,-3.05E0));
#10556=LINE('',#10555,#10554);
#10557=CURVE_STYLE('',#36,POSITIVE_LENGTH_MEASURE(2.E-2),#9948);
#10558=PRESENTATION_STYLE_ASSIGNMENT((#10557));
#10559=STYLED_ITEM('',(#10558),#10556);
#10560=CARTESIAN_POINT('',(6.E-1,-2.364230484541E0,-3.05E0));
#10561=DIRECTION('',(0.E0,0.E0,-1.E0));
#10562=DIRECTION('',(1.E0,0.E0,0.E0));
#10563=AXIS2_PLACEMENT_3D('',#10560,#10561,#10562);
#10565=CURVE_STYLE('',#36,POSITIVE_LENGTH_MEASURE(2.E-2),#9948);
#10566=PRESENTATION_STYLE_ASSIGNMENT((#10565));
#10567=STYLED_ITEM('',(#10566),#10564);
#10568=DIRECTION('',(0.E0,0.E0,1.E0));
#10569=VECTOR('',#10568,2.5E-1);
#10570=CARTESIAN_POINT('',(6.E-1,-2.306680960443E0,-3.05E0));
#10571=LINE('',#10570,#10569);
#10572=CURVE_STYLE('',#36,POSITIVE_LENGTH_MEASURE(2.E-2),#9948);
#10573=PRESENTATION_STYLE_ASSIGNMENT((#10572));
#10574=STYLED_ITEM('',(#10573),#10571);
#10575=DIRECTION('',(0.E0,0.E0,-1.E0));
#10576=VECTOR('',#10575,2.5E-1);
#10577=CARTESIAN_POINT('',(5.444114283848E-1,-2.379125397414E0,-2.8E0));
#10578=LINE('',#10577,#10576);
#10579=CURVE_STYLE('',#36,POSITIVE_LENGTH_MEASURE(2.E-2),#9948);
#10580=PRESENTATION_STYLE_ASSIGNMENT((#10579));
#10581=STYLED_ITEM('',(#10580),#10578);
#10582=DIRECTION('',(0.E0,-1.E0,0.E0));
#10583=VECTOR('',#10582,2.066809604430E-1);
#10584=CARTESIAN_POINT('',(6.E-1,-2.1E0,-3.05E0));
#10585=LINE('',#10584,#10583);
#10586=CURVE_STYLE('',#36,POSITIVE_LENGTH_MEASURE(2.E-2),#9948);
#10587=PRESENTATION_STYLE_ASSIGNMENT((#10586));
#10588=STYLED_ITEM('',(#10587),#10585);
#10589=DIRECTION('',(0.E0,0.E0,-1.E0));
#10590=VECTOR('',#10589,2.5E-1);
#10591=CARTESIAN_POINT('',(6.E-1,-2.1E0,-2.8E0));
#10592=LINE('',#10591,#10590);
#10593=CURVE_STYLE('',#36,POSITIVE_LENGTH_MEASURE(2.E-2),#9948);
#10594=PRESENTATION_STYLE_ASSIGNMENT((#10593));
#10595=STYLED_ITEM('',(#10594),#10592);
#10596=DIRECTION('',(0.E0,1.E0,0.E0));
#10597=VECTOR('',#10596,2.066809604430E-1);
#10598=CARTESIAN_POINT('',(6.E-1,-2.306680960443E0,-2.8E0));
#10599=LINE('',#10598,#10597);
#10600=CURVE_STYLE('',#36,POSITIVE_LENGTH_MEASURE(2.E-2),#9948);
#10601=PRESENTATION_STYLE_ASSIGNMENT((#10600));
#10602=STYLED_ITEM('',(#10601),#10599);
#10603=DIRECTION('',(-1.E0,0.E0,0.E0));
#10604=VECTOR('',#10603,1.5E-1);
#10605=CARTESIAN_POINT('',(7.5E-1,-2.1E0,-3.05E0));
#10606=LINE('',#10605,#10604);
#10607=CURVE_STYLE('',#36,POSITIVE_LENGTH_MEASURE(2.E-2),#9948);
#10608=PRESENTATION_STYLE_ASSIGNMENT((#10607));
#10609=STYLED_ITEM('',(#10608),#10606);
#10610=DIRECTION('',(1.E0,0.E0,0.E0));
#10611=VECTOR('',#10610,1.5E-1);
#10612=CARTESIAN_POINT('',(6.E-1,-2.1E0,-2.8E0));
#10613=LINE('',#10612,#10611);
#10614=CURVE_STYLE('',#36,POSITIVE_LENGTH_MEASURE(2.E-2),#9948);
#10615=PRESENTATION_STYLE_ASSIGNMENT((#10614));
#10616=STYLED_ITEM('',(#10615),#10613);
#10617=DIRECTION('',(0.E0,1.E0,0.E0));
#10618=VECTOR('',#10617,2.642304845410E-1);
#10619=CARTESIAN_POINT('',(7.5E-1,-2.364230484541E0,-3.05E0));
#10620=LINE('',#10619,#10618);
#10621=CURVE_STYLE('',#36,POSITIVE_LENGTH_MEASURE(2.E-2),#9948);
#10622=PRESENTATION_STYLE_ASSIGNMENT((#10621));
#10623=STYLED_ITEM('',(#10622),#10620);
#10624=DIRECTION('',(0.E0,-1.E0,0.E0));
#10625=VECTOR('',#10624,2.642304845410E-1);
#10626=CARTESIAN_POINT('',(7.5E-1,-2.1E0,-2.8E0));
#10627=LINE('',#10626,#10625);
#10628=CURVE_STYLE('',#36,POSITIVE_LENGTH_MEASURE(2.E-2),#9948);
#10629=PRESENTATION_STYLE_ASSIGNMENT((#10628));
#10630=STYLED_ITEM('',(#10629),#10627);
#10631=DIRECTION('',(0.E0,0.E0,1.E0));
#10632=VECTOR('',#10631,2.5E-1);
#10633=CARTESIAN_POINT('',(7.5E-1,-2.1E0,-3.05E0));
#10634=LINE('',#10633,#10632);
#10635=CURVE_STYLE('',#36,POSITIVE_LENGTH_MEASURE(2.E-2),#9948);
#10636=PRESENTATION_STYLE_ASSIGNMENT((#10635));
#10637=STYLED_ITEM('',(#10636),#10634);
#10638=DIRECTION('',(0.E0,0.E0,1.E0));
#10639=VECTOR('',#10638,2.5E-1);
#10640=CARTESIAN_POINT('',(7.5E-1,-2.364230484541E0,-3.05E0));
#10641=LINE('',#10640,#10639);
#10642=CURVE_STYLE('',#36,POSITIVE_LENGTH_MEASURE(2.E-2),#9948);
#10643=PRESENTATION_STYLE_ASSIGNMENT((#10642));
#10644=STYLED_ITEM('',(#10643),#10641);
#10645=DIRECTION('',(0.E0,0.E0,-1.E0));
#10646=VECTOR('',#10645,2.5E-1);
#10647=CARTESIAN_POINT('',(6.388228567629E-1,-2.509119358485E0,-2.8E0));
#10648=LINE('',#10647,#10646);
#10649=CURVE_STYLE('',#36,POSITIVE_LENGTH_MEASURE(2.E-2),#9948);
#10650=PRESENTATION_STYLE_ASSIGNMENT((#10649));
#10651=STYLED_ITEM('',(#10650),#10648);
#10652=DIRECTION('',(0.E0,0.E0,1.E0));
#10653=VECTOR('',#10652,2.5E-1);
#10654=CARTESIAN_POINT('',(1.5E-1,-2.697648572295E0,-3.05E0));
#10655=LINE('',#10654,#10653);
#10656=CURVE_STYLE('',#36,POSITIVE_LENGTH_MEASURE(2.E-2),#9948);
#10657=PRESENTATION_STYLE_ASSIGNMENT((#10656));
#10658=STYLED_ITEM('',(#10657),#10655);
#10659=DIRECTION('',(0.E0,0.E0,-1.E0));
#10660=VECTOR('',#10659,2.5E-1);
#10661=CARTESIAN_POINT('',(2.055885716150E-1,-2.625204135324E0,-2.8E0));
#10662=LINE('',#10661,#10660);
#10663=CURVE_STYLE('',#36,POSITIVE_LENGTH_MEASURE(2.E-2),#9948);
#10664=PRESENTATION_STYLE_ASSIGNMENT((#10663));
#10665=STYLED_ITEM('',(#10664),#10662);
#10666=DIRECTION('',(0.E0,1.E0,0.E0));
#10667=VECTOR('',#10666,5.023514277050E-1);
#10668=CARTESIAN_POINT('',(1.5E-1,-3.2E0,-3.05E0));
#10669=LINE('',#10668,#10667);
#10670=CURVE_STYLE('',#36,POSITIVE_LENGTH_MEASURE(2.E-2),#9948);
#10671=PRESENTATION_STYLE_ASSIGNMENT((#10670));
#10672=STYLED_ITEM('',(#10671),#10669);
#10673=DIRECTION('',(0.E0,-1.E0,0.E0));
#10674=VECTOR('',#10673,5.023514277050E-1);
#10675=CARTESIAN_POINT('',(1.5E-1,-2.697648572295E0,-2.8E0));
#10676=LINE('',#10675,#10674);
#10677=CURVE_STYLE('',#36,POSITIVE_LENGTH_MEASURE(2.E-2),#9948);
#10678=PRESENTATION_STYLE_ASSIGNMENT((#10677));
#10679=STYLED_ITEM('',(#10678),#10676);
#10680=DIRECTION('',(1.E0,0.E0,0.E0));
#10681=VECTOR('',#10680,1.5E-1);
#10682=CARTESIAN_POINT('',(0.E0,-3.2E0,-3.05E0));
#10683=LINE('',#10682,#10681);
#10684=CURVE_STYLE('',#36,POSITIVE_LENGTH_MEASURE(2.E-2),#9948);
#10685=PRESENTATION_STYLE_ASSIGNMENT((#10684));
#10686=STYLED_ITEM('',(#10685),#10683);
#10687=DIRECTION('',(-1.E0,0.E0,0.E0));
#10688=VECTOR('',#10687,1.5E-1);
#10689=CARTESIAN_POINT('',(1.5E-1,-3.2E0,-2.8E0));
#10690=LINE('',#10689,#10688);
#10691=CURVE_STYLE('',#36,POSITIVE_LENGTH_MEASURE(2.E-2),#9948);
#10692=PRESENTATION_STYLE_ASSIGNMENT((#10691));
#10693=STYLED_ITEM('',(#10692),#10690);
#10694=DIRECTION('',(0.E0,0.E0,1.E0));
#10695=VECTOR('',#10694,2.5E-1);
#10696=CARTESIAN_POINT('',(1.5E-1,-3.2E0,-3.05E0));
#10697=LINE('',#10696,#10695);
#10698=CURVE_STYLE('',#36,POSITIVE_LENGTH_MEASURE(2.E-2),#9948);
#10699=PRESENTATION_STYLE_ASSIGNMENT((#10698));
#10700=STYLED_ITEM('',(#10699),#10697);
#10701=DIRECTION('',(0.E0,-1.E0,0.E0));
#10702=VECTOR('',#10701,5.599009518030E-1);
#10703=CARTESIAN_POINT('',(0.E0,-2.640099048197E0,-3.05E0));
#10704=LINE('',#10703,#10702);
#10705=CURVE_STYLE('',#36,POSITIVE_LENGTH_MEASURE(2.E-2),#9948);
#10706=PRESENTATION_STYLE_ASSIGNMENT((#10705));
#10707=STYLED_ITEM('',(#10706),#10704);
#10708=DIRECTION('',(0.E0,1.E0,0.E0));
#10709=VECTOR('',#10708,5.599009518030E-1);
#10710=CARTESIAN_POINT('',(0.E0,-3.2E0,-2.8E0));
#10711=LINE('',#10710,#10709);
#10712=CURVE_STYLE('',#36,POSITIVE_LENGTH_MEASURE(2.E-2),#9948);
#10713=PRESENTATION_STYLE_ASSIGNMENT((#10712));
#10714=STYLED_ITEM('',(#10713),#10711);
#10715=DIRECTION('',(0.E0,0.E0,1.E0));
#10716=VECTOR('',#10715,2.5E-1);
#10717=CARTESIAN_POINT('',(0.E0,-3.2E0,-3.05E0));
#10718=LINE('',#10717,#10716);
#10719=CURVE_STYLE('',#36,POSITIVE_LENGTH_MEASURE(2.E-2),#9948);
#10720=PRESENTATION_STYLE_ASSIGNMENT((#10719));
#10721=STYLED_ITEM('',(#10720),#10718);
#10722=DIRECTION('',(0.E0,0.E0,1.E0));
#10723=VECTOR('',#10722,2.5E-1);
#10724=CARTESIAN_POINT('',(0.E0,-2.640099048197E0,-3.05E0));
#10725=LINE('',#10724,#10723);
#10726=CURVE_STYLE('',#36,POSITIVE_LENGTH_MEASURE(2.E-2),#9948);
#10727=PRESENTATION_STYLE_ASSIGNMENT((#10726));
#10728=STYLED_ITEM('',(#10727),#10725);
#10729=DIRECTION('',(0.E0,0.E0,-1.E0));
#10730=VECTOR('',#10729,2.5E-1);
#10731=CARTESIAN_POINT('',(1.111771432371E-1,-2.495210174253E0,-2.8E0));
#10732=LINE('',#10731,#10730);
#10733=CURVE_STYLE('',#36,POSITIVE_LENGTH_MEASURE(2.E-2),#9948);
#10734=PRESENTATION_STYLE_ASSIGNMENT((#10733));
#10735=STYLED_ITEM('',(#10734),#10732);
#10736=CARTESIAN_POINT('',(6.E-1,-2.364230484541E0,-2.8E0));
#10737=DIRECTION('',(0.E0,0.E0,1.E0));
#10738=DIRECTION('',(2.588190450583E-1,-9.659258263009E-1,0.E0));
#10739=AXIS2_PLACEMENT_3D('',#10736,#10737,#10738);
#10741=CURVE_STYLE('',#36,POSITIVE_LENGTH_MEASURE(2.E-2),#9948);
#10742=PRESENTATION_STYLE_ASSIGNMENT((#10741));
#10743=STYLED_ITEM('',(#10742),#10740);
#10744=DIRECTION('',(9.659258262890E-1,2.588190451029E-1,0.E0));
#10745=VECTOR('',#10744,4.485171359507E-1);
#10746=CARTESIAN_POINT('',(2.055885716150E-1,-2.625204135324E0,-2.8E0));
#10747=LINE('',#10746,#10745);
#10748=CURVE_STYLE('',#36,POSITIVE_LENGTH_MEASURE(2.E-2),#9948);
#10749=PRESENTATION_STYLE_ASSIGNMENT((#10748));
#10750=STYLED_ITEM('',(#10749),#10747);
#10751=CARTESIAN_POINT('',(2.25E-1,-2.697648572295E0,-2.8E0));
#10752=DIRECTION('',(0.E0,0.E0,-1.E0));
#10753=DIRECTION('',(-1.E0,0.E0,0.E0));
#10754=AXIS2_PLACEMENT_3D('',#10751,#10752,#10753);
#10756=CURVE_STYLE('',#36,POSITIVE_LENGTH_MEASURE(2.E-2),#9948);
#10757=PRESENTATION_STYLE_ASSIGNMENT((#10756));
#10758=STYLED_ITEM('',(#10757),#10755);
#10759=CARTESIAN_POINT('',(1.5E-1,-2.640099048197E0,-2.8E0));
#10760=DIRECTION('',(0.E0,0.E0,1.E0));
#10761=DIRECTION('',(-2.588190450583E-1,9.659258263009E-1,0.E0));
#10762=AXIS2_PLACEMENT_3D('',#10759,#10760,#10761);
#10764=CURVE_STYLE('',#36,POSITIVE_LENGTH_MEASURE(2.E-2),#9948);
#10765=PRESENTATION_STYLE_ASSIGNMENT((#10764));
#10766=STYLED_ITEM('',(#10765),#10763);
#10767=DIRECTION('',(-9.659258262890E-1,-2.588190451029E-1,0.E0));
#10768=VECTOR('',#10767,4.485171359504E-1);
#10769=CARTESIAN_POINT('',(5.444114283848E-1,-2.379125397414E0,-2.8E0));
#10770=LINE('',#10769,#10768);
#10771=CURVE_STYLE('',#36,POSITIVE_LENGTH_MEASURE(2.E-2),#9948);
#10772=PRESENTATION_STYLE_ASSIGNMENT((#10771));
#10773=STYLED_ITEM('',(#10772),#10770);
#10774=CARTESIAN_POINT('',(5.25E-1,-2.306680960443E0,-2.8E0));
#10775=DIRECTION('',(0.E0,0.E0,-1.E0));
#10776=DIRECTION('',(1.E0,0.E0,0.E0));
#10777=AXIS2_PLACEMENT_3D('',#10774,#10775,#10776);
#10779=CURVE_STYLE('',#36,POSITIVE_LENGTH_MEASURE(2.E-2),#9948);
#10780=PRESENTATION_STYLE_ASSIGNMENT((#10779));
#10781=STYLED_ITEM('',(#10780),#10778);
#10782=CARTESIAN_POINT('',(5.444114283889E-1,-2.379125397413E0,-3.05E0));
#10783=CARTESIAN_POINT('',(6.E-1,-2.306680960443E0,-3.05E0));
#10784=VERTEX_POINT('',#10782);
#10785=VERTEX_POINT('',#10783);
#10786=CARTESIAN_POINT('',(6.E-1,-2.1E0,-3.05E0));
#10787=VERTEX_POINT('',#10786);
#10788=CARTESIAN_POINT('',(7.5E-1,-2.1E0,-3.05E0));
#10789=VERTEX_POINT('',#10788);
#10790=CARTESIAN_POINT('',(7.5E-1,-2.364230484541E0,-3.05E0));
#10791=VERTEX_POINT('',#10790);
#10792=CARTESIAN_POINT('',(6.388228567587E-1,-2.509119358486E0,-3.05E0));
#10793=VERTEX_POINT('',#10792);
#10794=CARTESIAN_POINT('',(2.055885716150E-1,-2.625204135324E0,-3.05E0));
#10795=VERTEX_POINT('',#10794);
#10796=CARTESIAN_POINT('',(1.5E-1,-2.697648572295E0,-3.05E0));
#10797=VERTEX_POINT('',#10796);
#10798=CARTESIAN_POINT('',(1.5E-1,-3.2E0,-3.05E0));
#10799=VERTEX_POINT('',#10798);
#10800=CARTESIAN_POINT('',(0.E0,-3.2E0,-3.05E0));
#10801=VERTEX_POINT('',#10800);
#10802=CARTESIAN_POINT('',(0.E0,-2.640099048197E0,-3.05E0));
#10803=VERTEX_POINT('',#10802);
#10804=CARTESIAN_POINT('',(1.111771432413E-1,-2.495210174252E0,-3.05E0));
#10805=VERTEX_POINT('',#10804);
#10806=CARTESIAN_POINT('',(6.E-1,-2.306680960443E0,-2.8E0));
#10807=VERTEX_POINT('',#10806);
#10808=CARTESIAN_POINT('',(6.E-1,-2.1E0,-2.8E0));
#10809=VERTEX_POINT('',#10808);
#10810=CARTESIAN_POINT('',(5.444114283889E-1,-2.379125397413E0,-2.8E0));
#10811=VERTEX_POINT('',#10810);
#10812=CARTESIAN_POINT('',(1.111771432371E-1,-2.495210174253E0,-2.8E0));
#10813=VERTEX_POINT('',#10812);
#10814=CARTESIAN_POINT('',(0.E0,-2.640099048197E0,-2.8E0));
#10815=VERTEX_POINT('',#10814);
#10816=CARTESIAN_POINT('',(0.E0,-3.2E0,-2.8E0));
#10817=VERTEX_POINT('',#10816);
#10818=CARTESIAN_POINT('',(1.5E-1,-3.2E0,-2.8E0));
#10819=VERTEX_POINT('',#10818);
#10820=CARTESIAN_POINT('',(1.5E-1,-2.697648572295E0,-2.8E0));
#10821=VERTEX_POINT('',#10820);
#10822=CARTESIAN_POINT('',(2.055885716109E-1,-2.625204135325E0,-2.8E0));
#10823=VERTEX_POINT('',#10822);
#10824=CARTESIAN_POINT('',(6.388228567629E-1,-2.509119358485E0,-2.8E0));
#10825=VERTEX_POINT('',#10824);
#10826=CARTESIAN_POINT('',(7.5E-1,-2.364230484541E0,-2.8E0));
#10827=VERTEX_POINT('',#10826);
#10828=CARTESIAN_POINT('',(7.5E-1,-2.1E0,-2.8E0));
#10829=VERTEX_POINT('',#10828);
#10830=CARTESIAN_POINT('',(3.190721488970E-1,-2.618681122833E0,-3.05E0));
#10831=DIRECTION('',(0.E0,0.E0,-1.E0));
#10832=DIRECTION('',(-1.E0,0.E0,0.E0));
#10833=AXIS2_PLACEMENT_3D('',#10830,#10831,#10832);
#10834=PLANE('',#10833);
#10836=ORIENTED_EDGE('',*,*,#10835,.F.);
#10838=ORIENTED_EDGE('',*,*,#10837,.F.);
#10840=ORIENTED_EDGE('',*,*,#10839,.F.);
#10842=ORIENTED_EDGE('',*,*,#10841,.T.);
#10844=ORIENTED_EDGE('',*,*,#10843,.T.);
#10846=ORIENTED_EDGE('',*,*,#10845,.T.);
#10848=ORIENTED_EDGE('',*,*,#10847,.F.);
#10850=ORIENTED_EDGE('',*,*,#10849,.F.);
#10852=ORIENTED_EDGE('',*,*,#10851,.F.);
#10854=ORIENTED_EDGE('',*,*,#10853,.T.);
#10856=ORIENTED_EDGE('',*,*,#10855,.T.);
#10858=ORIENTED_EDGE('',*,*,#10857,.T.);
#10859=EDGE_LOOP('',(#10836,#10838,#10840,#10842,#10844,#10846,#10848,#10850,
#10852,#10854,#10856,#10858));
#10860=FACE_OUTER_BOUND('',#10859,.F.);
#10861=ADVANCED_FACE('',(#10860),#10834,.T.);
#10862=CARTESIAN_POINT('',(5.25E-1,-2.306680960443E0,-2.925E0));
#10863=DIRECTION('',(0.E0,0.E0,-1.E0));
#10864=DIRECTION('',(-1.E0,0.E0,0.E0));
#10865=AXIS2_PLACEMENT_3D('',#10862,#10863,#10864);
#10866=CYLINDRICAL_SURFACE('',#10865,7.5E-2);
#10868=ORIENTED_EDGE('',*,*,#10867,.T.);
#10870=ORIENTED_EDGE('',*,*,#10869,.T.);
#10872=ORIENTED_EDGE('',*,*,#10871,.T.);
#10873=ORIENTED_EDGE('',*,*,#10835,.T.);
#10874=EDGE_LOOP('',(#10868,#10870,#10872,#10873));
#10875=FACE_OUTER_BOUND('',#10874,.F.);
#10876=ADVANCED_FACE('',(#10875),#10866,.F.);
#10877=CARTESIAN_POINT('',(6.E-1,-2.306680960443E0,-2.925E0));
#10878=DIRECTION('',(1.E0,0.E0,0.E0));
#10879=DIRECTION('',(0.E0,1.E0,0.E0));
#10880=AXIS2_PLACEMENT_3D('',#10877,#10878,#10879);
#10881=PLANE('',#10880);
#10882=ORIENTED_EDGE('',*,*,#10857,.F.);
#10884=ORIENTED_EDGE('',*,*,#10883,.F.);
#10886=ORIENTED_EDGE('',*,*,#10885,.F.);
#10887=ORIENTED_EDGE('',*,*,#10867,.F.);
#10888=EDGE_LOOP('',(#10882,#10884,#10886,#10887));
#10889=FACE_OUTER_BOUND('',#10888,.F.);
#10890=ADVANCED_FACE('',(#10889),#10881,.F.);
#10891=CARTESIAN_POINT('',(6.E-1,-2.1E0,-2.925E0));
#10892=DIRECTION('',(0.E0,-1.E0,0.E0));
#10893=DIRECTION('',(0.E0,0.E0,-1.E0));
#10894=AXIS2_PLACEMENT_3D('',#10891,#10892,#10893);
#10895=PLANE('',#10894);
#10896=ORIENTED_EDGE('',*,*,#10855,.F.);
#10898=ORIENTED_EDGE('',*,*,#10897,.T.);
#10900=ORIENTED_EDGE('',*,*,#10899,.F.);
#10901=ORIENTED_EDGE('',*,*,#10883,.T.);
#10902=EDGE_LOOP('',(#10896,#10898,#10900,#10901));
#10903=FACE_OUTER_BOUND('',#10902,.F.);
#10904=ADVANCED_FACE('',(#10903),#10895,.F.);
#10905=CARTESIAN_POINT('',(7.5E-1,-2.1E0,-2.925E0));
#10906=DIRECTION('',(-1.E0,0.E0,0.E0));
#10907=DIRECTION('',(0.E0,-1.E0,0.E0));
#10908=AXIS2_PLACEMENT_3D('',#10905,#10906,#10907);
#10909=PLANE('',#10908);
#10910=ORIENTED_EDGE('',*,*,#10853,.F.);
#10912=ORIENTED_EDGE('',*,*,#10911,.T.);
#10914=ORIENTED_EDGE('',*,*,#10913,.F.);
#10915=ORIENTED_EDGE('',*,*,#10897,.F.);
#10916=EDGE_LOOP('',(#10910,#10912,#10914,#10915));
#10917=FACE_OUTER_BOUND('',#10916,.F.);
#10918=ADVANCED_FACE('',(#10917),#10909,.F.);
#10919=CARTESIAN_POINT('',(6.E-1,-2.364230484541E0,-2.925E0));
#10920=DIRECTION('',(0.E0,0.E0,-1.E0));
#10921=DIRECTION('',(-1.E0,0.E0,0.E0));
#10922=AXIS2_PLACEMENT_3D('',#10919,#10920,#10921);
#10923=CYLINDRICAL_SURFACE('',#10922,1.5E-1);
#10924=ORIENTED_EDGE('',*,*,#10911,.F.);
#10925=ORIENTED_EDGE('',*,*,#10851,.T.);
#10927=ORIENTED_EDGE('',*,*,#10926,.F.);
#10929=ORIENTED_EDGE('',*,*,#10928,.T.);
#10930=EDGE_LOOP('',(#10924,#10925,#10927,#10929));
#10931=FACE_OUTER_BOUND('',#10930,.F.);
#10932=ADVANCED_FACE('',(#10931),#10923,.T.);
#10933=CARTESIAN_POINT('',(6.388228567650E-1,-2.509119358485E0,-2.925E0));
#10934=DIRECTION('',(-2.588190451030E-1,9.659258262889E-1,0.E0));
#10935=DIRECTION('',(-9.659258262889E-1,-2.588190451030E-1,0.E0));
#10936=AXIS2_PLACEMENT_3D('',#10933,#10934,#10935);
#10937=PLANE('',#10936);
#10938=ORIENTED_EDGE('',*,*,#10849,.T.);
#10940=ORIENTED_EDGE('',*,*,#10939,.F.);
#10942=ORIENTED_EDGE('',*,*,#10941,.T.);
#10943=ORIENTED_EDGE('',*,*,#10926,.T.);
#10944=EDGE_LOOP('',(#10938,#10940,#10942,#10943));
#10945=FACE_OUTER_BOUND('',#10944,.F.);
#10946=ADVANCED_FACE('',(#10945),#10937,.F.);
#10947=CARTESIAN_POINT('',(2.25E-1,-2.697648572295E0,-2.925E0));
#10948=DIRECTION('',(0.E0,0.E0,-1.E0));
#10949=DIRECTION('',(-1.E0,0.E0,0.E0));
#10950=AXIS2_PLACEMENT_3D('',#10947,#10948,#10949);
#10951=CYLINDRICAL_SURFACE('',#10950,7.5E-2);
#10953=ORIENTED_EDGE('',*,*,#10952,.T.);
#10955=ORIENTED_EDGE('',*,*,#10954,.T.);
#10956=ORIENTED_EDGE('',*,*,#10939,.T.);
#10957=ORIENTED_EDGE('',*,*,#10847,.T.);
#10958=EDGE_LOOP('',(#10953,#10955,#10956,#10957));
#10959=FACE_OUTER_BOUND('',#10958,.F.);
#10960=ADVANCED_FACE('',(#10959),#10951,.F.);
#10961=CARTESIAN_POINT('',(1.5E-1,-2.697648572295E0,-2.925E0));
#10962=DIRECTION('',(-1.E0,0.E0,0.E0));
#10963=DIRECTION('',(0.E0,-1.E0,0.E0));
#10964=AXIS2_PLACEMENT_3D('',#10961,#10962,#10963);
#10965=PLANE('',#10964);
#10966=ORIENTED_EDGE('',*,*,#10845,.F.);
#10968=ORIENTED_EDGE('',*,*,#10967,.T.);
#10970=ORIENTED_EDGE('',*,*,#10969,.F.);
#10971=ORIENTED_EDGE('',*,*,#10952,.F.);
#10972=EDGE_LOOP('',(#10966,#10968,#10970,#10971));
#10973=FACE_OUTER_BOUND('',#10972,.F.);
#10974=ADVANCED_FACE('',(#10973),#10965,.F.);
#10975=CARTESIAN_POINT('',(1.5E-1,-3.2E0,-2.925E0));
#10976=DIRECTION('',(0.E0,1.E0,0.E0));
#10977=DIRECTION('',(0.E0,0.E0,1.E0));
#10978=AXIS2_PLACEMENT_3D('',#10975,#10976,#10977);
#10979=PLANE('',#10978);
#10980=ORIENTED_EDGE('',*,*,#10843,.F.);
#10982=ORIENTED_EDGE('',*,*,#10981,.T.);
#10984=ORIENTED_EDGE('',*,*,#10983,.F.);
#10985=ORIENTED_EDGE('',*,*,#10967,.F.);
#10986=EDGE_LOOP('',(#10980,#10982,#10984,#10985));
#10987=FACE_OUTER_BOUND('',#10986,.F.);
#10988=ADVANCED_FACE('',(#10987),#10979,.F.);
#10989=CARTESIAN_POINT('',(0.E0,-3.2E0,-2.925E0));
#10990=DIRECTION('',(1.E0,0.E0,0.E0));
#10991=DIRECTION('',(0.E0,0.E0,-1.E0));
#10992=AXIS2_PLACEMENT_3D('',#10989,#10990,#10991);
#10993=PLANE('',#10992);
#10994=ORIENTED_EDGE('',*,*,#10841,.F.);
#10996=ORIENTED_EDGE('',*,*,#10995,.T.);
#10998=ORIENTED_EDGE('',*,*,#10997,.F.);
#10999=ORIENTED_EDGE('',*,*,#10981,.F.);
#11000=EDGE_LOOP('',(#10994,#10996,#10998,#10999));
#11001=FACE_OUTER_BOUND('',#11000,.F.);
#11002=ADVANCED_FACE('',(#11001),#10993,.F.);
#11003=CARTESIAN_POINT('',(1.5E-1,-2.640099048197E0,-2.925E0));
#11004=DIRECTION('',(0.E0,0.E0,-1.E0));
#11005=DIRECTION('',(-1.E0,0.E0,0.E0));
#11006=AXIS2_PLACEMENT_3D('',#11003,#11004,#11005);
#11007=CYLINDRICAL_SURFACE('',#11006,1.5E-1);
#11008=ORIENTED_EDGE('',*,*,#10995,.F.);
#11009=ORIENTED_EDGE('',*,*,#10839,.T.);
#11011=ORIENTED_EDGE('',*,*,#11010,.F.);
#11013=ORIENTED_EDGE('',*,*,#11012,.T.);
#11014=EDGE_LOOP('',(#11008,#11009,#11011,#11013));
#11015=FACE_OUTER_BOUND('',#11014,.F.);
#11016=ADVANCED_FACE('',(#11015),#11007,.T.);
#11017=CARTESIAN_POINT('',(1.111771432350E-1,-2.495210174253E0,-2.925E0));
#11018=DIRECTION('',(2.588190451030E-1,-9.659258262889E-1,0.E0));
#11019=DIRECTION('',(9.659258262889E-1,2.588190451030E-1,0.E0));
#11020=AXIS2_PLACEMENT_3D('',#11017,#11018,#11019);
#11021=PLANE('',#11020);
#11022=ORIENTED_EDGE('',*,*,#10837,.T.);
#11023=ORIENTED_EDGE('',*,*,#10871,.F.);
#11025=ORIENTED_EDGE('',*,*,#11024,.T.);
#11026=ORIENTED_EDGE('',*,*,#11010,.T.);
#11027=EDGE_LOOP('',(#11022,#11023,#11025,#11026));
#11028=FACE_OUTER_BOUND('',#11027,.F.);
#11029=ADVANCED_FACE('',(#11028),#11021,.F.);
#11030=CARTESIAN_POINT('',(3.190721488970E-1,-2.618681122833E0,-2.8E0));
#11031=DIRECTION('',(0.E0,0.E0,-1.E0));
#11032=DIRECTION('',(-1.E0,0.E0,0.E0));
#11033=AXIS2_PLACEMENT_3D('',#11030,#11031,#11032);
#11034=PLANE('',#11033);
#11035=ORIENTED_EDGE('',*,*,#10885,.T.);
#11036=ORIENTED_EDGE('',*,*,#10899,.T.);
#11037=ORIENTED_EDGE('',*,*,#10913,.T.);
#11038=ORIENTED_EDGE('',*,*,#10928,.F.);
#11039=ORIENTED_EDGE('',*,*,#10941,.F.);
#11040=ORIENTED_EDGE('',*,*,#10954,.F.);
#11041=ORIENTED_EDGE('',*,*,#10969,.T.);
#11042=ORIENTED_EDGE('',*,*,#10983,.T.);
#11043=ORIENTED_EDGE('',*,*,#10997,.T.);
#11044=ORIENTED_EDGE('',*,*,#11012,.F.);
#11045=ORIENTED_EDGE('',*,*,#11024,.F.);
#11046=ORIENTED_EDGE('',*,*,#10869,.F.);
#11047=EDGE_LOOP('',(#11035,#11036,#11037,#11038,#11039,#11040,#11041,#11042,
#11043,#11044,#11045,#11046));
#11048=FACE_OUTER_BOUND('',#11047,.F.);
#11049=ADVANCED_FACE('',(#11048),#11034,.F.);
#11052=FILL_AREA_STYLE_COLOUR('',#9948);
#11053=FILL_AREA_STYLE('',(#11052));
#11054=SURFACE_STYLE_FILL_AREA(#11053);
#11055=SURFACE_SIDE_STYLE('',(#11054));
#11056=SURFACE_STYLE_USAGE(.BOTH.,#11055);
#11057=PRESENTATION_STYLE_ASSIGNMENT((#11056));
#10521=STYLED_ITEM('',(#11057),#11051);
#11059=DIMENSIONAL_EXPONENTS(0.E0,0.E0,0.E0,0.E0,0.E0,0.E0,0.E0);
#11061=PLANE_ANGLE_MEASURE_WITH_UNIT(PLANE_ANGLE_MEASURE(1.745329251994E-2),
#11060);
#11062=(CONVERSION_BASED_UNIT('DEGREE',#11061)NAMED_UNIT(*)PLANE_ANGLE_UNIT());
#11064=UNCERTAINTY_MEASURE_WITH_UNIT(LENGTH_MEASURE(1.354567533546E-4),#11058,
'closure',
'Maximum model space distance between geometric entities at asserted connectivities');
#11065=(GEOMETRIC_REPRESENTATION_CONTEXT(3)GLOBAL_UNCERTAINTY_ASSIGNED_CONTEXT((
#11064))GLOBAL_UNIT_ASSIGNED_CONTEXT((#11058,#11062,#11063))REPRESENTATION_CONTEXT('ID19','3'));
#11066=CARTESIAN_POINT('',(0.E0,0.E0,0.E0));
#11067=DIRECTION('',(0.E0,0.E0,1.E0));
#11068=DIRECTION('',(1.E0,0.E0,0.E0));
#11071=DESIGN_CONTEXT('',#781,'design');
#11072=MECHANICAL_CONTEXT('',#781,'mechanical');
#11073=PRODUCT('USER_LIBRARY-TSSOP-20-2__-232_2',
'USER_LIBRARY-TSSOP-20-2__-232_2','NOT SPECIFIED',(#11072));
#11074=PRODUCT_DEFINITION_FORMATION_WITH_SPECIFIED_SOURCE('1','LAST_VERSION',
#11073,.MADE.);
#11080=CARTESIAN_POINT('',(0.E0,0.E0,0.E0));
#11081=DIRECTION('',(0.E0,0.E0,1.E0));
#11082=DIRECTION('',(1.E0,0.E0,0.E0));
#11083=AXIS2_PLACEMENT_3D('',#11080,#11081,#11082);
#11084=ITEM_DEFINED_TRANSFORMATION('','',#11069,#11083);
#11085=CARTESIAN_POINT('',(0.E0,0.E0,0.E0));
#11086=DIRECTION('',(0.E0,0.E0,1.E0));
#11087=DIRECTION('',(1.E0,0.E0,0.E0));
#11089=(REPRESENTATION_RELATIONSHIP('','',#11070,#10507)REPRESENTATION_RELATIONSHIP_WITH_TRANSFORMATION(#11084)SHAPE_REPRESENTATION_RELATIONSHIP());
#11090=CONTEXT_DEPENDENT_SHAPE_REPRESENTATION(#11089,#11079);
#11092=DIMENSIONAL_EXPONENTS(0.E0,0.E0,0.E0,0.E0,0.E0,0.E0,0.E0);
#11094=PLANE_ANGLE_MEASURE_WITH_UNIT(PLANE_ANGLE_MEASURE(1.745329251994E-2),
#11093);
#11095=(CONVERSION_BASED_UNIT('DEGREE',#11094)NAMED_UNIT(*)PLANE_ANGLE_UNIT());
#11097=UNCERTAINTY_MEASURE_WITH_UNIT(LENGTH_MEASURE(8.659907627683E-2),#11091,
'closure',
'Maximum model space distance between geometric entities at asserted connectivities');
#11098=(GEOMETRIC_REPRESENTATION_CONTEXT(3)GLOBAL_UNCERTAINTY_ASSIGNED_CONTEXT((
#11097))GLOBAL_UNIT_ASSIGNED_CONTEXT((#11091,#11095,#11096))REPRESENTATION_CONTEXT('ID20','3'));
#11099=CARTESIAN_POINT('',(0.E0,0.E0,0.E0));
#11100=DIRECTION('',(0.E0,0.E0,1.E0));
#11101=DIRECTION('',(1.E0,0.E0,0.E0));
#11103=MECHANICAL_CONTEXT('',#781,'mechanical');
#11104=PRODUCT('USER_LIBRARY-TSSOP-20-2__-23252_ASM',
'USER_LIBRARY-TSSOP-20-2__-23252_ASM','NOT SPECIFIED',(#11103));
#11105=PRODUCT_DEFINITION_FORMATION_WITH_SPECIFIED_SOURCE('1','LAST_VERSION',
#11104,.MADE.);
#11109=CARTESIAN_POINT('',(0.E0,0.E0,0.E0));
#11110=DIRECTION('',(1.E0,0.E0,0.E0));
#11111=DIRECTION('',(0.E0,1.E0,0.E0));
#11112=AXIS2_PLACEMENT_3D('',#11109,#11110,#11111);
#11113=ITEM_DEFINED_TRANSFORMATION('','',#10518,#11112);
#11114=CARTESIAN_POINT('',(0.E0,0.E0,0.E0));
#11115=DIRECTION('',(0.E0,0.E0,1.E0));
#11116=DIRECTION('',(1.E0,0.E0,0.E0));
#11118=(REPRESENTATION_RELATIONSHIP('','',#10507,#9787)REPRESENTATION_RELATIONSHIP_WITH_TRANSFORMATION(#11113)SHAPE_REPRESENTATION_RELATIONSHIP());
#11119=CONTEXT_DEPENDENT_SHAPE_REPRESENTATION(#11118,#11108);
#11122=CARTESIAN_POINT('',(6.5E-1,0.E0,0.E0));
#11123=DIRECTION('',(1.E0,0.E0,0.E0));
#11124=DIRECTION('',(0.E0,1.E0,0.E0));
#11125=AXIS2_PLACEMENT_3D('',#11122,#11123,#11124);
#11126=ITEM_DEFINED_TRANSFORMATION('','',#10518,#11125);
#11127=CARTESIAN_POINT('',(0.E0,0.E0,0.E0));
#11128=DIRECTION('',(0.E0,0.E0,1.E0));
#11129=DIRECTION('',(1.E0,0.E0,0.E0));
#11131=(REPRESENTATION_RELATIONSHIP('','',#10507,#9787)REPRESENTATION_RELATIONSHIP_WITH_TRANSFORMATION(#11126)SHAPE_REPRESENTATION_RELATIONSHIP());
#11132=CONTEXT_DEPENDENT_SHAPE_REPRESENTATION(#11131,#11121);
#11135=CARTESIAN_POINT('',(1.3E0,0.E0,0.E0));
#11136=DIRECTION('',(1.E0,0.E0,0.E0));
#11137=DIRECTION('',(0.E0,1.E0,0.E0));
#11138=AXIS2_PLACEMENT_3D('',#11135,#11136,#11137);
#11139=ITEM_DEFINED_TRANSFORMATION('','',#10518,#11138);
#11140=CARTESIAN_POINT('',(0.E0,0.E0,0.E0));
#11141=DIRECTION('',(0.E0,0.E0,1.E0));
#11142=DIRECTION('',(1.E0,0.E0,0.E0));
#11144=(REPRESENTATION_RELATIONSHIP('','',#10507,#9787)REPRESENTATION_RELATIONSHIP_WITH_TRANSFORMATION(#11139)SHAPE_REPRESENTATION_RELATIONSHIP());
#11145=CONTEXT_DEPENDENT_SHAPE_REPRESENTATION(#11144,#11134);
#11148=CARTESIAN_POINT('',(1.95E0,0.E0,0.E0));
#11149=DIRECTION('',(1.E0,0.E0,0.E0));
#11150=DIRECTION('',(0.E0,1.E0,0.E0));
#11151=AXIS2_PLACEMENT_3D('',#11148,#11149,#11150);
#11152=ITEM_DEFINED_TRANSFORMATION('','',#10518,#11151);
#11153=CARTESIAN_POINT('',(0.E0,0.E0,0.E0));
#11154=DIRECTION('',(0.E0,0.E0,1.E0));
#11155=DIRECTION('',(1.E0,0.E0,0.E0));
#11157=(REPRESENTATION_RELATIONSHIP('','',#10507,#9787)REPRESENTATION_RELATIONSHIP_WITH_TRANSFORMATION(#11152)SHAPE_REPRESENTATION_RELATIONSHIP());
#11158=CONTEXT_DEPENDENT_SHAPE_REPRESENTATION(#11157,#11147);
#11161=CARTESIAN_POINT('',(2.6E0,0.E0,0.E0));
#11162=DIRECTION('',(1.E0,0.E0,0.E0));
#11163=DIRECTION('',(0.E0,1.E0,0.E0));
#11164=AXIS2_PLACEMENT_3D('',#11161,#11162,#11163);
#11165=ITEM_DEFINED_TRANSFORMATION('','',#10518,#11164);
#11166=CARTESIAN_POINT('',(0.E0,0.E0,0.E0));
#11167=DIRECTION('',(0.E0,0.E0,1.E0));
#11168=DIRECTION('',(1.E0,0.E0,0.E0));
#11170=(REPRESENTATION_RELATIONSHIP('','',#10507,#9787)REPRESENTATION_RELATIONSHIP_WITH_TRANSFORMATION(#11165)SHAPE_REPRESENTATION_RELATIONSHIP());
#11171=CONTEXT_DEPENDENT_SHAPE_REPRESENTATION(#11170,#11160);
#11174=CARTESIAN_POINT('',(3.25E0,0.E0,0.E0));
#11175=DIRECTION('',(1.E0,0.E0,0.E0));
#11176=DIRECTION('',(0.E0,1.E0,0.E0));
#11177=AXIS2_PLACEMENT_3D('',#11174,#11175,#11176);
#11178=ITEM_DEFINED_TRANSFORMATION('','',#10518,#11177);
#11179=CARTESIAN_POINT('',(0.E0,0.E0,0.E0));
#11180=DIRECTION('',(0.E0,0.E0,1.E0));
#11181=DIRECTION('',(1.E0,0.E0,0.E0));
#11183=(REPRESENTATION_RELATIONSHIP('','',#10507,#9787)REPRESENTATION_RELATIONSHIP_WITH_TRANSFORMATION(#11178)SHAPE_REPRESENTATION_RELATIONSHIP());
#11184=CONTEXT_DEPENDENT_SHAPE_REPRESENTATION(#11183,#11173);
#11187=CARTESIAN_POINT('',(3.9E0,0.E0,0.E0));
#11188=DIRECTION('',(1.E0,0.E0,0.E0));
#11189=DIRECTION('',(0.E0,1.E0,0.E0));
#11190=AXIS2_PLACEMENT_3D('',#11187,#11188,#11189);
#11191=ITEM_DEFINED_TRANSFORMATION('','',#10518,#11190);
#11192=CARTESIAN_POINT('',(0.E0,0.E0,0.E0));
#11193=DIRECTION('',(0.E0,0.E0,1.E0));
#11194=DIRECTION('',(1.E0,0.E0,0.E0));
#11196=(REPRESENTATION_RELATIONSHIP('','',#10507,#9787)REPRESENTATION_RELATIONSHIP_WITH_TRANSFORMATION(#11191)SHAPE_REPRESENTATION_RELATIONSHIP());
#11197=CONTEXT_DEPENDENT_SHAPE_REPRESENTATION(#11196,#11186);
#11200=CARTESIAN_POINT('',(4.55E0,0.E0,0.E0));
#11201=DIRECTION('',(1.E0,0.E0,0.E0));
#11202=DIRECTION('',(0.E0,1.E0,0.E0));
#11203=AXIS2_PLACEMENT_3D('',#11200,#11201,#11202);
#11204=ITEM_DEFINED_TRANSFORMATION('','',#10518,#11203);
#11205=CARTESIAN_POINT('',(0.E0,0.E0,0.E0));
#11206=DIRECTION('',(0.E0,0.E0,1.E0));
#11207=DIRECTION('',(1.E0,0.E0,0.E0));
#11209=(REPRESENTATION_RELATIONSHIP('','',#10507,#9787)REPRESENTATION_RELATIONSHIP_WITH_TRANSFORMATION(#11204)SHAPE_REPRESENTATION_RELATIONSHIP());
#11210=CONTEXT_DEPENDENT_SHAPE_REPRESENTATION(#11209,#11199);
#11213=CARTESIAN_POINT('',(5.2E0,0.E0,0.E0));
#11214=DIRECTION('',(1.E0,0.E0,0.E0));
#11215=DIRECTION('',(0.E0,1.E0,0.E0));
#11216=AXIS2_PLACEMENT_3D('',#11213,#11214,#11215);
#11217=ITEM_DEFINED_TRANSFORMATION('','',#10518,#11216);
#11218=CARTESIAN_POINT('',(0.E0,0.E0,0.E0));
#11219=DIRECTION('',(0.E0,0.E0,1.E0));
#11220=DIRECTION('',(1.E0,0.E0,0.E0));
#11222=(REPRESENTATION_RELATIONSHIP('','',#10507,#9787)REPRESENTATION_RELATIONSHIP_WITH_TRANSFORMATION(#11217)SHAPE_REPRESENTATION_RELATIONSHIP());
#11223=CONTEXT_DEPENDENT_SHAPE_REPRESENTATION(#11222,#11212);
#11226=CARTESIAN_POINT('',(5.85E0,0.E0,0.E0));
#11227=DIRECTION('',(1.E0,0.E0,0.E0));
#11228=DIRECTION('',(0.E0,1.E0,0.E0));
#11229=AXIS2_PLACEMENT_3D('',#11226,#11227,#11228);
#11230=ITEM_DEFINED_TRANSFORMATION('','',#10518,#11229);
#11231=CARTESIAN_POINT('',(0.E0,0.E0,0.E0));
#11232=DIRECTION('',(0.E0,0.E0,1.E0));
#11233=DIRECTION('',(1.E0,0.E0,0.E0));
#11235=(REPRESENTATION_RELATIONSHIP('','',#10507,#9787)REPRESENTATION_RELATIONSHIP_WITH_TRANSFORMATION(#11230)SHAPE_REPRESENTATION_RELATIONSHIP());
#11236=CONTEXT_DEPENDENT_SHAPE_REPRESENTATION(#11235,#11225);
#11238=DIMENSIONAL_EXPONENTS(0.E0,0.E0,0.E0,0.E0,0.E0,0.E0,0.E0);
#11240=PLANE_ANGLE_MEASURE_WITH_UNIT(PLANE_ANGLE_MEASURE(1.745329251994E-2),
#11239);
#11241=(CONVERSION_BASED_UNIT('DEGREE',#11240)NAMED_UNIT(*)PLANE_ANGLE_UNIT());
#11243=UNCERTAINTY_MEASURE_WITH_UNIT(LENGTH_MEASURE(8.659907627683E-2),#11237,
'closure',
'Maximum model space distance between geometric entities at asserted connectivities');
#11244=(GEOMETRIC_REPRESENTATION_CONTEXT(3)GLOBAL_UNCERTAINTY_ASSIGNED_CONTEXT((
#11243))GLOBAL_UNIT_ASSIGNED_CONTEXT((#11237,#11241,#11242))REPRESENTATION_CONTEXT('ID21','3'));
#11245=CARTESIAN_POINT('',(0.E0,0.E0,0.E0));
#11246=DIRECTION('',(0.E0,0.E0,1.E0));
#11247=DIRECTION('',(1.E0,0.E0,0.E0));
#11249=DESIGN_CONTEXT('',#781,'design');
#11250=MECHANICAL_CONTEXT('',#781,'mechanical');
#11251=PRODUCT('TSSOP-20_ASM','TSSOP-20_ASM','NOT SPECIFIED',(#11250));
#11252=PRODUCT_DEFINITION_FORMATION_WITH_SPECIFIED_SOURCE('1','LAST_VERSION',
#11251,.MADE.);
#11259=CARTESIAN_POINT('',(4.529997577676E0,1.123849821762E1,
-4.114798307420E-1));
#11260=DIRECTION('',(-1.E0,1.192487681713E-8,4.371141017247E-8));
#11261=DIRECTION('',(1.192488063850E-8,1.E0,8.742273394091E-8));
#11262=AXIS2_PLACEMENT_3D('',#11259,#11260,#11261);
#11263=ITEM_DEFINED_TRANSFORMATION('','',#9798,#11262);
#11264=CARTESIAN_POINT('',(0.E0,0.E0,0.E0));
#11265=DIRECTION('',(0.E0,0.E0,1.E0));
#11266=DIRECTION('',(1.E0,0.E0,0.E0));
#11268=(REPRESENTATION_RELATIONSHIP('','',#9787,#11256)REPRESENTATION_RELATIONSHIP_WITH_TRANSFORMATION(#11263)SHAPE_REPRESENTATION_RELATIONSHIP());
#11269=CONTEXT_DEPENDENT_SHAPE_REPRESENTATION(#11268,#11258);
#11271=DIMENSIONAL_EXPONENTS(0.E0,0.E0,0.E0,0.E0,0.E0,0.E0,0.E0);
#11273=PLANE_ANGLE_MEASURE_WITH_UNIT(PLANE_ANGLE_MEASURE(1.745329251994E-2),
#11272);
#11274=(CONVERSION_BASED_UNIT('DEGREE',#11273)NAMED_UNIT(*)PLANE_ANGLE_UNIT());
#11276=UNCERTAINTY_MEASURE_WITH_UNIT(LENGTH_MEASURE(8.659907627683E-2),#11270,
'closure',
'Maximum model space distance between geometric entities at asserted connectivities');
#11277=(GEOMETRIC_REPRESENTATION_CONTEXT(3)GLOBAL_UNCERTAINTY_ASSIGNED_CONTEXT((
#11276))GLOBAL_UNIT_ASSIGNED_CONTEXT((#11270,#11274,#11275))REPRESENTATION_CONTEXT('ID22','3'));
#11278=CARTESIAN_POINT('',(0.E0,0.E0,0.E0));
#11279=DIRECTION('',(0.E0,0.E0,1.E0));
#11280=DIRECTION('',(1.E0,0.E0,0.E0));
#11282=MECHANICAL_CONTEXT('',#781,'mechanical');
#11283=PRODUCT('U2_ASM','U2_ASM','NOT SPECIFIED',(#11282));
#11284=PRODUCT_DEFINITION_FORMATION_WITH_SPECIFIED_SOURCE('1','LAST_VERSION',
#11283,.MADE.);
#11288=CARTESIAN_POINT('',(0.E0,0.E0,0.E0));
#11289=DIRECTION('',(0.E0,0.E0,1.E0));
#11290=DIRECTION('',(1.E0,0.E0,0.E0));
#11291=AXIS2_PLACEMENT_3D('',#11288,#11289,#11290);
#11292=ITEM_DEFINED_TRANSFORMATION('','',#11267,#11291);
#11293=CARTESIAN_POINT('',(0.E0,0.E0,0.E0));
#11294=DIRECTION('',(0.E0,0.E0,1.E0));
#11295=DIRECTION('',(1.E0,0.E0,0.E0));
#11297=(REPRESENTATION_RELATIONSHIP('','',#11256,#792)REPRESENTATION_RELATIONSHIP_WITH_TRANSFORMATION(#11292)SHAPE_REPRESENTATION_RELATIONSHIP());
#11298=CONTEXT_DEPENDENT_SHAPE_REPRESENTATION(#11297,#11287);
#11300=DIMENSIONAL_EXPONENTS(0.E0,0.E0,0.E0,0.E0,0.E0,0.E0,0.E0);
#11302=PLANE_ANGLE_MEASURE_WITH_UNIT(PLANE_ANGLE_MEASURE(1.745329251994E-2),
#11301);
#11303=(CONVERSION_BASED_UNIT('DEGREE',#11302)NAMED_UNIT(*)PLANE_ANGLE_UNIT());
#11305=UNCERTAINTY_MEASURE_WITH_UNIT(LENGTH_MEASURE(8.659907627683E-2),#11299,
'closure',
'Maximum model space distance between geometric entities at asserted connectivities');
#11306=(GEOMETRIC_REPRESENTATION_CONTEXT(3)GLOBAL_UNCERTAINTY_ASSIGNED_CONTEXT((
#11305))GLOBAL_UNIT_ASSIGNED_CONTEXT((#11299,#11303,#11304))REPRESENTATION_CONTEXT('ID23','3'));
#11307=CARTESIAN_POINT('',(0.E0,0.E0,0.E0));
#11308=DIRECTION('',(0.E0,0.E0,1.E0));
#11309=DIRECTION('',(1.E0,0.E0,0.E0));
#11311=DESIGN_CONTEXT('',#781,'design');
#11312=MECHANICAL_CONTEXT('',#781,'mechanical');
#11313=PRODUCT('PCB_ASM','PCB_ASM','NOT SPECIFIED',(#11312));
#11314=PRODUCT_DEFINITION_FORMATION_WITH_SPECIFIED_SOURCE('1','LAST_VERSION',
#11313,.MADE.);
#11321=CARTESIAN_POINT('',(0.E0,0.E0,0.E0));
#11322=DIRECTION('',(0.E0,0.E0,1.E0));
#11323=DIRECTION('',(1.E0,0.E0,0.E0));
#11324=AXIS2_PLACEMENT_3D('',#11321,#11322,#11323);
#11325=ITEM_DEFINED_TRANSFORMATION('','',#803,#11324);
#11326=(REPRESENTATION_RELATIONSHIP('','',#792,#11318)REPRESENTATION_RELATIONSHIP_WITH_TRANSFORMATION(#11325)SHAPE_REPRESENTATION_RELATIONSHIP());
#11327=CONTEXT_DEPENDENT_SHAPE_REPRESENTATION(#11326,#11320);
#11329=DIRECTION('',(0.E0,-1.E0,0.E0));
#11330=VECTOR('',#11329,7.6E0);
#11331=CARTESIAN_POINT('',(2.924991313553E1,1.904800118834E1,-4.1148E-1));
#11332=LINE('',#11331,#11330);
#11333=CURVE_STYLE('',#36,POSITIVE_LENGTH_MEASURE(2.E-2),#28);
#11334=PRESENTATION_STYLE_ASSIGNMENT((#11333));
#11335=STYLED_ITEM('',(#11334),#11332);
#11336=DIRECTION('',(-1.E0,0.E0,0.E0));
#11337=VECTOR('',#11336,7.5E-1);
#11338=CARTESIAN_POINT('',(2.924991313553E1,1.144800118834E1,-4.1148E-1));
#11339=LINE('',#11338,#11337);
#11340=CURVE_STYLE('',#36,POSITIVE_LENGTH_MEASURE(2.E-2),#28);
#11341=PRESENTATION_STYLE_ASSIGNMENT((#11340));
#11342=STYLED_ITEM('',(#11341),#11339);
#11343=DIRECTION('',(0.E0,1.E0,0.E0));
#11344=VECTOR('',#11343,1.6E0);
#11345=CARTESIAN_POINT('',(2.849991313553E1,1.144800118834E1,-4.1148E-1));
#11346=LINE('',#11345,#11344);
#11347=CURVE_STYLE('',#36,POSITIVE_LENGTH_MEASURE(2.E-2),#28);
#11348=PRESENTATION_STYLE_ASSIGNMENT((#11347));
#11349=STYLED_ITEM('',(#11348),#11346);
#11350=DIRECTION('',(-1.E0,0.E0,0.E0));
#11351=VECTOR('',#11350,1.85E1);
#11352=CARTESIAN_POINT('',(2.849991313553E1,1.304800118834E1,-4.1148E-1));
#11353=LINE('',#11352,#11351);
#11354=CURVE_STYLE('',#36,POSITIVE_LENGTH_MEASURE(2.E-2),#28);
#11355=PRESENTATION_STYLE_ASSIGNMENT((#11354));
#11356=STYLED_ITEM('',(#11355),#11353);
#11357=DIRECTION('',(0.E0,-1.E0,0.E0));
#11358=VECTOR('',#11357,1.6E0);
#11359=CARTESIAN_POINT('',(9.999913135532E0,1.304800118834E1,-4.1148E-1));
#11360=LINE('',#11359,#11358);
#11361=CURVE_STYLE('',#36,POSITIVE_LENGTH_MEASURE(2.E-2),#28);
#11362=PRESENTATION_STYLE_ASSIGNMENT((#11361));
#11363=STYLED_ITEM('',(#11362),#11360);
#11364=DIRECTION('',(-1.E0,0.E0,0.E0));
#11365=VECTOR('',#11364,7.5E-1);
#11366=CARTESIAN_POINT('',(9.999913135532E0,1.144800118834E1,-4.1148E-1));
#11367=LINE('',#11366,#11365);
#11368=CURVE_STYLE('',#36,POSITIVE_LENGTH_MEASURE(2.E-2),#28);
#11369=PRESENTATION_STYLE_ASSIGNMENT((#11368));
#11370=STYLED_ITEM('',(#11369),#11367);
#11371=DIRECTION('',(0.E0,1.E0,0.E0));
#11372=VECTOR('',#11371,7.6E0);
#11373=CARTESIAN_POINT('',(9.249913135532E0,1.144800118834E1,-4.1148E-1));
#11374=LINE('',#11373,#11372);
#11375=CURVE_STYLE('',#36,POSITIVE_LENGTH_MEASURE(2.E-2),#28);
#11376=PRESENTATION_STYLE_ASSIGNMENT((#11375));
#11377=STYLED_ITEM('',(#11376),#11374);
#11378=DIRECTION('',(1.E0,0.E0,0.E0));
#11379=VECTOR('',#11378,2.E1);
#11380=CARTESIAN_POINT('',(9.249913135532E0,1.904800118834E1,-4.1148E-1));
#11381=LINE('',#11380,#11379);
#11382=CURVE_STYLE('',#36,POSITIVE_LENGTH_MEASURE(2.E-2),#28);
#11383=PRESENTATION_STYLE_ASSIGNMENT((#11382));
#11384=STYLED_ITEM('',(#11383),#11381);
#11385=DIRECTION('',(0.E0,0.E0,-1.E0));
#11386=VECTOR('',#11385,5.6E0);
#11387=CARTESIAN_POINT('',(2.924991313553E1,1.904800118834E1,-4.1148E-1));
#11388=LINE('',#11387,#11386);
#11389=CURVE_STYLE('',#36,POSITIVE_LENGTH_MEASURE(2.E-2),#28);
#11390=PRESENTATION_STYLE_ASSIGNMENT((#11389));
#11391=STYLED_ITEM('',(#11390),#11388);
#11392=DIRECTION('',(0.E0,0.E0,-1.E0));
#11393=VECTOR('',#11392,5.6E0);
#11394=CARTESIAN_POINT('',(9.249913135532E0,1.904800118834E1,-4.1148E-1));
#11395=LINE('',#11394,#11393);
#11396=CURVE_STYLE('',#36,POSITIVE_LENGTH_MEASURE(2.E-2),#28);
#11397=PRESENTATION_STYLE_ASSIGNMENT((#11396));
#11398=STYLED_ITEM('',(#11397),#11395);
#11399=DIRECTION('',(0.E0,0.E0,1.E0));
#11400=VECTOR('',#11399,3.6E0);
#11401=CARTESIAN_POINT('',(1.074991313553E1,1.904800118834E1,-4.81148E0));
#11402=LINE('',#11401,#11400);
#11403=CURVE_STYLE('',#36,POSITIVE_LENGTH_MEASURE(2.E-2),#28);
#11404=PRESENTATION_STYLE_ASSIGNMENT((#11403));
#11405=STYLED_ITEM('',(#11404),#11402);
#11406=DIRECTION('',(1.E0,0.E0,0.E0));
#11407=VECTOR('',#11406,1.7E1);
#11408=CARTESIAN_POINT('',(1.074991313553E1,1.904800118834E1,-1.21148E0));
#11409=LINE('',#11408,#11407);
#11410=CURVE_STYLE('',#36,POSITIVE_LENGTH_MEASURE(2.E-2),#28);
#11411=PRESENTATION_STYLE_ASSIGNMENT((#11410));
#11412=STYLED_ITEM('',(#11411),#11409);
#11413=DIRECTION('',(0.E0,0.E0,-1.E0));
#11414=VECTOR('',#11413,3.6E0);
#11415=CARTESIAN_POINT('',(2.774991313553E1,1.904800118834E1,-1.21148E0));
#11416=LINE('',#11415,#11414);
#11417=CURVE_STYLE('',#36,POSITIVE_LENGTH_MEASURE(2.E-2),#28);
#11418=PRESENTATION_STYLE_ASSIGNMENT((#11417));
#11419=STYLED_ITEM('',(#11418),#11416);
#11420=DIRECTION('',(-1.E0,0.E0,0.E0));
#11421=VECTOR('',#11420,1.7E1);
#11422=CARTESIAN_POINT('',(2.774991313553E1,1.904800118834E1,-4.81148E0));
#11423=LINE('',#11422,#11421);
#11424=CURVE_STYLE('',#36,POSITIVE_LENGTH_MEASURE(2.E-2),#28);
#11425=PRESENTATION_STYLE_ASSIGNMENT((#11424));
#11426=STYLED_ITEM('',(#11425),#11423);
#11427=DIRECTION('',(0.E0,0.E0,-1.E0));
#11428=VECTOR('',#11427,5.6E0);
#11429=CARTESIAN_POINT('',(9.249913135532E0,1.144800118834E1,-4.1148E-1));
#11430=LINE('',#11429,#11428);
#11431=CURVE_STYLE('',#36,POSITIVE_LENGTH_MEASURE(2.E-2),#28);
#11432=PRESENTATION_STYLE_ASSIGNMENT((#11431));
#11433=STYLED_ITEM('',(#11432),#11430);
#11434=DIRECTION('',(0.E0,0.E0,-1.E0));
#11435=VECTOR('',#11434,5.6E0);
#11436=CARTESIAN_POINT('',(9.999913135532E0,1.144800118834E1,-4.1148E-1));
#11437=LINE('',#11436,#11435);
#11438=CURVE_STYLE('',#36,POSITIVE_LENGTH_MEASURE(2.E-2),#28);
#11439=PRESENTATION_STYLE_ASSIGNMENT((#11438));
#11440=STYLED_ITEM('',(#11439),#11437);
#11441=DIRECTION('',(0.E0,0.E0,-1.E0));
#11442=VECTOR('',#11441,5.6E0);
#11443=CARTESIAN_POINT('',(9.999913135532E0,1.304800118834E1,-4.1148E-1));
#11444=LINE('',#11443,#11442);
#11445=CURVE_STYLE('',#36,POSITIVE_LENGTH_MEASURE(2.E-2),#28);
#11446=PRESENTATION_STYLE_ASSIGNMENT((#11445));
#11447=STYLED_ITEM('',(#11446),#11444);
#11448=DIRECTION('',(-1.E0,0.E0,0.E0));
#11449=VECTOR('',#11448,7.664421631214E-1);
#11450=CARTESIAN_POINT('',(2.774991313553E1,1.304800118834E1,-4.51148E0));
#11451=LINE('',#11450,#11449);
#11452=CURVE_STYLE('',#36,POSITIVE_LENGTH_MEASURE(2.E-2),#28);
#11453=PRESENTATION_STYLE_ASSIGNMENT((#11452));
#11454=STYLED_ITEM('',(#11453),#11451);
#11455=DIRECTION('',(0.E0,0.E0,1.E0));
#11456=VECTOR('',#11455,1.5E0);
#11457=CARTESIAN_POINT('',(2.698347097241E1,1.304800118834E1,-6.01148E0));
#11458=LINE('',#11457,#11456);
#11459=CURVE_STYLE('',#36,POSITIVE_LENGTH_MEASURE(2.E-2),#28);
#11460=PRESENTATION_STYLE_ASSIGNMENT((#11459));
#11461=STYLED_ITEM('',(#11460),#11458);
#11462=DIRECTION('',(0.E0,0.E0,1.E0));
#11463=VECTOR('',#11462,1.5E0);
#11464=CARTESIAN_POINT('',(1.151635529865E1,1.304800118834E1,-6.01148E0));
#11465=LINE('',#11464,#11463);
#11466=CURVE_STYLE('',#36,POSITIVE_LENGTH_MEASURE(2.E-2),#28);
#11467=PRESENTATION_STYLE_ASSIGNMENT((#11466));
#11468=STYLED_ITEM('',(#11467),#11465);
#11469=DIRECTION('',(-1.E0,0.E0,0.E0));
#11470=VECTOR('',#11469,7.664421631214E-1);
#11471=CARTESIAN_POINT('',(1.151635529865E1,1.304800118834E1,-4.51148E0));
#11472=LINE('',#11471,#11470);
#11473=CURVE_STYLE('',#36,POSITIVE_LENGTH_MEASURE(2.E-2),#28);
#11474=PRESENTATION_STYLE_ASSIGNMENT((#11473));
#11475=STYLED_ITEM('',(#11474),#11472);
#11476=DIRECTION('',(0.E0,0.E0,1.E0));
#11477=VECTOR('',#11476,1.5E0);
#11478=CARTESIAN_POINT('',(1.074991313553E1,1.304800118834E1,-6.01148E0));
#11479=LINE('',#11478,#11477);
#11480=CURVE_STYLE('',#36,POSITIVE_LENGTH_MEASURE(2.E-2),#28);
#11481=PRESENTATION_STYLE_ASSIGNMENT((#11480));
#11482=STYLED_ITEM('',(#11481),#11479);
#11483=DIRECTION('',(0.E0,0.E0,-1.E0));
#11484=VECTOR('',#11483,5.6E0);
#11485=CARTESIAN_POINT('',(2.849991313553E1,1.304800118834E1,-4.1148E-1));
#11486=LINE('',#11485,#11484);
#11487=CURVE_STYLE('',#36,POSITIVE_LENGTH_MEASURE(2.E-2),#28);
#11488=PRESENTATION_STYLE_ASSIGNMENT((#11487));
#11489=STYLED_ITEM('',(#11488),#11486);
#11490=DIRECTION('',(0.E0,0.E0,1.E0));
#11491=VECTOR('',#11490,1.5E0);
#11492=CARTESIAN_POINT('',(2.774991313553E1,1.304800118834E1,-6.01148E0));
#11493=LINE('',#11492,#11491);
#11494=CURVE_STYLE('',#36,POSITIVE_LENGTH_MEASURE(2.E-2),#28);
#11495=PRESENTATION_STYLE_ASSIGNMENT((#11494));
#11496=STYLED_ITEM('',(#11495),#11493);
#11497=DIRECTION('',(0.E0,-1.E0,0.E0));
#11498=VECTOR('',#11497,1.E0);
#11499=CARTESIAN_POINT('',(2.774991313553E1,1.404800118834E1,-4.51148E0));
#11500=LINE('',#11499,#11498);
#11501=CURVE_STYLE('',#36,POSITIVE_LENGTH_MEASURE(2.E-2),#28);
#11502=PRESENTATION_STYLE_ASSIGNMENT((#11501));
#11503=STYLED_ITEM('',(#11502),#11500);
#11504=DIRECTION('',(0.E0,1.E0,0.E0));
#11505=VECTOR('',#11504,1.E0);
#11506=CARTESIAN_POINT('',(2.698347097241E1,1.304800118834E1,-4.51148E0));
#11507=LINE('',#11506,#11505);
#11508=CURVE_STYLE('',#36,POSITIVE_LENGTH_MEASURE(2.E-2),#28);
#11509=PRESENTATION_STYLE_ASSIGNMENT((#11508));
#11510=STYLED_ITEM('',(#11509),#11507);
#11511=DIRECTION('',(0.E0,-1.E0,0.E0));
#11512=VECTOR('',#11511,1.E0);
#11513=CARTESIAN_POINT('',(1.151635529865E1,1.404800118834E1,-4.51148E0));
#11514=LINE('',#11513,#11512);
#11515=CURVE_STYLE('',#36,POSITIVE_LENGTH_MEASURE(2.E-2),#28);
#11516=PRESENTATION_STYLE_ASSIGNMENT((#11515));
#11517=STYLED_ITEM('',(#11516),#11514);
#11518=DIRECTION('',(0.E0,1.E0,0.E0));
#11519=VECTOR('',#11518,1.E0);
#11520=CARTESIAN_POINT('',(1.074991313553E1,1.304800118834E1,-4.51148E0));
#11521=LINE('',#11520,#11519);
#11522=CURVE_STYLE('',#36,POSITIVE_LENGTH_MEASURE(2.E-2),#28);
#11523=PRESENTATION_STYLE_ASSIGNMENT((#11522));
#11524=STYLED_ITEM('',(#11523),#11521);
#11525=DIRECTION('',(0.E0,0.E0,1.E0));
#11526=VECTOR('',#11525,1.2E0);
#11527=CARTESIAN_POINT('',(2.774991313553E1,1.735526005387E1,-6.01148E0));
#11528=LINE('',#11527,#11526);
#11529=CURVE_STYLE('',#36,POSITIVE_LENGTH_MEASURE(2.E-2),#28);
#11530=PRESENTATION_STYLE_ASSIGNMENT((#11529));
#11531=STYLED_ITEM('',(#11530),#11528);
#11532=DIRECTION('',(0.E0,-1.E0,0.E0));
#11533=VECTOR('',#11532,5.E0);
#11534=CARTESIAN_POINT('',(2.774991313553E1,1.904800118834E1,-1.21148E0));
#11535=LINE('',#11534,#11533);
#11536=CURVE_STYLE('',#36,POSITIVE_LENGTH_MEASURE(2.E-2),#28);
#11537=PRESENTATION_STYLE_ASSIGNMENT((#11536));
#11538=STYLED_ITEM('',(#11537),#11535);
#11539=DIRECTION('',(1.E0,0.E0,0.E0));
#11540=VECTOR('',#11539,7.664421631214E-1);
#11541=CARTESIAN_POINT('',(1.074991313553E1,1.404800118834E1,-4.51148E0));
#11542=LINE('',#11541,#11540);
#11543=CURVE_STYLE('',#36,POSITIVE_LENGTH_MEASURE(2.E-2),#28);
#11544=PRESENTATION_STYLE_ASSIGNMENT((#11543));
#11545=STYLED_ITEM('',(#11544),#11542);
#11546=DIRECTION('',(0.E0,0.E0,1.E0));
#11547=VECTOR('',#11546,3.E-1);
#11548=CARTESIAN_POINT('',(1.151635529865E1,1.404800118834E1,-4.81148E0));
#11549=LINE('',#11548,#11547);
#11550=CURVE_STYLE('',#36,POSITIVE_LENGTH_MEASURE(2.E-2),#28);
#11551=PRESENTATION_STYLE_ASSIGNMENT((#11550));
#11552=STYLED_ITEM('',(#11551),#11549);
#11553=DIRECTION('',(-1.E0,0.E0,0.E0));
#11554=VECTOR('',#11553,1.546711567376E1);
#11555=CARTESIAN_POINT('',(2.698347097241E1,1.404800118834E1,-4.81148E0));
#11556=LINE('',#11555,#11554);
#11557=CURVE_STYLE('',#36,POSITIVE_LENGTH_MEASURE(2.E-2),#28);
#11558=PRESENTATION_STYLE_ASSIGNMENT((#11557));
#11559=STYLED_ITEM('',(#11558),#11556);
#11560=DIRECTION('',(0.E0,0.E0,1.E0));
#11561=VECTOR('',#11560,3.E-1);
#11562=CARTESIAN_POINT('',(2.698347097241E1,1.404800118834E1,-4.81148E0));
#11563=LINE('',#11562,#11561);
#11564=CURVE_STYLE('',#36,POSITIVE_LENGTH_MEASURE(2.E-2),#28);
#11565=PRESENTATION_STYLE_ASSIGNMENT((#11564));
#11566=STYLED_ITEM('',(#11565),#11563);
#11567=DIRECTION('',(1.E0,0.E0,0.E0));
#11568=VECTOR('',#11567,7.664421631214E-1);
#11569=CARTESIAN_POINT('',(2.698347097241E1,1.404800118834E1,-4.51148E0));
#11570=LINE('',#11569,#11568);
#11571=CURVE_STYLE('',#36,POSITIVE_LENGTH_MEASURE(2.E-2),#28);
#11572=PRESENTATION_STYLE_ASSIGNMENT((#11571));
#11573=STYLED_ITEM('',(#11572),#11570);
#11574=DIRECTION('',(0.E0,0.E0,-1.E0));
#11575=VECTOR('',#11574,3.3E0);
#11576=CARTESIAN_POINT('',(2.774991313553E1,1.404800118834E1,-1.21148E0));
#11577=LINE('',#11576,#11575);
#11578=CURVE_STYLE('',#36,POSITIVE_LENGTH_MEASURE(2.E-2),#28);
#11579=PRESENTATION_STYLE_ASSIGNMENT((#11578));
#11580=STYLED_ITEM('',(#11579),#11577);
#11581=DIRECTION('',(1.E0,0.E0,0.E0));
#11582=VECTOR('',#11581,1.7E1);
#11583=CARTESIAN_POINT('',(1.074991313553E1,1.404800118834E1,-1.21148E0));
#11584=LINE('',#11583,#11582);
#11585=CURVE_STYLE('',#36,POSITIVE_LENGTH_MEASURE(2.E-2),#28);
#11586=PRESENTATION_STYLE_ASSIGNMENT((#11585));
#11587=STYLED_ITEM('',(#11586),#11584);
#11588=DIRECTION('',(0.E0,0.E0,1.E0));
#11589=VECTOR('',#11588,3.3E0);
#11590=CARTESIAN_POINT('',(1.074991313553E1,1.404800118834E1,-4.51148E0));
#11591=LINE('',#11590,#11589);
#11592=CURVE_STYLE('',#36,POSITIVE_LENGTH_MEASURE(2.E-2),#28);
#11593=PRESENTATION_STYLE_ASSIGNMENT((#11592));
#11594=STYLED_ITEM('',(#11593),#11591);
#11595=CARTESIAN_POINT('',(1.824991313553E1,1.404800118834E1,-2.86148E0));
#11596=DIRECTION('',(0.E0,1.E0,0.E0));
#11597=DIRECTION('',(1.E0,0.E0,0.E0));
#11598=AXIS2_PLACEMENT_3D('',#11595,#11596,#11597);
#11600=CURVE_STYLE('',#36,POSITIVE_LENGTH_MEASURE(2.E-2),#28);
#11601=PRESENTATION_STYLE_ASSIGNMENT((#11600));
#11602=STYLED_ITEM('',(#11601),#11599);
#11603=CARTESIAN_POINT('',(1.824991313553E1,1.404800118834E1,-2.86148E0));
#11604=DIRECTION('',(0.E0,1.E0,0.E0));
#11605=DIRECTION('',(-1.E0,0.E0,0.E0));
#11606=AXIS2_PLACEMENT_3D('',#11603,#11604,#11605);
#11608=CURVE_STYLE('',#36,POSITIVE_LENGTH_MEASURE(2.E-2),#28);
#11609=PRESENTATION_STYLE_ASSIGNMENT((#11608));
#11610=STYLED_ITEM('',(#11609),#11607);
#11611=CARTESIAN_POINT('',(1.624991313553E1,1.404800118834E1,-2.86148E0));
#11612=DIRECTION('',(0.E0,1.E0,0.E0));
#11613=DIRECTION('',(1.E0,0.E0,0.E0));
#11614=AXIS2_PLACEMENT_3D('',#11611,#11612,#11613);
#11616=CURVE_STYLE('',#36,POSITIVE_LENGTH_MEASURE(2.E-2),#28);
#11617=PRESENTATION_STYLE_ASSIGNMENT((#11616));
#11618=STYLED_ITEM('',(#11617),#11615);
#11619=CARTESIAN_POINT('',(1.624991313553E1,1.404800118834E1,-2.86148E0));
#11620=DIRECTION('',(0.E0,1.E0,0.E0));
#11621=DIRECTION('',(-1.E0,0.E0,0.E0));
#11622=AXIS2_PLACEMENT_3D('',#11619,#11620,#11621);
#11624=CURVE_STYLE('',#36,POSITIVE_LENGTH_MEASURE(2.E-2),#28);
#11625=PRESENTATION_STYLE_ASSIGNMENT((#11624));
#11626=STYLED_ITEM('',(#11625),#11623);
#11627=CARTESIAN_POINT('',(1.424991313553E1,1.404800118834E1,-2.86148E0));
#11628=DIRECTION('',(0.E0,1.E0,0.E0));
#11629=DIRECTION('',(1.E0,0.E0,0.E0));
#11630=AXIS2_PLACEMENT_3D('',#11627,#11628,#11629);
#11632=CURVE_STYLE('',#36,POSITIVE_LENGTH_MEASURE(2.E-2),#28);
#11633=PRESENTATION_STYLE_ASSIGNMENT((#11632));
#11634=STYLED_ITEM('',(#11633),#11631);
#11635=CARTESIAN_POINT('',(1.424991313553E1,1.404800118834E1,-2.86148E0));
#11636=DIRECTION('',(0.E0,1.E0,0.E0));
#11637=DIRECTION('',(-1.E0,0.E0,0.E0));
#11638=AXIS2_PLACEMENT_3D('',#11635,#11636,#11637);
#11640=CURVE_STYLE('',#36,POSITIVE_LENGTH_MEASURE(2.E-2),#28);
#11641=PRESENTATION_STYLE_ASSIGNMENT((#11640));
#11642=STYLED_ITEM('',(#11641),#11639);
#11643=CARTESIAN_POINT('',(1.224991313553E1,1.404800118834E1,-2.86148E0));
#11644=DIRECTION('',(0.E0,1.E0,0.E0));
#11645=DIRECTION('',(1.E0,0.E0,0.E0));
#11646=AXIS2_PLACEMENT_3D('',#11643,#11644,#11645);
#11648=CURVE_STYLE('',#36,POSITIVE_LENGTH_MEASURE(2.E-2),#28);
#11649=PRESENTATION_STYLE_ASSIGNMENT((#11648));
#11650=STYLED_ITEM('',(#11649),#11647);
#11651=CARTESIAN_POINT('',(1.224991313553E1,1.404800118834E1,-2.86148E0));
#11652=DIRECTION('',(0.E0,1.E0,0.E0));
#11653=DIRECTION('',(-1.E0,0.E0,0.E0));
#11654=AXIS2_PLACEMENT_3D('',#11651,#11652,#11653);
#11656=CURVE_STYLE('',#36,POSITIVE_LENGTH_MEASURE(2.E-2),#28);
#11657=PRESENTATION_STYLE_ASSIGNMENT((#11656));
#11658=STYLED_ITEM('',(#11657),#11655);
#11659=CARTESIAN_POINT('',(2.024991313553E1,1.404800118834E1,-2.86148E0));
#11660=DIRECTION('',(0.E0,1.E0,0.E0));
#11661=DIRECTION('',(1.E0,0.E0,0.E0));
#11662=AXIS2_PLACEMENT_3D('',#11659,#11660,#11661);
#11664=CURVE_STYLE('',#36,POSITIVE_LENGTH_MEASURE(2.E-2),#28);
#11665=PRESENTATION_STYLE_ASSIGNMENT((#11664));
#11666=STYLED_ITEM('',(#11665),#11663);
#11667=CARTESIAN_POINT('',(2.024991313553E1,1.404800118834E1,-2.86148E0));
#11668=DIRECTION('',(0.E0,1.E0,0.E0));
#11669=DIRECTION('',(-1.E0,0.E0,0.E0));
#11670=AXIS2_PLACEMENT_3D('',#11667,#11668,#11669);
#11672=CURVE_STYLE('',#36,POSITIVE_LENGTH_MEASURE(2.E-2),#28);
#11673=PRESENTATION_STYLE_ASSIGNMENT((#11672));
#11674=STYLED_ITEM('',(#11673),#11671);
#11675=CARTESIAN_POINT('',(2.224991313553E1,1.404800118834E1,-2.86148E0));
#11676=DIRECTION('',(0.E0,1.E0,0.E0));
#11677=DIRECTION('',(1.E0,0.E0,0.E0));
#11678=AXIS2_PLACEMENT_3D('',#11675,#11676,#11677);
#11680=CURVE_STYLE('',#36,POSITIVE_LENGTH_MEASURE(2.E-2),#28);
#11681=PRESENTATION_STYLE_ASSIGNMENT((#11680));
#11682=STYLED_ITEM('',(#11681),#11679);
#11683=CARTESIAN_POINT('',(2.224991313553E1,1.404800118834E1,-2.86148E0));
#11684=DIRECTION('',(0.E0,1.E0,0.E0));
#11685=DIRECTION('',(-1.E0,0.E0,0.E0));
#11686=AXIS2_PLACEMENT_3D('',#11683,#11684,#11685);
#11688=CURVE_STYLE('',#36,POSITIVE_LENGTH_MEASURE(2.E-2),#28);
#11689=PRESENTATION_STYLE_ASSIGNMENT((#11688));
#11690=STYLED_ITEM('',(#11689),#11687);
#11691=CARTESIAN_POINT('',(2.424991313553E1,1.404800118834E1,-2.86148E0));
#11692=DIRECTION('',(0.E0,1.E0,0.E0));
#11693=DIRECTION('',(1.E0,0.E0,0.E0));
#11694=AXIS2_PLACEMENT_3D('',#11691,#11692,#11693);
#11696=CURVE_STYLE('',#36,POSITIVE_LENGTH_MEASURE(2.E-2),#28);
#11697=PRESENTATION_STYLE_ASSIGNMENT((#11696));
#11698=STYLED_ITEM('',(#11697),#11695);
#11699=CARTESIAN_POINT('',(2.424991313553E1,1.404800118834E1,-2.86148E0));
#11700=DIRECTION('',(0.E0,1.E0,0.E0));
#11701=DIRECTION('',(-1.E0,0.E0,0.E0));
#11702=AXIS2_PLACEMENT_3D('',#11699,#11700,#11701);
#11704=CURVE_STYLE('',#36,POSITIVE_LENGTH_MEASURE(2.E-2),#28);
#11705=PRESENTATION_STYLE_ASSIGNMENT((#11704));
#11706=STYLED_ITEM('',(#11705),#11703);
#11707=CARTESIAN_POINT('',(2.624991313553E1,1.404800118834E1,-2.86148E0));
#11708=DIRECTION('',(0.E0,1.E0,0.E0));
#11709=DIRECTION('',(1.E0,0.E0,0.E0));
#11710=AXIS2_PLACEMENT_3D('',#11707,#11708,#11709);
#11712=CURVE_STYLE('',#36,POSITIVE_LENGTH_MEASURE(2.E-2),#28);
#11713=PRESENTATION_STYLE_ASSIGNMENT((#11712));
#11714=STYLED_ITEM('',(#11713),#11711);
#11715=CARTESIAN_POINT('',(2.624991313553E1,1.404800118834E1,-2.86148E0));
#11716=DIRECTION('',(0.E0,1.E0,0.E0));
#11717=DIRECTION('',(-1.E0,0.E0,0.E0));
#11718=AXIS2_PLACEMENT_3D('',#11715,#11716,#11717);
#11720=CURVE_STYLE('',#36,POSITIVE_LENGTH_MEASURE(2.E-2),#28);
#11721=PRESENTATION_STYLE_ASSIGNMENT((#11720));
#11722=STYLED_ITEM('',(#11721),#11719);
#11723=DIRECTION('',(0.E0,0.E0,1.E0));
#11724=VECTOR('',#11723,1.2E0);
#11725=CARTESIAN_POINT('',(1.151635529865E1,1.735526005387E1,-6.01148E0));
#11726=LINE('',#11725,#11724);
#11727=CURVE_STYLE('',#36,POSITIVE_LENGTH_MEASURE(2.E-2),#28);
#11728=PRESENTATION_STYLE_ASSIGNMENT((#11727));
#11729=STYLED_ITEM('',(#11728),#11726);
#11730=DIRECTION('',(0.E0,1.E0,0.E0));
#11731=VECTOR('',#11730,4.307258865530E0);
#11732=CARTESIAN_POINT('',(2.698347097241E1,1.304800118834E1,-6.01148E0));
#11733=LINE('',#11732,#11731);
#11734=CURVE_STYLE('',#36,POSITIVE_LENGTH_MEASURE(2.E-2),#28);
#11735=PRESENTATION_STYLE_ASSIGNMENT((#11734));
#11736=STYLED_ITEM('',(#11735),#11733);
#11737=DIRECTION('',(1.E0,0.E0,0.E0));
#11738=VECTOR('',#11737,7.664421631214E-1);
#11739=CARTESIAN_POINT('',(2.698347097241E1,1.735526005387E1,-6.01148E0));
#11740=LINE('',#11739,#11738);
#11741=CURVE_STYLE('',#36,POSITIVE_LENGTH_MEASURE(2.E-2),#28);
#11742=PRESENTATION_STYLE_ASSIGNMENT((#11741));
#11743=STYLED_ITEM('',(#11742),#11740);
#11744=DIRECTION('',(0.E0,-1.E0,0.E0));
#11745=VECTOR('',#11744,4.307258865530E0);
#11746=CARTESIAN_POINT('',(2.774991313553E1,1.735526005387E1,-6.01148E0));
#11747=LINE('',#11746,#11745);
#11748=CURVE_STYLE('',#36,POSITIVE_LENGTH_MEASURE(2.E-2),#28);
#11749=PRESENTATION_STYLE_ASSIGNMENT((#11748));
#11750=STYLED_ITEM('',(#11749),#11747);
#11751=DIRECTION('',(-1.E0,0.E0,0.E0));
#11752=VECTOR('',#11751,7.5E-1);
#11753=CARTESIAN_POINT('',(2.849991313553E1,1.304800118834E1,-6.01148E0));
#11754=LINE('',#11753,#11752);
#11755=CURVE_STYLE('',#36,POSITIVE_LENGTH_MEASURE(2.E-2),#28);
#11756=PRESENTATION_STYLE_ASSIGNMENT((#11755));
#11757=STYLED_ITEM('',(#11756),#11754);
#11758=DIRECTION('',(0.E0,1.E0,0.E0));
#11759=VECTOR('',#11758,1.6E0);
#11760=CARTESIAN_POINT('',(2.849991313553E1,1.144800118834E1,-6.01148E0));
#11761=LINE('',#11760,#11759);
#11762=CURVE_STYLE('',#36,POSITIVE_LENGTH_MEASURE(2.E-2),#28);
#11763=PRESENTATION_STYLE_ASSIGNMENT((#11762));
#11764=STYLED_ITEM('',(#11763),#11761);
#11765=DIRECTION('',(-1.E0,0.E0,0.E0));
#11766=VECTOR('',#11765,7.5E-1);
#11767=CARTESIAN_POINT('',(2.924991313553E1,1.144800118834E1,-6.01148E0));
#11768=LINE('',#11767,#11766);
#11769=CURVE_STYLE('',#36,POSITIVE_LENGTH_MEASURE(2.E-2),#28);
#11770=PRESENTATION_STYLE_ASSIGNMENT((#11769));
#11771=STYLED_ITEM('',(#11770),#11768);
#11772=DIRECTION('',(0.E0,-1.E0,0.E0));
#11773=VECTOR('',#11772,7.6E0);
#11774=CARTESIAN_POINT('',(2.924991313553E1,1.904800118834E1,-6.01148E0));
#11775=LINE('',#11774,#11773);
#11776=CURVE_STYLE('',#36,POSITIVE_LENGTH_MEASURE(2.E-2),#28);
#11777=PRESENTATION_STYLE_ASSIGNMENT((#11776));
#11778=STYLED_ITEM('',(#11777),#11775);
#11779=DIRECTION('',(1.E0,0.E0,0.E0));
#11780=VECTOR('',#11779,2.E1);
#11781=CARTESIAN_POINT('',(9.249913135532E0,1.904800118834E1,-6.01148E0));
#11782=LINE('',#11781,#11780);
#11783=CURVE_STYLE('',#36,POSITIVE_LENGTH_MEASURE(2.E-2),#28);
#11784=PRESENTATION_STYLE_ASSIGNMENT((#11783));
#11785=STYLED_ITEM('',(#11784),#11782);
#11786=DIRECTION('',(0.E0,1.E0,0.E0));
#11787=VECTOR('',#11786,7.6E0);
#11788=CARTESIAN_POINT('',(9.249913135532E0,1.144800118834E1,-6.01148E0));
#11789=LINE('',#11788,#11787);
#11790=CURVE_STYLE('',#36,POSITIVE_LENGTH_MEASURE(2.E-2),#28);
#11791=PRESENTATION_STYLE_ASSIGNMENT((#11790));
#11792=STYLED_ITEM('',(#11791),#11789);
#11793=DIRECTION('',(-1.E0,0.E0,0.E0));
#11794=VECTOR('',#11793,7.5E-1);
#11795=CARTESIAN_POINT('',(9.999913135532E0,1.144800118834E1,-6.01148E0));
#11796=LINE('',#11795,#11794);
#11797=CURVE_STYLE('',#36,POSITIVE_LENGTH_MEASURE(2.E-2),#28);
#11798=PRESENTATION_STYLE_ASSIGNMENT((#11797));
#11799=STYLED_ITEM('',(#11798),#11796);
#11800=DIRECTION('',(0.E0,-1.E0,0.E0));
#11801=VECTOR('',#11800,1.6E0);
#11802=CARTESIAN_POINT('',(9.999913135532E0,1.304800118834E1,-6.01148E0));
#11803=LINE('',#11802,#11801);
#11804=CURVE_STYLE('',#36,POSITIVE_LENGTH_MEASURE(2.E-2),#28);
#11805=PRESENTATION_STYLE_ASSIGNMENT((#11804));
#11806=STYLED_ITEM('',(#11805),#11803);
#11807=DIRECTION('',(-1.E0,0.E0,0.E0));
#11808=VECTOR('',#11807,7.5E-1);
#11809=CARTESIAN_POINT('',(1.074991313553E1,1.304800118834E1,-6.01148E0));
#11810=LINE('',#11809,#11808);
#11811=CURVE_STYLE('',#36,POSITIVE_LENGTH_MEASURE(2.E-2),#28);
#11812=PRESENTATION_STYLE_ASSIGNMENT((#11811));
#11813=STYLED_ITEM('',(#11812),#11810);
#11814=DIRECTION('',(0.E0,1.E0,0.E0));
#11815=VECTOR('',#11814,4.307258865530E0);
#11816=CARTESIAN_POINT('',(1.074991313553E1,1.304800118834E1,-6.01148E0));
#11817=LINE('',#11816,#11815);
#11818=CURVE_STYLE('',#36,POSITIVE_LENGTH_MEASURE(2.E-2),#28);
#11819=PRESENTATION_STYLE_ASSIGNMENT((#11818));
#11820=STYLED_ITEM('',(#11819),#11817);
#11821=DIRECTION('',(1.E0,0.E0,0.E0));
#11822=VECTOR('',#11821,7.664421631214E-1);
#11823=CARTESIAN_POINT('',(1.074991313553E1,1.735526005387E1,-6.01148E0));
#11824=LINE('',#11823,#11822);
#11825=CURVE_STYLE('',#36,POSITIVE_LENGTH_MEASURE(2.E-2),#28);
#11826=PRESENTATION_STYLE_ASSIGNMENT((#11825));
#11827=STYLED_ITEM('',(#11826),#11824);
#11828=DIRECTION('',(0.E0,-1.E0,0.E0));
#11829=VECTOR('',#11828,4.307258865530E0);
#11830=CARTESIAN_POINT('',(1.151635529865E1,1.735526005387E1,-6.01148E0));
#11831=LINE('',#11830,#11829);
#11832=CURVE_STYLE('',#36,POSITIVE_LENGTH_MEASURE(2.E-2),#28);
#11833=PRESENTATION_STYLE_ASSIGNMENT((#11832));
#11834=STYLED_ITEM('',(#11833),#11831);
#11835=DIRECTION('',(-1.E0,0.E0,0.E0));
#11836=VECTOR('',#11835,1.546711567376E1);
#11837=CARTESIAN_POINT('',(2.698347097241E1,1.304800118834E1,-6.01148E0));
#11838=LINE('',#11837,#11836);
#11839=CURVE_STYLE('',#36,POSITIVE_LENGTH_MEASURE(2.E-2),#28);
#11840=PRESENTATION_STYLE_ASSIGNMENT((#11839));
#11841=STYLED_ITEM('',(#11840),#11838);
#11842=DIRECTION('',(0.E0,1.E0,0.E0));
#11843=VECTOR('',#11842,3.307258865530E0);
#11844=CARTESIAN_POINT('',(2.698347097241E1,1.404800118834E1,-4.81148E0));
#11845=LINE('',#11844,#11843);
#11846=CURVE_STYLE('',#36,POSITIVE_LENGTH_MEASURE(2.E-2),#28);
#11847=PRESENTATION_STYLE_ASSIGNMENT((#11846));
#11848=STYLED_ITEM('',(#11847),#11845);
#11849=DIRECTION('',(0.E0,1.E0,0.E0));
#11850=VECTOR('',#11849,3.307258865530E0);
#11851=CARTESIAN_POINT('',(1.151635529865E1,1.404800118834E1,-4.81148E0));
#11852=LINE('',#11851,#11850);
#11853=CURVE_STYLE('',#36,POSITIVE_LENGTH_MEASURE(2.E-2),#28);
#11854=PRESENTATION_STYLE_ASSIGNMENT((#11853));
#11855=STYLED_ITEM('',(#11854),#11852);
#11856=DIRECTION('',(1.E0,0.E0,0.E0));
#11857=VECTOR('',#11856,7.664421631214E-1);
#11858=CARTESIAN_POINT('',(1.074991313553E1,1.735526005387E1,-4.81148E0));
#11859=LINE('',#11858,#11857);
#11860=CURVE_STYLE('',#36,POSITIVE_LENGTH_MEASURE(2.E-2),#28);
#11861=PRESENTATION_STYLE_ASSIGNMENT((#11860));
#11862=STYLED_ITEM('',(#11861),#11859);
#11863=DIRECTION('',(0.E0,-1.E0,0.E0));
#11864=VECTOR('',#11863,1.692741134470E0);
#11865=CARTESIAN_POINT('',(2.774991313553E1,1.904800118834E1,-4.81148E0));
#11866=LINE('',#11865,#11864);
#11867=CURVE_STYLE('',#36,POSITIVE_LENGTH_MEASURE(2.E-2),#28);
#11868=PRESENTATION_STYLE_ASSIGNMENT((#11867));
#11869=STYLED_ITEM('',(#11868),#11866);
#11870=DIRECTION('',(-1.E0,0.E0,0.E0));
#11871=VECTOR('',#11870,7.664421631214E-1);
#11872=CARTESIAN_POINT('',(2.774991313553E1,1.735526005387E1,-4.81148E0));
#11873=LINE('',#11872,#11871);
#11874=CURVE_STYLE('',#36,POSITIVE_LENGTH_MEASURE(2.E-2),#28);
#11875=PRESENTATION_STYLE_ASSIGNMENT((#11874));
#11876=STYLED_ITEM('',(#11875),#11873);
#11877=DIRECTION('',(0.E0,0.E0,1.E0));
#11878=VECTOR('',#11877,1.2E0);
#11879=CARTESIAN_POINT('',(1.074991313553E1,1.735526005387E1,-6.01148E0));
#11880=LINE('',#11879,#11878);
#11881=CURVE_STYLE('',#36,POSITIVE_LENGTH_MEASURE(2.E-2),#28);
#11882=PRESENTATION_STYLE_ASSIGNMENT((#11881));
#11883=STYLED_ITEM('',(#11882),#11880);
#11884=DIRECTION('',(0.E0,-1.E0,0.E0));
#11885=VECTOR('',#11884,1.692741134470E0);
#11886=CARTESIAN_POINT('',(1.074991313553E1,1.904800118834E1,-4.81148E0));
#11887=LINE('',#11886,#11885);
#11888=CURVE_STYLE('',#36,POSITIVE_LENGTH_MEASURE(2.E-2),#28);
#11889=PRESENTATION_STYLE_ASSIGNMENT((#11888));
#11890=STYLED_ITEM('',(#11889),#11887);
#11891=DIRECTION('',(0.E0,-1.E0,0.E0));
#11892=VECTOR('',#11891,5.E0);
#11893=CARTESIAN_POINT('',(1.074991313553E1,1.904800118834E1,-1.21148E0));
#11894=LINE('',#11893,#11892);
#11895=CURVE_STYLE('',#36,POSITIVE_LENGTH_MEASURE(2.E-2),#28);
#11896=PRESENTATION_STYLE_ASSIGNMENT((#11895));
#11897=STYLED_ITEM('',(#11896),#11894);
#11898=DIRECTION('',(0.E0,0.E0,1.E0));
#11899=VECTOR('',#11898,1.2E0);
#11900=CARTESIAN_POINT('',(2.698347097241E1,1.735526005387E1,-6.01148E0));
#11901=LINE('',#11900,#11899);
#11902=CURVE_STYLE('',#36,POSITIVE_LENGTH_MEASURE(2.E-2),#28);
#11903=PRESENTATION_STYLE_ASSIGNMENT((#11902));
#11904=STYLED_ITEM('',(#11903),#11901);
#11905=DIRECTION('',(0.E0,0.E0,-1.E0));
#11906=VECTOR('',#11905,5.6E0);
#11907=CARTESIAN_POINT('',(2.849991313553E1,1.144800118834E1,-4.1148E-1));
#11908=LINE('',#11907,#11906);
#11909=CURVE_STYLE('',#36,POSITIVE_LENGTH_MEASURE(2.E-2),#28);
#11910=PRESENTATION_STYLE_ASSIGNMENT((#11909));
#11911=STYLED_ITEM('',(#11910),#11908);
#11912=DIRECTION('',(0.E0,0.E0,-1.E0));
#11913=VECTOR('',#11912,5.6E0);
#11914=CARTESIAN_POINT('',(2.924991313553E1,1.144800118834E1,-4.1148E-1));
#11915=LINE('',#11914,#11913);
#11916=CURVE_STYLE('',#36,POSITIVE_LENGTH_MEASURE(2.E-2),#28);
#11917=PRESENTATION_STYLE_ASSIGNMENT((#11916));
#11918=STYLED_ITEM('',(#11917),#11915);
#11919=DIRECTION('',(0.E0,1.E0,0.E0));
#11920=VECTOR('',#11919,4.5E0);
#11921=CARTESIAN_POINT('',(1.859991313553E1,1.404800118834E1,-2.86148E0));
#11922=LINE('',#11921,#11920);
#11923=CURVE_STYLE('',#36,POSITIVE_LENGTH_MEASURE(2.E-2),#28);
#11924=PRESENTATION_STYLE_ASSIGNMENT((#11923));
#11925=STYLED_ITEM('',(#11924),#11922);
#11926=DIRECTION('',(0.E0,1.E0,0.E0));
#11927=VECTOR('',#11926,4.5E0);
#11928=CARTESIAN_POINT('',(1.789991313553E1,1.404800118834E1,-2.86148E0));
#11929=LINE('',#11928,#11927);
#11930=CURVE_STYLE('',#36,POSITIVE_LENGTH_MEASURE(2.E-2),#28);
#11931=PRESENTATION_STYLE_ASSIGNMENT((#11930));
#11932=STYLED_ITEM('',(#11931),#11929);
#11933=CARTESIAN_POINT('',(1.824991313553E1,1.854800118834E1,-2.86148E0));
#11934=DIRECTION('',(0.E0,1.E0,0.E0));
#11935=DIRECTION('',(1.E0,0.E0,0.E0));
#11936=AXIS2_PLACEMENT_3D('',#11933,#11934,#11935);
#11938=CURVE_STYLE('',#36,POSITIVE_LENGTH_MEASURE(2.E-2),#28);
#11939=PRESENTATION_STYLE_ASSIGNMENT((#11938));
#11940=STYLED_ITEM('',(#11939),#11937);
#11941=CARTESIAN_POINT('',(1.824991313553E1,1.854800118834E1,-2.86148E0));
#11942=DIRECTION('',(0.E0,1.E0,0.E0));
#11943=DIRECTION('',(-1.E0,0.E0,0.E0));
#11944=AXIS2_PLACEMENT_3D('',#11941,#11942,#11943);
#11946=CURVE_STYLE('',#36,POSITIVE_LENGTH_MEASURE(2.E-2),#28);
#11947=PRESENTATION_STYLE_ASSIGNMENT((#11946));
#11948=STYLED_ITEM('',(#11947),#11945);
#11949=CARTESIAN_POINT('',(1.624991313553E1,1.854800118834E1,-2.86148E0));
#11950=DIRECTION('',(0.E0,1.E0,0.E0));
#11951=DIRECTION('',(1.E0,0.E0,0.E0));
#11952=AXIS2_PLACEMENT_3D('',#11949,#11950,#11951);
#11954=CURVE_STYLE('',#36,POSITIVE_LENGTH_MEASURE(2.E-2),#28);
#11955=PRESENTATION_STYLE_ASSIGNMENT((#11954));
#11956=STYLED_ITEM('',(#11955),#11953);
#11957=CARTESIAN_POINT('',(1.624991313553E1,1.854800118834E1,-2.86148E0));
#11958=DIRECTION('',(0.E0,1.E0,0.E0));
#11959=DIRECTION('',(-1.E0,0.E0,0.E0));
#11960=AXIS2_PLACEMENT_3D('',#11957,#11958,#11959);
#11962=CURVE_STYLE('',#36,POSITIVE_LENGTH_MEASURE(2.E-2),#28);
#11963=PRESENTATION_STYLE_ASSIGNMENT((#11962));
#11964=STYLED_ITEM('',(#11963),#11961);
#11965=CARTESIAN_POINT('',(1.424991313553E1,1.854800118834E1,-2.86148E0));
#11966=DIRECTION('',(0.E0,1.E0,0.E0));
#11967=DIRECTION('',(1.E0,0.E0,0.E0));
#11968=AXIS2_PLACEMENT_3D('',#11965,#11966,#11967);
#11970=CURVE_STYLE('',#36,POSITIVE_LENGTH_MEASURE(2.E-2),#28);
#11971=PRESENTATION_STYLE_ASSIGNMENT((#11970));
#11972=STYLED_ITEM('',(#11971),#11969);
#11973=CARTESIAN_POINT('',(1.424991313553E1,1.854800118834E1,-2.86148E0));
#11974=DIRECTION('',(0.E0,1.E0,0.E0));
#11975=DIRECTION('',(-1.E0,0.E0,0.E0));
#11976=AXIS2_PLACEMENT_3D('',#11973,#11974,#11975);
#11978=CURVE_STYLE('',#36,POSITIVE_LENGTH_MEASURE(2.E-2),#28);
#11979=PRESENTATION_STYLE_ASSIGNMENT((#11978));
#11980=STYLED_ITEM('',(#11979),#11977);
#11981=CARTESIAN_POINT('',(1.224991313553E1,1.854800118834E1,-2.86148E0));
#11982=DIRECTION('',(0.E0,1.E0,0.E0));
#11983=DIRECTION('',(1.E0,0.E0,0.E0));
#11984=AXIS2_PLACEMENT_3D('',#11981,#11982,#11983);
#11986=CURVE_STYLE('',#36,POSITIVE_LENGTH_MEASURE(2.E-2),#28);
#11987=PRESENTATION_STYLE_ASSIGNMENT((#11986));
#11988=STYLED_ITEM('',(#11987),#11985);
#11989=CARTESIAN_POINT('',(1.224991313553E1,1.854800118834E1,-2.86148E0));
#11990=DIRECTION('',(0.E0,1.E0,0.E0));
#11991=DIRECTION('',(-1.E0,0.E0,0.E0));
#11992=AXIS2_PLACEMENT_3D('',#11989,#11990,#11991);
#11994=CURVE_STYLE('',#36,POSITIVE_LENGTH_MEASURE(2.E-2),#28);
#11995=PRESENTATION_STYLE_ASSIGNMENT((#11994));
#11996=STYLED_ITEM('',(#11995),#11993);
#11997=CARTESIAN_POINT('',(2.024991313553E1,1.854800118834E1,-2.86148E0));
#11998=DIRECTION('',(0.E0,1.E0,0.E0));
#11999=DIRECTION('',(1.E0,0.E0,0.E0));
#12000=AXIS2_PLACEMENT_3D('',#11997,#11998,#11999);
#12002=CURVE_STYLE('',#36,POSITIVE_LENGTH_MEASURE(2.E-2),#28);
#12003=PRESENTATION_STYLE_ASSIGNMENT((#12002));
#12004=STYLED_ITEM('',(#12003),#12001);
#12005=CARTESIAN_POINT('',(2.024991313553E1,1.854800118834E1,-2.86148E0));
#12006=DIRECTION('',(0.E0,1.E0,0.E0));
#12007=DIRECTION('',(-1.E0,0.E0,0.E0));
#12008=AXIS2_PLACEMENT_3D('',#12005,#12006,#12007);
#12010=CURVE_STYLE('',#36,POSITIVE_LENGTH_MEASURE(2.E-2),#28);
#12011=PRESENTATION_STYLE_ASSIGNMENT((#12010));
#12012=STYLED_ITEM('',(#12011),#12009);
#12013=CARTESIAN_POINT('',(2.224991313553E1,1.854800118834E1,-2.86148E0));
#12014=DIRECTION('',(0.E0,1.E0,0.E0));
#12015=DIRECTION('',(1.E0,0.E0,0.E0));
#12016=AXIS2_PLACEMENT_3D('',#12013,#12014,#12015);
#12018=CURVE_STYLE('',#36,POSITIVE_LENGTH_MEASURE(2.E-2),#28);
#12019=PRESENTATION_STYLE_ASSIGNMENT((#12018));
#12020=STYLED_ITEM('',(#12019),#12017);
#12021=CARTESIAN_POINT('',(2.224991313553E1,1.854800118834E1,-2.86148E0));
#12022=DIRECTION('',(0.E0,1.E0,0.E0));
#12023=DIRECTION('',(-1.E0,0.E0,0.E0));
#12024=AXIS2_PLACEMENT_3D('',#12021,#12022,#12023);
#12026=CURVE_STYLE('',#36,POSITIVE_LENGTH_MEASURE(2.E-2),#28);
#12027=PRESENTATION_STYLE_ASSIGNMENT((#12026));
#12028=STYLED_ITEM('',(#12027),#12025);
#12029=CARTESIAN_POINT('',(2.424991313553E1,1.854800118834E1,-2.86148E0));
#12030=DIRECTION('',(0.E0,1.E0,0.E0));
#12031=DIRECTION('',(1.E0,0.E0,0.E0));
#12032=AXIS2_PLACEMENT_3D('',#12029,#12030,#12031);
#12034=CURVE_STYLE('',#36,POSITIVE_LENGTH_MEASURE(2.E-2),#28);
#12035=PRESENTATION_STYLE_ASSIGNMENT((#12034));
#12036=STYLED_ITEM('',(#12035),#12033);
#12037=CARTESIAN_POINT('',(2.424991313553E1,1.854800118834E1,-2.86148E0));
#12038=DIRECTION('',(0.E0,1.E0,0.E0));
#12039=DIRECTION('',(-1.E0,0.E0,0.E0));
#12040=AXIS2_PLACEMENT_3D('',#12037,#12038,#12039);
#12042=CURVE_STYLE('',#36,POSITIVE_LENGTH_MEASURE(2.E-2),#28);
#12043=PRESENTATION_STYLE_ASSIGNMENT((#12042));
#12044=STYLED_ITEM('',(#12043),#12041);
#12045=CARTESIAN_POINT('',(2.624991313553E1,1.854800118834E1,-2.86148E0));
#12046=DIRECTION('',(0.E0,1.E0,0.E0));
#12047=DIRECTION('',(1.E0,0.E0,0.E0));
#12048=AXIS2_PLACEMENT_3D('',#12045,#12046,#12047);
#12050=CURVE_STYLE('',#36,POSITIVE_LENGTH_MEASURE(2.E-2),#28);
#12051=PRESENTATION_STYLE_ASSIGNMENT((#12050));
#12052=STYLED_ITEM('',(#12051),#12049);
#12053=CARTESIAN_POINT('',(2.624991313553E1,1.854800118834E1,-2.86148E0));
#12054=DIRECTION('',(0.E0,1.E0,0.E0));
#12055=DIRECTION('',(-1.E0,0.E0,0.E0));
#12056=AXIS2_PLACEMENT_3D('',#12053,#12054,#12055);
#12058=CURVE_STYLE('',#36,POSITIVE_LENGTH_MEASURE(2.E-2),#28);
#12059=PRESENTATION_STYLE_ASSIGNMENT((#12058));
#12060=STYLED_ITEM('',(#12059),#12057);
#12061=DIRECTION('',(0.E0,1.E0,0.E0));
#12062=VECTOR('',#12061,4.5E0);
#12063=CARTESIAN_POINT('',(1.659991313553E1,1.404800118834E1,-2.86148E0));
#12064=LINE('',#12063,#12062);
#12065=CURVE_STYLE('',#36,POSITIVE_LENGTH_MEASURE(2.E-2),#28);
#12066=PRESENTATION_STYLE_ASSIGNMENT((#12065));
#12067=STYLED_ITEM('',(#12066),#12064);
#12068=DIRECTION('',(0.E0,1.E0,0.E0));
#12069=VECTOR('',#12068,4.5E0);
#12070=CARTESIAN_POINT('',(1.589991313553E1,1.404800118834E1,-2.86148E0));
#12071=LINE('',#12070,#12069);
#12072=CURVE_STYLE('',#36,POSITIVE_LENGTH_MEASURE(2.E-2),#28);
#12073=PRESENTATION_STYLE_ASSIGNMENT((#12072));
#12074=STYLED_ITEM('',(#12073),#12071);
#12075=DIRECTION('',(0.E0,1.E0,0.E0));
#12076=VECTOR('',#12075,4.5E0);
#12077=CARTESIAN_POINT('',(1.459991313553E1,1.404800118834E1,-2.86148E0));
#12078=LINE('',#12077,#12076);
#12079=CURVE_STYLE('',#36,POSITIVE_LENGTH_MEASURE(2.E-2),#28);
#12080=PRESENTATION_STYLE_ASSIGNMENT((#12079));
#12081=STYLED_ITEM('',(#12080),#12078);
#12082=DIRECTION('',(0.E0,1.E0,0.E0));
#12083=VECTOR('',#12082,4.5E0);
#12084=CARTESIAN_POINT('',(1.389991313553E1,1.404800118834E1,-2.86148E0));
#12085=LINE('',#12084,#12083);
#12086=CURVE_STYLE('',#36,POSITIVE_LENGTH_MEASURE(2.E-2),#28);
#12087=PRESENTATION_STYLE_ASSIGNMENT((#12086));
#12088=STYLED_ITEM('',(#12087),#12085);
#12089=DIRECTION('',(0.E0,1.E0,0.E0));
#12090=VECTOR('',#12089,4.5E0);
#12091=CARTESIAN_POINT('',(1.259991313553E1,1.404800118834E1,-2.86148E0));
#12092=LINE('',#12091,#12090);
#12093=CURVE_STYLE('',#36,POSITIVE_LENGTH_MEASURE(2.E-2),#28);
#12094=PRESENTATION_STYLE_ASSIGNMENT((#12093));
#12095=STYLED_ITEM('',(#12094),#12092);
#12096=DIRECTION('',(0.E0,1.E0,0.E0));
#12097=VECTOR('',#12096,4.5E0);
#12098=CARTESIAN_POINT('',(1.189991313553E1,1.404800118834E1,-2.86148E0));
#12099=LINE('',#12098,#12097);
#12100=CURVE_STYLE('',#36,POSITIVE_LENGTH_MEASURE(2.E-2),#28);
#12101=PRESENTATION_STYLE_ASSIGNMENT((#12100));
#12102=STYLED_ITEM('',(#12101),#12099);
#12103=DIRECTION('',(0.E0,1.E0,0.E0));
#12104=VECTOR('',#12103,4.5E0);
#12105=CARTESIAN_POINT('',(2.059991313553E1,1.404800118834E1,-2.86148E0));
#12106=LINE('',#12105,#12104);
#12107=CURVE_STYLE('',#36,POSITIVE_LENGTH_MEASURE(2.E-2),#28);
#12108=PRESENTATION_STYLE_ASSIGNMENT((#12107));
#12109=STYLED_ITEM('',(#12108),#12106);
#12110=DIRECTION('',(0.E0,1.E0,0.E0));
#12111=VECTOR('',#12110,4.5E0);
#12112=CARTESIAN_POINT('',(1.989991313553E1,1.404800118834E1,-2.86148E0));
#12113=LINE('',#12112,#12111);
#12114=CURVE_STYLE('',#36,POSITIVE_LENGTH_MEASURE(2.E-2),#28);
#12115=PRESENTATION_STYLE_ASSIGNMENT((#12114));
#12116=STYLED_ITEM('',(#12115),#12113);
#12117=DIRECTION('',(0.E0,1.E0,0.E0));
#12118=VECTOR('',#12117,4.5E0);
#12119=CARTESIAN_POINT('',(2.259991313553E1,1.404800118834E1,-2.86148E0));
#12120=LINE('',#12119,#12118);
#12121=CURVE_STYLE('',#36,POSITIVE_LENGTH_MEASURE(2.E-2),#28);
#12122=PRESENTATION_STYLE_ASSIGNMENT((#12121));
#12123=STYLED_ITEM('',(#12122),#12120);
#12124=DIRECTION('',(0.E0,1.E0,0.E0));
#12125=VECTOR('',#12124,4.5E0);
#12126=CARTESIAN_POINT('',(2.189991313553E1,1.404800118834E1,-2.86148E0));
#12127=LINE('',#12126,#12125);
#12128=CURVE_STYLE('',#36,POSITIVE_LENGTH_MEASURE(2.E-2),#28);
#12129=PRESENTATION_STYLE_ASSIGNMENT((#12128));
#12130=STYLED_ITEM('',(#12129),#12127);
#12131=DIRECTION('',(0.E0,1.E0,0.E0));
#12132=VECTOR('',#12131,4.5E0);
#12133=CARTESIAN_POINT('',(2.459991313553E1,1.404800118834E1,-2.86148E0));
#12134=LINE('',#12133,#12132);
#12135=CURVE_STYLE('',#36,POSITIVE_LENGTH_MEASURE(2.E-2),#28);
#12136=PRESENTATION_STYLE_ASSIGNMENT((#12135));
#12137=STYLED_ITEM('',(#12136),#12134);
#12138=DIRECTION('',(0.E0,1.E0,0.E0));
#12139=VECTOR('',#12138,4.5E0);
#12140=CARTESIAN_POINT('',(2.389991313553E1,1.404800118834E1,-2.86148E0));
#12141=LINE('',#12140,#12139);
#12142=CURVE_STYLE('',#36,POSITIVE_LENGTH_MEASURE(2.E-2),#28);
#12143=PRESENTATION_STYLE_ASSIGNMENT((#12142));
#12144=STYLED_ITEM('',(#12143),#12141);
#12145=DIRECTION('',(0.E0,1.E0,0.E0));
#12146=VECTOR('',#12145,4.5E0);
#12147=CARTESIAN_POINT('',(2.659991313553E1,1.404800118834E1,-2.86148E0));
#12148=LINE('',#12147,#12146);
#12149=CURVE_STYLE('',#36,POSITIVE_LENGTH_MEASURE(2.E-2),#28);
#12150=PRESENTATION_STYLE_ASSIGNMENT((#12149));
#12151=STYLED_ITEM('',(#12150),#12148);
#12152=DIRECTION('',(0.E0,1.E0,0.E0));
#12153=VECTOR('',#12152,4.5E0);
#12154=CARTESIAN_POINT('',(2.589991313553E1,1.404800118834E1,-2.86148E0));
#12155=LINE('',#12154,#12153);
#12156=CURVE_STYLE('',#36,POSITIVE_LENGTH_MEASURE(2.E-2),#28);
#12157=PRESENTATION_STYLE_ASSIGNMENT((#12156));
#12158=STYLED_ITEM('',(#12157),#12155);
#12159=CARTESIAN_POINT('',(2.924991313553E1,1.904800118834E1,-4.1148E-1));
#12160=CARTESIAN_POINT('',(2.924991313553E1,1.144800118834E1,-4.1148E-1));
#12161=VERTEX_POINT('',#12159);
#12162=VERTEX_POINT('',#12160);
#12163=CARTESIAN_POINT('',(2.849991313553E1,1.144800118834E1,-4.1148E-1));
#12164=VERTEX_POINT('',#12163);
#12165=CARTESIAN_POINT('',(2.849991313553E1,1.304800118834E1,-4.1148E-1));
#12166=VERTEX_POINT('',#12165);
#12167=CARTESIAN_POINT('',(9.999913135532E0,1.304800118834E1,-4.1148E-1));
#12168=VERTEX_POINT('',#12167);
#12169=CARTESIAN_POINT('',(9.999913135532E0,1.144800118834E1,-4.1148E-1));
#12170=VERTEX_POINT('',#12169);
#12171=CARTESIAN_POINT('',(9.249913135532E0,1.144800118834E1,-4.1148E-1));
#12172=VERTEX_POINT('',#12171);
#12173=CARTESIAN_POINT('',(9.249913135532E0,1.904800118834E1,-4.1148E-1));
#12174=VERTEX_POINT('',#12173);
#12175=CARTESIAN_POINT('',(2.924991313553E1,1.904800118834E1,-6.01148E0));
#12176=CARTESIAN_POINT('',(2.924991313553E1,1.144800118834E1,-6.01148E0));
#12177=VERTEX_POINT('',#12175);
#12178=VERTEX_POINT('',#12176);
#12179=CARTESIAN_POINT('',(2.849991313553E1,1.144800118834E1,-6.01148E0));
#12180=VERTEX_POINT('',#12179);
#12181=CARTESIAN_POINT('',(2.849991313553E1,1.304800118834E1,-6.01148E0));
#12182=VERTEX_POINT('',#12181);
#12183=CARTESIAN_POINT('',(9.999913135532E0,1.304800118834E1,-6.01148E0));
#12184=CARTESIAN_POINT('',(9.999913135532E0,1.144800118834E1,-6.01148E0));
#12185=VERTEX_POINT('',#12183);
#12186=VERTEX_POINT('',#12184);
#12187=CARTESIAN_POINT('',(9.249913135532E0,1.144800118834E1,-6.01148E0));
#12188=VERTEX_POINT('',#12187);
#12189=CARTESIAN_POINT('',(9.249913135532E0,1.904800118834E1,-6.01148E0));
#12190=VERTEX_POINT('',#12189);
#12191=CARTESIAN_POINT('',(1.074991313553E1,1.404800118834E1,-1.21148E0));
#12192=CARTESIAN_POINT('',(2.774991313553E1,1.404800118834E1,-1.21148E0));
#12193=VERTEX_POINT('',#12191);
#12194=VERTEX_POINT('',#12192);
#12195=CARTESIAN_POINT('',(1.074991313553E1,1.904800118834E1,-4.81148E0));
#12196=CARTESIAN_POINT('',(1.074991313553E1,1.904800118834E1,-1.21148E0));
#12197=VERTEX_POINT('',#12195);
#12198=VERTEX_POINT('',#12196);
#12199=CARTESIAN_POINT('',(2.774991313553E1,1.904800118834E1,-1.21148E0));
#12200=VERTEX_POINT('',#12199);
#12201=CARTESIAN_POINT('',(2.774991313553E1,1.904800118834E1,-4.81148E0));
#12202=VERTEX_POINT('',#12201);
#12203=CARTESIAN_POINT('',(2.698347097241E1,1.304800118834E1,-6.01148E0));
#12204=CARTESIAN_POINT('',(2.698347097241E1,1.735526005387E1,-6.01148E0));
#12205=VERTEX_POINT('',#12203);
#12206=VERTEX_POINT('',#12204);
#12207=CARTESIAN_POINT('',(2.774991313553E1,1.735526005387E1,-6.01148E0));
#12208=VERTEX_POINT('',#12207);
#12209=CARTESIAN_POINT('',(2.774991313553E1,1.304800118834E1,-6.01148E0));
#12210=VERTEX_POINT('',#12209);
#12211=CARTESIAN_POINT('',(1.074991313553E1,1.304800118834E1,-6.01148E0));
#12212=CARTESIAN_POINT('',(1.074991313553E1,1.735526005387E1,-6.01148E0));
#12213=VERTEX_POINT('',#12211);
#12214=VERTEX_POINT('',#12212);
#12215=CARTESIAN_POINT('',(1.151635529865E1,1.735526005387E1,-6.01148E0));
#12216=VERTEX_POINT('',#12215);
#12217=CARTESIAN_POINT('',(1.151635529865E1,1.304800118834E1,-6.01148E0));
#12218=VERTEX_POINT('',#12217);
#12219=CARTESIAN_POINT('',(2.774991313553E1,1.304800118834E1,-4.51148E0));
#12220=CARTESIAN_POINT('',(2.698347097241E1,1.304800118834E1,-4.51148E0));
#12221=VERTEX_POINT('',#12219);
#12222=VERTEX_POINT('',#12220);
#12223=CARTESIAN_POINT('',(1.151635529865E1,1.304800118834E1,-4.51148E0));
#12224=CARTESIAN_POINT('',(1.074991313553E1,1.304800118834E1,-4.51148E0));
#12225=VERTEX_POINT('',#12223);
#12226=VERTEX_POINT('',#12224);
#12227=CARTESIAN_POINT('',(1.074991313553E1,1.404800118834E1,-4.51148E0));
#12228=CARTESIAN_POINT('',(1.151635529865E1,1.404800118834E1,-4.51148E0));
#12229=VERTEX_POINT('',#12227);
#12230=VERTEX_POINT('',#12228);
#12231=CARTESIAN_POINT('',(2.698347097241E1,1.404800118834E1,-4.51148E0));
#12232=CARTESIAN_POINT('',(2.774991313553E1,1.404800118834E1,-4.51148E0));
#12233=VERTEX_POINT('',#12231);
#12234=VERTEX_POINT('',#12232);
#12235=CARTESIAN_POINT('',(2.698347097241E1,1.404800118834E1,-4.81148E0));
#12236=VERTEX_POINT('',#12235);
#12237=CARTESIAN_POINT('',(1.151635529865E1,1.404800118834E1,-4.81148E0));
#12238=VERTEX_POINT('',#12237);
#12239=CARTESIAN_POINT('',(2.698347097241E1,1.735526005387E1,-4.81148E0));
#12240=VERTEX_POINT('',#12239);
#12241=CARTESIAN_POINT('',(2.774991313553E1,1.735526005387E1,-4.81148E0));
#12242=VERTEX_POINT('',#12241);
#12243=CARTESIAN_POINT('',(1.074991313553E1,1.735526005387E1,-4.81148E0));
#12244=CARTESIAN_POINT('',(1.151635529865E1,1.735526005387E1,-4.81148E0));
#12245=VERTEX_POINT('',#12243);
#12246=VERTEX_POINT('',#12244);
#12247=CARTESIAN_POINT('',(1.859991313553E1,1.854800118834E1,-2.86148E0));
#12248=CARTESIAN_POINT('',(1.789991313553E1,1.854800118834E1,-2.86148E0));
#12249=VERTEX_POINT('',#12247);
#12250=VERTEX_POINT('',#12248);
#12251=CARTESIAN_POINT('',(1.659991313553E1,1.854800118834E1,-2.86148E0));
#12252=CARTESIAN_POINT('',(1.589991313553E1,1.854800118834E1,-2.86148E0));
#12253=VERTEX_POINT('',#12251);
#12254=VERTEX_POINT('',#12252);
#12255=CARTESIAN_POINT('',(1.459991313553E1,1.854800118834E1,-2.86148E0));
#12256=CARTESIAN_POINT('',(1.389991313553E1,1.854800118834E1,-2.86148E0));
#12257=VERTEX_POINT('',#12255);
#12258=VERTEX_POINT('',#12256);
#12259=CARTESIAN_POINT('',(1.259991313553E1,1.854800118834E1,-2.86148E0));
#12260=CARTESIAN_POINT('',(1.189991313553E1,1.854800118834E1,-2.86148E0));
#12261=VERTEX_POINT('',#12259);
#12262=VERTEX_POINT('',#12260);
#12263=CARTESIAN_POINT('',(2.059991313553E1,1.854800118834E1,-2.86148E0));
#12264=CARTESIAN_POINT('',(1.989991313553E1,1.854800118834E1,-2.86148E0));
#12265=VERTEX_POINT('',#12263);
#12266=VERTEX_POINT('',#12264);
#12267=CARTESIAN_POINT('',(2.259991313553E1,1.854800118834E1,-2.86148E0));
#12268=CARTESIAN_POINT('',(2.189991313553E1,1.854800118834E1,-2.86148E0));
#12269=VERTEX_POINT('',#12267);
#12270=VERTEX_POINT('',#12268);
#12271=CARTESIAN_POINT('',(2.459991313553E1,1.854800118834E1,-2.86148E0));
#12272=CARTESIAN_POINT('',(2.389991313553E1,1.854800118834E1,-2.86148E0));
#12273=VERTEX_POINT('',#12271);
#12274=VERTEX_POINT('',#12272);
#12275=CARTESIAN_POINT('',(2.659991313553E1,1.854800118834E1,-2.86148E0));
#12276=CARTESIAN_POINT('',(2.589991313553E1,1.854800118834E1,-2.86148E0));
#12277=VERTEX_POINT('',#12275);
#12278=VERTEX_POINT('',#12276);
#12279=CARTESIAN_POINT('',(1.859991313553E1,1.404800118834E1,-2.86148E0));
#12280=CARTESIAN_POINT('',(1.789991313553E1,1.404800118834E1,-2.86148E0));
#12281=VERTEX_POINT('',#12279);
#12282=VERTEX_POINT('',#12280);
#12283=CARTESIAN_POINT('',(1.659991313553E1,1.404800118834E1,-2.86148E0));
#12284=CARTESIAN_POINT('',(1.589991313553E1,1.404800118834E1,-2.86148E0));
#12285=VERTEX_POINT('',#12283);
#12286=VERTEX_POINT('',#12284);
#12287=CARTESIAN_POINT('',(1.459991313553E1,1.404800118834E1,-2.86148E0));
#12288=CARTESIAN_POINT('',(1.389991313553E1,1.404800118834E1,-2.86148E0));
#12289=VERTEX_POINT('',#12287);
#12290=VERTEX_POINT('',#12288);
#12291=CARTESIAN_POINT('',(1.259991313553E1,1.404800118834E1,-2.86148E0));
#12292=CARTESIAN_POINT('',(1.189991313553E1,1.404800118834E1,-2.86148E0));
#12293=VERTEX_POINT('',#12291);
#12294=VERTEX_POINT('',#12292);
#12295=CARTESIAN_POINT('',(2.059991313553E1,1.404800118834E1,-2.86148E0));
#12296=CARTESIAN_POINT('',(1.989991313553E1,1.404800118834E1,-2.86148E0));
#12297=VERTEX_POINT('',#12295);
#12298=VERTEX_POINT('',#12296);
#12299=CARTESIAN_POINT('',(2.259991313553E1,1.404800118834E1,-2.86148E0));
#12300=CARTESIAN_POINT('',(2.189991313553E1,1.404800118834E1,-2.86148E0));
#12301=VERTEX_POINT('',#12299);
#12302=VERTEX_POINT('',#12300);
#12303=CARTESIAN_POINT('',(2.459991313553E1,1.404800118834E1,-2.86148E0));
#12304=CARTESIAN_POINT('',(2.389991313553E1,1.404800118834E1,-2.86148E0));
#12305=VERTEX_POINT('',#12303);
#12306=VERTEX_POINT('',#12304);
#12307=CARTESIAN_POINT('',(2.659991313553E1,1.404800118834E1,-2.86148E0));
#12308=CARTESIAN_POINT('',(2.589991313553E1,1.404800118834E1,-2.86148E0));
#12309=VERTEX_POINT('',#12307);
#12310=VERTEX_POINT('',#12308);
#12311=CARTESIAN_POINT('',(0.E0,0.E0,-4.1148E-1));
#12312=DIRECTION('',(0.E0,0.E0,-1.E0));
#12313=DIRECTION('',(-1.E0,0.E0,0.E0));
#12314=AXIS2_PLACEMENT_3D('',#12311,#12312,#12313);
#12315=PLANE('',#12314);
#12317=ORIENTED_EDGE('',*,*,#12316,.T.);
#12319=ORIENTED_EDGE('',*,*,#12318,.T.);
#12321=ORIENTED_EDGE('',*,*,#12320,.T.);
#12323=ORIENTED_EDGE('',*,*,#12322,.T.);
#12325=ORIENTED_EDGE('',*,*,#12324,.T.);
#12327=ORIENTED_EDGE('',*,*,#12326,.T.);
#12329=ORIENTED_EDGE('',*,*,#12328,.T.);
#12331=ORIENTED_EDGE('',*,*,#12330,.T.);
#12332=EDGE_LOOP('',(#12317,#12319,#12321,#12323,#12325,#12327,#12329,#12331));
#12333=FACE_OUTER_BOUND('',#12332,.F.);
#12334=ADVANCED_FACE('',(#12333),#12315,.F.);
#12335=CARTESIAN_POINT('',(2.924991313553E1,1.904800118834E1,-4.1148E-1));
#12336=DIRECTION('',(1.E0,0.E0,0.E0));
#12337=DIRECTION('',(0.E0,-1.E0,0.E0));
#12338=AXIS2_PLACEMENT_3D('',#12335,#12336,#12337);
#12339=PLANE('',#12338);
#12340=ORIENTED_EDGE('',*,*,#12316,.F.);
#12342=ORIENTED_EDGE('',*,*,#12341,.T.);
#12344=ORIENTED_EDGE('',*,*,#12343,.T.);
#12346=ORIENTED_EDGE('',*,*,#12345,.F.);
#12347=EDGE_LOOP('',(#12340,#12342,#12344,#12346));
#12348=FACE_OUTER_BOUND('',#12347,.F.);
#12349=ADVANCED_FACE('',(#12348),#12339,.T.);
#12350=CARTESIAN_POINT('',(9.249913135532E0,1.904800118834E1,-4.1148E-1));
#12351=DIRECTION('',(0.E0,1.E0,0.E0));
#12352=DIRECTION('',(1.E0,0.E0,0.E0));
#12353=AXIS2_PLACEMENT_3D('',#12350,#12351,#12352);
#12354=PLANE('',#12353);
#12355=ORIENTED_EDGE('',*,*,#12330,.F.);
#12357=ORIENTED_EDGE('',*,*,#12356,.T.);
#12359=ORIENTED_EDGE('',*,*,#12358,.T.);
#12360=ORIENTED_EDGE('',*,*,#12341,.F.);
#12361=EDGE_LOOP('',(#12355,#12357,#12359,#12360));
#12362=FACE_OUTER_BOUND('',#12361,.F.);
#12364=ORIENTED_EDGE('',*,*,#12363,.T.);
#12366=ORIENTED_EDGE('',*,*,#12365,.T.);
#12368=ORIENTED_EDGE('',*,*,#12367,.T.);
#12370=ORIENTED_EDGE('',*,*,#12369,.T.);
#12371=EDGE_LOOP('',(#12364,#12366,#12368,#12370));
#12372=FACE_BOUND('',#12371,.F.);
#12373=ADVANCED_FACE('',(#12362,#12372),#12354,.T.);
#12374=CARTESIAN_POINT('',(9.249913135532E0,1.144800118834E1,-4.1148E-1));
#12375=DIRECTION('',(-1.E0,0.E0,0.E0));
#12376=DIRECTION('',(0.E0,1.E0,0.E0));
#12377=AXIS2_PLACEMENT_3D('',#12374,#12375,#12376);
#12378=PLANE('',#12377);
#12379=ORIENTED_EDGE('',*,*,#12328,.F.);
#12381=ORIENTED_EDGE('',*,*,#12380,.T.);
#12383=ORIENTED_EDGE('',*,*,#12382,.T.);
#12384=ORIENTED_EDGE('',*,*,#12356,.F.);
#12385=EDGE_LOOP('',(#12379,#12381,#12383,#12384));
#12386=FACE_OUTER_BOUND('',#12385,.F.);
#12387=ADVANCED_FACE('',(#12386),#12378,.T.);
#12388=CARTESIAN_POINT('',(9.999913135532E0,1.144800118834E1,-4.1148E-1));
#12389=DIRECTION('',(0.E0,-1.E0,0.E0));
#12390=DIRECTION('',(-1.E0,0.E0,0.E0));
#12391=AXIS2_PLACEMENT_3D('',#12388,#12389,#12390);
#12392=PLANE('',#12391);
#12393=ORIENTED_EDGE('',*,*,#12326,.F.);
#12395=ORIENTED_EDGE('',*,*,#12394,.T.);
#12397=ORIENTED_EDGE('',*,*,#12396,.T.);
#12398=ORIENTED_EDGE('',*,*,#12380,.F.);
#12399=EDGE_LOOP('',(#12393,#12395,#12397,#12398));
#12400=FACE_OUTER_BOUND('',#12399,.F.);
#12401=ADVANCED_FACE('',(#12400),#12392,.T.);
#12402=CARTESIAN_POINT('',(9.999913135532E0,1.304800118834E1,-4.1148E-1));
#12403=DIRECTION('',(1.E0,0.E0,0.E0));
#12404=DIRECTION('',(0.E0,-1.E0,0.E0));
#12405=AXIS2_PLACEMENT_3D('',#12402,#12403,#12404);
#12406=PLANE('',#12405);
#12407=ORIENTED_EDGE('',*,*,#12324,.F.);
#12409=ORIENTED_EDGE('',*,*,#12408,.T.);
#12411=ORIENTED_EDGE('',*,*,#12410,.T.);
#12412=ORIENTED_EDGE('',*,*,#12394,.F.);
#12413=EDGE_LOOP('',(#12407,#12409,#12411,#12412));
#12414=FACE_OUTER_BOUND('',#12413,.F.);
#12415=ADVANCED_FACE('',(#12414),#12406,.T.);
#12416=CARTESIAN_POINT('',(2.849991313553E1,1.304800118834E1,-4.1148E-1));
#12417=DIRECTION('',(0.E0,-1.E0,0.E0));
#12418=DIRECTION('',(-1.E0,0.E0,0.E0));
#12419=AXIS2_PLACEMENT_3D('',#12416,#12417,#12418);
#12420=PLANE('',#12419);
#12422=ORIENTED_EDGE('',*,*,#12421,.T.);
#12424=ORIENTED_EDGE('',*,*,#12423,.F.);
#12426=ORIENTED_EDGE('',*,*,#12425,.T.);
#12428=ORIENTED_EDGE('',*,*,#12427,.T.);
#12430=ORIENTED_EDGE('',*,*,#12429,.T.);
#12432=ORIENTED_EDGE('',*,*,#12431,.F.);
#12434=ORIENTED_EDGE('',*,*,#12433,.T.);
#12435=ORIENTED_EDGE('',*,*,#12408,.F.);
#12436=ORIENTED_EDGE('',*,*,#12322,.F.);
#12438=ORIENTED_EDGE('',*,*,#12437,.T.);
#12440=ORIENTED_EDGE('',*,*,#12439,.T.);
#12442=ORIENTED_EDGE('',*,*,#12441,.T.);
#12443=EDGE_LOOP('',(#12422,#12424,#12426,#12428,#12430,#12432,#12434,#12435,
#12436,#12438,#12440,#12442));
#12444=FACE_OUTER_BOUND('',#12443,.F.);
#12445=ADVANCED_FACE('',(#12444),#12420,.T.);
#12446=CARTESIAN_POINT('',(0.E0,0.E0,-4.51148E0));
#12447=DIRECTION('',(0.E0,0.E0,-1.E0));
#12448=DIRECTION('',(-1.E0,0.E0,0.E0));
#12449=AXIS2_PLACEMENT_3D('',#12446,#12447,#12448);
#12450=PLANE('',#12449);
#12451=ORIENTED_EDGE('',*,*,#12421,.F.);
#12453=ORIENTED_EDGE('',*,*,#12452,.F.);
#12455=ORIENTED_EDGE('',*,*,#12454,.F.);
#12457=ORIENTED_EDGE('',*,*,#12456,.F.);
#12458=EDGE_LOOP('',(#12451,#12453,#12455,#12457));
#12459=FACE_OUTER_BOUND('',#12458,.F.);
#12460=ADVANCED_FACE('',(#12459),#12450,.T.);
#12461=CARTESIAN_POINT('',(0.E0,0.E0,-4.51148E0));
#12462=DIRECTION('',(0.E0,0.E0,-1.E0));
#12463=DIRECTION('',(-1.E0,0.E0,0.E0));
#12464=AXIS2_PLACEMENT_3D('',#12461,#12462,#12463);
#12465=PLANE('',#12464);
#12466=ORIENTED_EDGE('',*,*,#12429,.F.);
#12468=ORIENTED_EDGE('',*,*,#12467,.F.);
#12470=ORIENTED_EDGE('',*,*,#12469,.F.);
#12472=ORIENTED_EDGE('',*,*,#12471,.F.);
#12473=EDGE_LOOP('',(#12466,#12468,#12470,#12472));
#12474=FACE_OUTER_BOUND('',#12473,.F.);
#12475=ADVANCED_FACE('',(#12474),#12465,.T.);
#12476=CARTESIAN_POINT('',(2.774991313553E1,1.904800118834E1,-1.21148E0));
#12477=DIRECTION('',(1.E0,0.E0,0.E0));
#12478=DIRECTION('',(0.E0,0.E0,-1.E0));
#12479=AXIS2_PLACEMENT_3D('',#12476,#12477,#12478);
#12480=PLANE('',#12479);
#12482=ORIENTED_EDGE('',*,*,#12481,.T.);
#12483=ORIENTED_EDGE('',*,*,#12452,.T.);
#12484=ORIENTED_EDGE('',*,*,#12441,.F.);
#12486=ORIENTED_EDGE('',*,*,#12485,.F.);
#12488=ORIENTED_EDGE('',*,*,#12487,.T.);
#12490=ORIENTED_EDGE('',*,*,#12489,.F.);
#12491=ORIENTED_EDGE('',*,*,#12367,.F.);
#12493=ORIENTED_EDGE('',*,*,#12492,.T.);
#12494=EDGE_LOOP('',(#12482,#12483,#12484,#12486,#12488,#12490,#12491,#12493));
#12495=FACE_OUTER_BOUND('',#12494,.F.);
#12496=ADVANCED_FACE('',(#12495),#12480,.F.);
#12497=CARTESIAN_POINT('',(0.E0,1.404800118834E1,-4.1148E-1));
#12498=DIRECTION('',(0.E0,1.E0,0.E0));
#12499=DIRECTION('',(1.E0,0.E0,0.E0));
#12500=AXIS2_PLACEMENT_3D('',#12497,#12498,#12499);
#12501=PLANE('',#12500);
#12502=ORIENTED_EDGE('',*,*,#12469,.T.);
#12504=ORIENTED_EDGE('',*,*,#12503,.F.);
#12506=ORIENTED_EDGE('',*,*,#12505,.F.);
#12508=ORIENTED_EDGE('',*,*,#12507,.T.);
#12509=ORIENTED_EDGE('',*,*,#12454,.T.);
#12510=ORIENTED_EDGE('',*,*,#12481,.F.);
#12512=ORIENTED_EDGE('',*,*,#12511,.F.);
#12514=ORIENTED_EDGE('',*,*,#12513,.F.);
#12515=EDGE_LOOP('',(#12502,#12504,#12506,#12508,#12509,#12510,#12512,#12514));
#12516=FACE_OUTER_BOUND('',#12515,.F.);
#12518=ORIENTED_EDGE('',*,*,#12517,.T.);
#12520=ORIENTED_EDGE('',*,*,#12519,.T.);
#12521=EDGE_LOOP('',(#12518,#12520));
#12522=FACE_BOUND('',#12521,.F.);
#12524=ORIENTED_EDGE('',*,*,#12523,.T.);
#12526=ORIENTED_EDGE('',*,*,#12525,.T.);
#12527=EDGE_LOOP('',(#12524,#12526));
#12528=FACE_BOUND('',#12527,.F.);
#12530=ORIENTED_EDGE('',*,*,#12529,.T.);
#12532=ORIENTED_EDGE('',*,*,#12531,.T.);
#12533=EDGE_LOOP('',(#12530,#12532));
#12534=FACE_BOUND('',#12533,.F.);
#12536=ORIENTED_EDGE('',*,*,#12535,.T.);
#12538=ORIENTED_EDGE('',*,*,#12537,.T.);
#12539=EDGE_LOOP('',(#12536,#12538));
#12540=FACE_BOUND('',#12539,.F.);
#12542=ORIENTED_EDGE('',*,*,#12541,.T.);
#12544=ORIENTED_EDGE('',*,*,#12543,.T.);
#12545=EDGE_LOOP('',(#12542,#12544));
#12546=FACE_BOUND('',#12545,.F.);
#12548=ORIENTED_EDGE('',*,*,#12547,.T.);
#12550=ORIENTED_EDGE('',*,*,#12549,.T.);
#12551=EDGE_LOOP('',(#12548,#12550));
#12552=FACE_BOUND('',#12551,.F.);
#12554=ORIENTED_EDGE('',*,*,#12553,.T.);
#12556=ORIENTED_EDGE('',*,*,#12555,.T.);
#12557=EDGE_LOOP('',(#12554,#12556));
#12558=FACE_BOUND('',#12557,.F.);
#12560=ORIENTED_EDGE('',*,*,#12559,.T.);
#12562=ORIENTED_EDGE('',*,*,#12561,.T.);
#12563=EDGE_LOOP('',(#12560,#12562));
#12564=FACE_BOUND('',#12563,.F.);
#12565=ADVANCED_FACE('',(#12516,#12522,#12528,#12534,#12540,#12546,#12552,
#12558,#12564),#12501,.T.);
#12566=CARTESIAN_POINT('',(1.151635529865E1,1.735526005387E1,-6.01148E0));
#12567=DIRECTION('',(1.E0,0.E0,0.E0));
#12568=DIRECTION('',(0.E0,-1.E0,0.E0));
#12569=AXIS2_PLACEMENT_3D('',#12566,#12567,#12568);
#12570=PLANE('',#12569);
#12572=ORIENTED_EDGE('',*,*,#12571,.F.);
#12574=ORIENTED_EDGE('',*,*,#12573,.T.);
#12576=ORIENTED_EDGE('',*,*,#12575,.F.);
#12577=ORIENTED_EDGE('',*,*,#12503,.T.);
#12578=ORIENTED_EDGE('',*,*,#12467,.T.);
#12579=ORIENTED_EDGE('',*,*,#12427,.F.);
#12580=EDGE_LOOP('',(#12572,#12574,#12576,#12577,#12578,#12579));
#12581=FACE_OUTER_BOUND('',#12580,.F.);
#12582=ADVANCED_FACE('',(#12581),#12570,.F.);
#12583=CARTESIAN_POINT('',(0.E0,0.E0,-6.01148E0));
#12584=DIRECTION('',(0.E0,0.E0,-1.E0));
#12585=DIRECTION('',(-1.E0,0.E0,0.E0));
#12586=AXIS2_PLACEMENT_3D('',#12583,#12584,#12585);
#12587=PLANE('',#12586);
#12589=ORIENTED_EDGE('',*,*,#12588,.T.);
#12591=ORIENTED_EDGE('',*,*,#12590,.T.);
#12592=ORIENTED_EDGE('',*,*,#12485,.T.);
#12593=ORIENTED_EDGE('',*,*,#12439,.F.);
#12595=ORIENTED_EDGE('',*,*,#12594,.F.);
#12597=ORIENTED_EDGE('',*,*,#12596,.F.);
#12598=ORIENTED_EDGE('',*,*,#12343,.F.);
#12599=ORIENTED_EDGE('',*,*,#12358,.F.);
#12600=ORIENTED_EDGE('',*,*,#12382,.F.);
#12601=ORIENTED_EDGE('',*,*,#12396,.F.);
#12602=ORIENTED_EDGE('',*,*,#12410,.F.);
#12603=ORIENTED_EDGE('',*,*,#12433,.F.);
#12605=ORIENTED_EDGE('',*,*,#12604,.T.);
#12607=ORIENTED_EDGE('',*,*,#12606,.T.);
#12608=ORIENTED_EDGE('',*,*,#12571,.T.);
#12609=ORIENTED_EDGE('',*,*,#12425,.F.);
#12610=EDGE_LOOP('',(#12589,#12591,#12592,#12593,#12595,#12597,#12598,#12599,
#12600,#12601,#12602,#12603,#12605,#12607,#12608,#12609));
#12611=FACE_OUTER_BOUND('',#12610,.F.);
#12612=ADVANCED_FACE('',(#12611),#12587,.T.);
#12613=CARTESIAN_POINT('',(2.698347097241E1,1.304800118834E1,-6.01148E0));
#12614=DIRECTION('',(-1.E0,0.E0,0.E0));
#12615=DIRECTION('',(0.E0,1.E0,0.E0));
#12616=AXIS2_PLACEMENT_3D('',#12613,#12614,#12615);
#12617=PLANE('',#12616);
#12618=ORIENTED_EDGE('',*,*,#12588,.F.);
#12619=ORIENTED_EDGE('',*,*,#12423,.T.);
#12620=ORIENTED_EDGE('',*,*,#12456,.T.);
#12621=ORIENTED_EDGE('',*,*,#12507,.F.);
#12623=ORIENTED_EDGE('',*,*,#12622,.T.);
#12625=ORIENTED_EDGE('',*,*,#12624,.F.);
#12626=EDGE_LOOP('',(#12618,#12619,#12620,#12621,#12623,#12625));
#12627=FACE_OUTER_BOUND('',#12626,.F.);
#12628=ADVANCED_FACE('',(#12627),#12617,.F.);
#12629=CARTESIAN_POINT('',(2.774991313553E1,1.904800118834E1,-4.81148E0));
#12630=DIRECTION('',(0.E0,0.E0,-1.E0));
#12631=DIRECTION('',(-1.E0,0.E0,0.E0));
#12632=AXIS2_PLACEMENT_3D('',#12629,#12630,#12631);
#12633=PLANE('',#12632);
#12634=ORIENTED_EDGE('',*,*,#12622,.F.);
#12635=ORIENTED_EDGE('',*,*,#12505,.T.);
#12636=ORIENTED_EDGE('',*,*,#12575,.T.);
#12638=ORIENTED_EDGE('',*,*,#12637,.F.);
#12640=ORIENTED_EDGE('',*,*,#12639,.F.);
#12641=ORIENTED_EDGE('',*,*,#12369,.F.);
#12642=ORIENTED_EDGE('',*,*,#12489,.T.);
#12644=ORIENTED_EDGE('',*,*,#12643,.T.);
#12645=EDGE_LOOP('',(#12634,#12635,#12636,#12638,#12640,#12641,#12642,#12644));
#12646=FACE_OUTER_BOUND('',#12645,.F.);
#12647=ADVANCED_FACE('',(#12646),#12633,.F.);
#12648=CARTESIAN_POINT('',(1.074991313553E1,1.735526005387E1,-6.01148E0));
#12649=DIRECTION('',(0.E0,1.E0,0.E0));
#12650=DIRECTION('',(1.E0,0.E0,0.E0));
#12651=AXIS2_PLACEMENT_3D('',#12648,#12649,#12650);
#12652=PLANE('',#12651);
#12653=ORIENTED_EDGE('',*,*,#12606,.F.);
#12655=ORIENTED_EDGE('',*,*,#12654,.T.);
#12656=ORIENTED_EDGE('',*,*,#12637,.T.);
#12657=ORIENTED_EDGE('',*,*,#12573,.F.);
#12658=EDGE_LOOP('',(#12653,#12655,#12656,#12657));
#12659=FACE_OUTER_BOUND('',#12658,.F.);
#12660=ADVANCED_FACE('',(#12659),#12652,.F.);
#12661=CARTESIAN_POINT('',(1.074991313553E1,1.904800118834E1,-4.81148E0));
#12662=DIRECTION('',(-1.E0,0.E0,0.E0));
#12663=DIRECTION('',(0.E0,0.E0,1.E0));
#12664=AXIS2_PLACEMENT_3D('',#12661,#12662,#12663);
#12665=PLANE('',#12664);
#12666=ORIENTED_EDGE('',*,*,#12639,.T.);
#12667=ORIENTED_EDGE('',*,*,#12654,.F.);
#12668=ORIENTED_EDGE('',*,*,#12604,.F.);
#12669=ORIENTED_EDGE('',*,*,#12431,.T.);
#12670=ORIENTED_EDGE('',*,*,#12471,.T.);
#12671=ORIENTED_EDGE('',*,*,#12513,.T.);
#12673=ORIENTED_EDGE('',*,*,#12672,.F.);
#12674=ORIENTED_EDGE('',*,*,#12363,.F.);
#12675=EDGE_LOOP('',(#12666,#12667,#12668,#12669,#12670,#12671,#12673,#12674));
#12676=FACE_OUTER_BOUND('',#12675,.F.);
#12677=ADVANCED_FACE('',(#12676),#12665,.F.);
#12678=CARTESIAN_POINT('',(1.074991313553E1,1.904800118834E1,-1.21148E0));
#12679=DIRECTION('',(0.E0,0.E0,1.E0));
#12680=DIRECTION('',(1.E0,0.E0,0.E0));
#12681=AXIS2_PLACEMENT_3D('',#12678,#12679,#12680);
#12682=PLANE('',#12681);
#12683=ORIENTED_EDGE('',*,*,#12365,.F.);
#12684=ORIENTED_EDGE('',*,*,#12672,.T.);
#12685=ORIENTED_EDGE('',*,*,#12511,.T.);
#12686=ORIENTED_EDGE('',*,*,#12492,.F.);
#12687=EDGE_LOOP('',(#12683,#12684,#12685,#12686));
#12688=FACE_OUTER_BOUND('',#12687,.F.);
#12689=ADVANCED_FACE('',(#12688),#12682,.F.);
#12690=CARTESIAN_POINT('',(2.698347097241E1,1.735526005387E1,-6.01148E0));
#12691=DIRECTION('',(0.E0,1.E0,0.E0));
#12692=DIRECTION('',(1.E0,0.E0,0.E0));
#12693=AXIS2_PLACEMENT_3D('',#12690,#12691,#12692);
#12694=PLANE('',#12693);
#12695=ORIENTED_EDGE('',*,*,#12590,.F.);
#12696=ORIENTED_EDGE('',*,*,#12624,.T.);
#12697=ORIENTED_EDGE('',*,*,#12643,.F.);
#12698=ORIENTED_EDGE('',*,*,#12487,.F.);
#12699=EDGE_LOOP('',(#12695,#12696,#12697,#12698));
#12700=FACE_OUTER_BOUND('',#12699,.F.);
#12701=ADVANCED_FACE('',(#12700),#12694,.F.);
#12702=CARTESIAN_POINT('',(2.849991313553E1,1.144800118834E1,-4.1148E-1));
#12703=DIRECTION('',(-1.E0,0.E0,0.E0));
#12704=DIRECTION('',(0.E0,1.E0,0.E0));
#12705=AXIS2_PLACEMENT_3D('',#12702,#12703,#12704);
#12706=PLANE('',#12705);
#12707=ORIENTED_EDGE('',*,*,#12320,.F.);
#12709=ORIENTED_EDGE('',*,*,#12708,.T.);
#12710=ORIENTED_EDGE('',*,*,#12594,.T.);
#12711=ORIENTED_EDGE('',*,*,#12437,.F.);
#12712=EDGE_LOOP('',(#12707,#12709,#12710,#12711));
#12713=FACE_OUTER_BOUND('',#12712,.F.);
#12714=ADVANCED_FACE('',(#12713),#12706,.T.);
#12715=CARTESIAN_POINT('',(2.924991313553E1,1.144800118834E1,-4.1148E-1));
#12716=DIRECTION('',(0.E0,-1.E0,0.E0));
#12717=DIRECTION('',(-1.E0,0.E0,0.E0));
#12718=AXIS2_PLACEMENT_3D('',#12715,#12716,#12717);
#12719=PLANE('',#12718);
#12720=ORIENTED_EDGE('',*,*,#12318,.F.);
#12721=ORIENTED_EDGE('',*,*,#12345,.T.);
#12722=ORIENTED_EDGE('',*,*,#12596,.T.);
#12723=ORIENTED_EDGE('',*,*,#12708,.F.);
#12724=EDGE_LOOP('',(#12720,#12721,#12722,#12723));
#12725=FACE_OUTER_BOUND('',#12724,.F.);
#12726=ADVANCED_FACE('',(#12725),#12719,.T.);
#12727=CARTESIAN_POINT('',(1.824991313553E1,1.404800118834E1,-2.86148E0));
#12728=DIRECTION('',(0.E0,1.E0,0.E0));
#12729=DIRECTION('',(1.E0,0.E0,0.E0));
#12730=AXIS2_PLACEMENT_3D('',#12727,#12728,#12729);
#12731=CYLINDRICAL_SURFACE('',#12730,3.5E-1);
#12732=ORIENTED_EDGE('',*,*,#12517,.F.);
#12734=ORIENTED_EDGE('',*,*,#12733,.T.);
#12736=ORIENTED_EDGE('',*,*,#12735,.T.);
#12738=ORIENTED_EDGE('',*,*,#12737,.F.);
#12739=EDGE_LOOP('',(#12732,#12734,#12736,#12738));
#12740=FACE_OUTER_BOUND('',#12739,.F.);
#12741=ADVANCED_FACE('',(#12740),#12731,.T.);
#12742=CARTESIAN_POINT('',(1.824991313553E1,1.404800118834E1,-2.86148E0));
#12743=DIRECTION('',(0.E0,1.E0,0.E0));
#12744=DIRECTION('',(1.E0,0.E0,0.E0));
#12745=AXIS2_PLACEMENT_3D('',#12742,#12743,#12744);
#12746=CYLINDRICAL_SURFACE('',#12745,3.5E-1);
#12747=ORIENTED_EDGE('',*,*,#12519,.F.);
#12748=ORIENTED_EDGE('',*,*,#12737,.T.);
#12750=ORIENTED_EDGE('',*,*,#12749,.T.);
#12751=ORIENTED_EDGE('',*,*,#12733,.F.);
#12752=EDGE_LOOP('',(#12747,#12748,#12750,#12751));
#12753=FACE_OUTER_BOUND('',#12752,.F.);
#12754=ADVANCED_FACE('',(#12753),#12746,.T.);
#12755=CARTESIAN_POINT('',(0.E0,1.854800118834E1,-4.1148E-1));
#12756=DIRECTION('',(0.E0,1.E0,0.E0));
#12757=DIRECTION('',(1.E0,0.E0,0.E0));
#12758=AXIS2_PLACEMENT_3D('',#12755,#12756,#12757);
#12759=PLANE('',#12758);
#12760=ORIENTED_EDGE('',*,*,#12735,.F.);
#12761=ORIENTED_EDGE('',*,*,#12749,.F.);
#12762=EDGE_LOOP('',(#12760,#12761));
#12763=FACE_OUTER_BOUND('',#12762,.F.);
#12764=ADVANCED_FACE('',(#12763),#12759,.T.);
#12765=CARTESIAN_POINT('',(0.E0,1.854800118834E1,-4.1148E-1));
#12766=DIRECTION('',(0.E0,1.E0,0.E0));
#12767=DIRECTION('',(1.E0,0.E0,0.E0));
#12768=AXIS2_PLACEMENT_3D('',#12765,#12766,#12767);
#12769=PLANE('',#12768);
#12771=ORIENTED_EDGE('',*,*,#12770,.F.);
#12773=ORIENTED_EDGE('',*,*,#12772,.F.);
#12774=EDGE_LOOP('',(#12771,#12773));
#12775=FACE_OUTER_BOUND('',#12774,.F.);
#12776=ADVANCED_FACE('',(#12775),#12769,.T.);
#12777=CARTESIAN_POINT('',(0.E0,1.854800118834E1,-4.1148E-1));
#12778=DIRECTION('',(0.E0,1.E0,0.E0));
#12779=DIRECTION('',(1.E0,0.E0,0.E0));
#12780=AXIS2_PLACEMENT_3D('',#12777,#12778,#12779);
#12781=PLANE('',#12780);
#12783=ORIENTED_EDGE('',*,*,#12782,.F.);
#12785=ORIENTED_EDGE('',*,*,#12784,.F.);
#12786=EDGE_LOOP('',(#12783,#12785));
#12787=FACE_OUTER_BOUND('',#12786,.F.);
#12788=ADVANCED_FACE('',(#12787),#12781,.T.);
#12789=CARTESIAN_POINT('',(0.E0,1.854800118834E1,-4.1148E-1));
#12790=DIRECTION('',(0.E0,1.E0,0.E0));
#12791=DIRECTION('',(1.E0,0.E0,0.E0));
#12792=AXIS2_PLACEMENT_3D('',#12789,#12790,#12791);
#12793=PLANE('',#12792);
#12795=ORIENTED_EDGE('',*,*,#12794,.F.);
#12797=ORIENTED_EDGE('',*,*,#12796,.F.);
#12798=EDGE_LOOP('',(#12795,#12797));
#12799=FACE_OUTER_BOUND('',#12798,.F.);
#12800=ADVANCED_FACE('',(#12799),#12793,.T.);
#12801=CARTESIAN_POINT('',(0.E0,1.854800118834E1,-4.1148E-1));
#12802=DIRECTION('',(0.E0,1.E0,0.E0));
#12803=DIRECTION('',(1.E0,0.E0,0.E0));
#12804=AXIS2_PLACEMENT_3D('',#12801,#12802,#12803);
#12805=PLANE('',#12804);
#12807=ORIENTED_EDGE('',*,*,#12806,.F.);
#12809=ORIENTED_EDGE('',*,*,#12808,.F.);
#12810=EDGE_LOOP('',(#12807,#12809));
#12811=FACE_OUTER_BOUND('',#12810,.F.);
#12812=ADVANCED_FACE('',(#12811),#12805,.T.);
#12813=CARTESIAN_POINT('',(0.E0,1.854800118834E1,-4.1148E-1));
#12814=DIRECTION('',(0.E0,1.E0,0.E0));
#12815=DIRECTION('',(1.E0,0.E0,0.E0));
#12816=AXIS2_PLACEMENT_3D('',#12813,#12814,#12815);
#12817=PLANE('',#12816);
#12819=ORIENTED_EDGE('',*,*,#12818,.F.);
#12821=ORIENTED_EDGE('',*,*,#12820,.F.);
#12822=EDGE_LOOP('',(#12819,#12821));
#12823=FACE_OUTER_BOUND('',#12822,.F.);
#12824=ADVANCED_FACE('',(#12823),#12817,.T.);
#12825=CARTESIAN_POINT('',(0.E0,1.854800118834E1,-4.1148E-1));
#12826=DIRECTION('',(0.E0,1.E0,0.E0));
#12827=DIRECTION('',(1.E0,0.E0,0.E0));
#12828=AXIS2_PLACEMENT_3D('',#12825,#12826,#12827);
#12829=PLANE('',#12828);
#12831=ORIENTED_EDGE('',*,*,#12830,.F.);
#12833=ORIENTED_EDGE('',*,*,#12832,.F.);
#12834=EDGE_LOOP('',(#12831,#12833));
#12835=FACE_OUTER_BOUND('',#12834,.F.);
#12836=ADVANCED_FACE('',(#12835),#12829,.T.);
#12837=CARTESIAN_POINT('',(0.E0,1.854800118834E1,-4.1148E-1));
#12838=DIRECTION('',(0.E0,1.E0,0.E0));
#12839=DIRECTION('',(1.E0,0.E0,0.E0));
#12840=AXIS2_PLACEMENT_3D('',#12837,#12838,#12839);
#12841=PLANE('',#12840);
#12843=ORIENTED_EDGE('',*,*,#12842,.F.);
#12845=ORIENTED_EDGE('',*,*,#12844,.F.);
#12846=EDGE_LOOP('',(#12843,#12845));
#12847=FACE_OUTER_BOUND('',#12846,.F.);
#12848=ADVANCED_FACE('',(#12847),#12841,.T.);
#12849=CARTESIAN_POINT('',(1.624991313553E1,1.404800118834E1,-2.86148E0));
#12850=DIRECTION('',(0.E0,1.E0,0.E0));
#12851=DIRECTION('',(1.E0,0.E0,0.E0));
#12852=AXIS2_PLACEMENT_3D('',#12849,#12850,#12851);
#12853=CYLINDRICAL_SURFACE('',#12852,3.5E-1);
#12854=ORIENTED_EDGE('',*,*,#12523,.F.);
#12856=ORIENTED_EDGE('',*,*,#12855,.T.);
#12857=ORIENTED_EDGE('',*,*,#12770,.T.);
#12859=ORIENTED_EDGE('',*,*,#12858,.F.);
#12860=EDGE_LOOP('',(#12854,#12856,#12857,#12859));
#12861=FACE_OUTER_BOUND('',#12860,.F.);
#12862=ADVANCED_FACE('',(#12861),#12853,.T.);
#12863=CARTESIAN_POINT('',(1.624991313553E1,1.404800118834E1,-2.86148E0));
#12864=DIRECTION('',(0.E0,1.E0,0.E0));
#12865=DIRECTION('',(1.E0,0.E0,0.E0));
#12866=AXIS2_PLACEMENT_3D('',#12863,#12864,#12865);
#12867=CYLINDRICAL_SURFACE('',#12866,3.5E-1);
#12868=ORIENTED_EDGE('',*,*,#12525,.F.);
#12869=ORIENTED_EDGE('',*,*,#12858,.T.);
#12870=ORIENTED_EDGE('',*,*,#12772,.T.);
#12871=ORIENTED_EDGE('',*,*,#12855,.F.);
#12872=EDGE_LOOP('',(#12868,#12869,#12870,#12871));
#12873=FACE_OUTER_BOUND('',#12872,.F.);
#12874=ADVANCED_FACE('',(#12873),#12867,.T.);
#12875=CARTESIAN_POINT('',(1.424991313553E1,1.404800118834E1,-2.86148E0));
#12876=DIRECTION('',(0.E0,1.E0,0.E0));
#12877=DIRECTION('',(1.E0,0.E0,0.E0));
#12878=AXIS2_PLACEMENT_3D('',#12875,#12876,#12877);
#12879=CYLINDRICAL_SURFACE('',#12878,3.5E-1);
#12880=ORIENTED_EDGE('',*,*,#12529,.F.);
#12882=ORIENTED_EDGE('',*,*,#12881,.T.);
#12883=ORIENTED_EDGE('',*,*,#12782,.T.);
#12885=ORIENTED_EDGE('',*,*,#12884,.F.);
#12886=EDGE_LOOP('',(#12880,#12882,#12883,#12885));
#12887=FACE_OUTER_BOUND('',#12886,.F.);
#12888=ADVANCED_FACE('',(#12887),#12879,.T.);
#12889=CARTESIAN_POINT('',(1.424991313553E1,1.404800118834E1,-2.86148E0));
#12890=DIRECTION('',(0.E0,1.E0,0.E0));
#12891=DIRECTION('',(1.E0,0.E0,0.E0));
#12892=AXIS2_PLACEMENT_3D('',#12889,#12890,#12891);
#12893=CYLINDRICAL_SURFACE('',#12892,3.5E-1);
#12894=ORIENTED_EDGE('',*,*,#12531,.F.);
#12895=ORIENTED_EDGE('',*,*,#12884,.T.);
#12896=ORIENTED_EDGE('',*,*,#12784,.T.);
#12897=ORIENTED_EDGE('',*,*,#12881,.F.);
#12898=EDGE_LOOP('',(#12894,#12895,#12896,#12897));
#12899=FACE_OUTER_BOUND('',#12898,.F.);
#12900=ADVANCED_FACE('',(#12899),#12893,.T.);
#12901=CARTESIAN_POINT('',(1.224991313553E1,1.404800118834E1,-2.86148E0));
#12902=DIRECTION('',(0.E0,1.E0,0.E0));
#12903=DIRECTION('',(1.E0,0.E0,0.E0));
#12904=AXIS2_PLACEMENT_3D('',#12901,#12902,#12903);
#12905=CYLINDRICAL_SURFACE('',#12904,3.5E-1);
#12906=ORIENTED_EDGE('',*,*,#12535,.F.);
#12908=ORIENTED_EDGE('',*,*,#12907,.T.);
#12909=ORIENTED_EDGE('',*,*,#12794,.T.);
#12911=ORIENTED_EDGE('',*,*,#12910,.F.);
#12912=EDGE_LOOP('',(#12906,#12908,#12909,#12911));
#12913=FACE_OUTER_BOUND('',#12912,.F.);
#12914=ADVANCED_FACE('',(#12913),#12905,.T.);
#12915=CARTESIAN_POINT('',(1.224991313553E1,1.404800118834E1,-2.86148E0));
#12916=DIRECTION('',(0.E0,1.E0,0.E0));
#12917=DIRECTION('',(1.E0,0.E0,0.E0));
#12918=AXIS2_PLACEMENT_3D('',#12915,#12916,#12917);
#12919=CYLINDRICAL_SURFACE('',#12918,3.5E-1);
#12920=ORIENTED_EDGE('',*,*,#12537,.F.);
#12921=ORIENTED_EDGE('',*,*,#12910,.T.);
#12922=ORIENTED_EDGE('',*,*,#12796,.T.);
#12923=ORIENTED_EDGE('',*,*,#12907,.F.);
#12924=EDGE_LOOP('',(#12920,#12921,#12922,#12923));
#12925=FACE_OUTER_BOUND('',#12924,.F.);
#12926=ADVANCED_FACE('',(#12925),#12919,.T.);
#12927=CARTESIAN_POINT('',(2.024991313553E1,1.404800118834E1,-2.86148E0));
#12928=DIRECTION('',(0.E0,1.E0,0.E0));
#12929=DIRECTION('',(1.E0,0.E0,0.E0));
#12930=AXIS2_PLACEMENT_3D('',#12927,#12928,#12929);
#12931=CYLINDRICAL_SURFACE('',#12930,3.5E-1);
#12932=ORIENTED_EDGE('',*,*,#12541,.F.);
#12934=ORIENTED_EDGE('',*,*,#12933,.T.);
#12935=ORIENTED_EDGE('',*,*,#12806,.T.);
#12937=ORIENTED_EDGE('',*,*,#12936,.F.);
#12938=EDGE_LOOP('',(#12932,#12934,#12935,#12937));
#12939=FACE_OUTER_BOUND('',#12938,.F.);
#12940=ADVANCED_FACE('',(#12939),#12931,.T.);
#12941=CARTESIAN_POINT('',(2.024991313553E1,1.404800118834E1,-2.86148E0));
#12942=DIRECTION('',(0.E0,1.E0,0.E0));
#12943=DIRECTION('',(1.E0,0.E0,0.E0));
#12944=AXIS2_PLACEMENT_3D('',#12941,#12942,#12943);
#12945=CYLINDRICAL_SURFACE('',#12944,3.5E-1);
#12946=ORIENTED_EDGE('',*,*,#12543,.F.);
#12947=ORIENTED_EDGE('',*,*,#12936,.T.);
#12948=ORIENTED_EDGE('',*,*,#12808,.T.);
#12949=ORIENTED_EDGE('',*,*,#12933,.F.);
#12950=EDGE_LOOP('',(#12946,#12947,#12948,#12949));
#12951=FACE_OUTER_BOUND('',#12950,.F.);
#12952=ADVANCED_FACE('',(#12951),#12945,.T.);
#12953=CARTESIAN_POINT('',(2.224991313553E1,1.404800118834E1,-2.86148E0));
#12954=DIRECTION('',(0.E0,1.E0,0.E0));
#12955=DIRECTION('',(1.E0,0.E0,0.E0));
#12956=AXIS2_PLACEMENT_3D('',#12953,#12954,#12955);
#12957=CYLINDRICAL_SURFACE('',#12956,3.5E-1);
#12958=ORIENTED_EDGE('',*,*,#12547,.F.);
#12960=ORIENTED_EDGE('',*,*,#12959,.T.);
#12961=ORIENTED_EDGE('',*,*,#12818,.T.);
#12963=ORIENTED_EDGE('',*,*,#12962,.F.);
#12964=EDGE_LOOP('',(#12958,#12960,#12961,#12963));
#12965=FACE_OUTER_BOUND('',#12964,.F.);
#12966=ADVANCED_FACE('',(#12965),#12957,.T.);
#12967=CARTESIAN_POINT('',(2.224991313553E1,1.404800118834E1,-2.86148E0));
#12968=DIRECTION('',(0.E0,1.E0,0.E0));
#12969=DIRECTION('',(1.E0,0.E0,0.E0));
#12970=AXIS2_PLACEMENT_3D('',#12967,#12968,#12969);
#12971=CYLINDRICAL_SURFACE('',#12970,3.5E-1);
#12972=ORIENTED_EDGE('',*,*,#12549,.F.);
#12973=ORIENTED_EDGE('',*,*,#12962,.T.);
#12974=ORIENTED_EDGE('',*,*,#12820,.T.);
#12975=ORIENTED_EDGE('',*,*,#12959,.F.);
#12976=EDGE_LOOP('',(#12972,#12973,#12974,#12975));
#12977=FACE_OUTER_BOUND('',#12976,.F.);
#12978=ADVANCED_FACE('',(#12977),#12971,.T.);
#12979=CARTESIAN_POINT('',(2.424991313553E1,1.404800118834E1,-2.86148E0));
#12980=DIRECTION('',(0.E0,1.E0,0.E0));
#12981=DIRECTION('',(1.E0,0.E0,0.E0));
#12982=AXIS2_PLACEMENT_3D('',#12979,#12980,#12981);
#12983=CYLINDRICAL_SURFACE('',#12982,3.5E-1);
#12984=ORIENTED_EDGE('',*,*,#12553,.F.);
#12986=ORIENTED_EDGE('',*,*,#12985,.T.);
#12987=ORIENTED_EDGE('',*,*,#12830,.T.);
#12989=ORIENTED_EDGE('',*,*,#12988,.F.);
#12990=EDGE_LOOP('',(#12984,#12986,#12987,#12989));
#12991=FACE_OUTER_BOUND('',#12990,.F.);
#12992=ADVANCED_FACE('',(#12991),#12983,.T.);
#12993=CARTESIAN_POINT('',(2.424991313553E1,1.404800118834E1,-2.86148E0));
#12994=DIRECTION('',(0.E0,1.E0,0.E0));
#12995=DIRECTION('',(1.E0,0.E0,0.E0));
#12996=AXIS2_PLACEMENT_3D('',#12993,#12994,#12995);
#12997=CYLINDRICAL_SURFACE('',#12996,3.5E-1);
#12998=ORIENTED_EDGE('',*,*,#12555,.F.);
#12999=ORIENTED_EDGE('',*,*,#12988,.T.);
#13000=ORIENTED_EDGE('',*,*,#12832,.T.);
#13001=ORIENTED_EDGE('',*,*,#12985,.F.);
#13002=EDGE_LOOP('',(#12998,#12999,#13000,#13001));
#13003=FACE_OUTER_BOUND('',#13002,.F.);
#13004=ADVANCED_FACE('',(#13003),#12997,.T.);
#13005=CARTESIAN_POINT('',(2.624991313553E1,1.404800118834E1,-2.86148E0));
#13006=DIRECTION('',(0.E0,1.E0,0.E0));
#13007=DIRECTION('',(1.E0,0.E0,0.E0));
#13008=AXIS2_PLACEMENT_3D('',#13005,#13006,#13007);
#13009=CYLINDRICAL_SURFACE('',#13008,3.5E-1);
#13010=ORIENTED_EDGE('',*,*,#12559,.F.);
#13012=ORIENTED_EDGE('',*,*,#13011,.T.);
#13013=ORIENTED_EDGE('',*,*,#12842,.T.);
#13015=ORIENTED_EDGE('',*,*,#13014,.F.);
#13016=EDGE_LOOP('',(#13010,#13012,#13013,#13015));
#13017=FACE_OUTER_BOUND('',#13016,.F.);
#13018=ADVANCED_FACE('',(#13017),#13009,.T.);
#13019=CARTESIAN_POINT('',(2.624991313553E1,1.404800118834E1,-2.86148E0));
#13020=DIRECTION('',(0.E0,1.E0,0.E0));
#13021=DIRECTION('',(1.E0,0.E0,0.E0));
#13022=AXIS2_PLACEMENT_3D('',#13019,#13020,#13021);
#13023=CYLINDRICAL_SURFACE('',#13022,3.5E-1);
#13024=ORIENTED_EDGE('',*,*,#12561,.F.);
#13025=ORIENTED_EDGE('',*,*,#13014,.T.);
#13026=ORIENTED_EDGE('',*,*,#12844,.T.);
#13027=ORIENTED_EDGE('',*,*,#13011,.F.);
#13028=EDGE_LOOP('',(#13024,#13025,#13026,#13027));
#13029=FACE_OUTER_BOUND('',#13028,.F.);
#13030=ADVANCED_FACE('',(#13029),#13023,.T.);
#13033=FILL_AREA_STYLE_COLOUR('',#28);
#13034=FILL_AREA_STYLE('',(#13033));
#13035=SURFACE_STYLE_FILL_AREA(#13034);
#13036=SURFACE_SIDE_STYLE('',(#13035));
#13037=SURFACE_STYLE_USAGE(.BOTH.,#13036);
#13038=PRESENTATION_STYLE_ASSIGNMENT((#13037));
#11328=STYLED_ITEM('',(#13038),#13032);
#13040=DIMENSIONAL_EXPONENTS(0.E0,0.E0,0.E0,0.E0,0.E0,0.E0,0.E0);
#13042=PLANE_ANGLE_MEASURE_WITH_UNIT(PLANE_ANGLE_MEASURE(1.745329251994E-2),
#13041);
#13043=(CONVERSION_BASED_UNIT('DEGREE',#13042)NAMED_UNIT(*)PLANE_ANGLE_UNIT());
#13045=UNCERTAINTY_MEASURE_WITH_UNIT(LENGTH_MEASURE(3.9E-4),#13039,'closure',
'Maximum model space distance between geometric entities at asserted connectivities');
#13046=(GEOMETRIC_REPRESENTATION_CONTEXT(3)GLOBAL_UNCERTAINTY_ASSIGNED_CONTEXT((
#13045))GLOBAL_UNIT_ASSIGNED_CONTEXT((#13039,#13043,#13044))REPRESENTATION_CONTEXT('ID24','3'));
#13047=CARTESIAN_POINT('',(0.E0,0.E0,0.E0));
#13048=DIRECTION('',(0.E0,0.E0,1.E0));
#13049=DIRECTION('',(1.E0,0.E0,0.E0));
#13052=MECHANICAL_CONTEXT('',#781,'mechanical');
#13053=PRODUCT('8PINX2','8PINX2','NOT SPECIFIED',(#13052));
#13054=PRODUCT_DEFINITION_FORMATION_WITH_SPECIFIED_SOURCE('2','LAST_VERSION',
#13053,.MADE.);
#13060=CARTESIAN_POINT('',(0.E0,0.E0,0.E0));
#13061=DIRECTION('',(0.E0,0.E0,1.E0));
#13062=DIRECTION('',(1.E0,0.E0,0.E0));
#13063=AXIS2_PLACEMENT_3D('',#13060,#13061,#13062);
#13064=ITEM_DEFINED_TRANSFORMATION('','',#13050,#13063);
#13065=(REPRESENTATION_RELATIONSHIP('','',#13051,#11318)REPRESENTATION_RELATIONSHIP_WITH_TRANSFORMATION(#13064)SHAPE_REPRESENTATION_RELATIONSHIP());
#13066=CONTEXT_DEPENDENT_SHAPE_REPRESENTATION(#13065,#13059);
#13068=DIRECTION('',(0.E0,0.E0,1.E0));
#13069=VECTOR('',#13068,1.5E0);
#13070=CARTESIAN_POINT('',(3.61249976E1,1.852499978E1,-4.1148E-1));
#13071=LINE('',#13070,#13069);
#13072=CURVE_STYLE('',#36,POSITIVE_LENGTH_MEASURE(2.E-2),#18);
#13073=PRESENTATION_STYLE_ASSIGNMENT((#13072));
#13074=STYLED_ITEM('',(#13073),#13071);
#13075=CARTESIAN_POINT('',(3.499999858E1,1.852499978E1,-4.1148E-1));
#13076=DIRECTION('',(0.E0,0.E0,-1.E0));
#13077=DIRECTION('',(-1.E0,0.E0,0.E0));
#13078=AXIS2_PLACEMENT_3D('',#13075,#13076,#13077);
#13080=CURVE_STYLE('',#36,POSITIVE_LENGTH_MEASURE(2.E-2),#18);
#13081=PRESENTATION_STYLE_ASSIGNMENT((#13080));
#13082=STYLED_ITEM('',(#13081),#13079);
#13083=CARTESIAN_POINT('',(3.499999858E1,1.852499978E1,-4.1148E-1));
#13084=DIRECTION('',(0.E0,0.E0,-1.E0));
#13085=DIRECTION('',(1.E0,0.E0,0.E0));
#13086=AXIS2_PLACEMENT_3D('',#13083,#13084,#13085);
#13088=CURVE_STYLE('',#36,POSITIVE_LENGTH_MEASURE(2.E-2),#18);
#13089=PRESENTATION_STYLE_ASSIGNMENT((#13088));
#13090=STYLED_ITEM('',(#13089),#13087);
#13091=CARTESIAN_POINT('',(3.499999858E1,1.852499978E1,-4.1148E-1));
#13092=DIRECTION('',(0.E0,0.E0,-1.E0));
#13093=DIRECTION('',(-1.E0,0.E0,0.E0));
#13094=AXIS2_PLACEMENT_3D('',#13091,#13092,#13093);
#13096=CURVE_STYLE('',#36,POSITIVE_LENGTH_MEASURE(2.E-2),#18);
#13097=PRESENTATION_STYLE_ASSIGNMENT((#13096));
#13098=STYLED_ITEM('',(#13097),#13095);
#13099=CARTESIAN_POINT('',(3.499999858E1,1.852499978E1,-4.1148E-1));
#13100=DIRECTION('',(0.E0,0.E0,-1.E0));
#13101=DIRECTION('',(1.E0,0.E0,0.E0));
#13102=AXIS2_PLACEMENT_3D('',#13099,#13100,#13101);
#13104=CURVE_STYLE('',#36,POSITIVE_LENGTH_MEASURE(2.E-2),#18);
#13105=PRESENTATION_STYLE_ASSIGNMENT((#13104));
#13106=STYLED_ITEM('',(#13105),#13103);
#13107=DIRECTION('',(0.E0,0.E0,-1.E0));
#13108=VECTOR('',#13107,2.5E0);
#13109=CARTESIAN_POINT('',(3.324999858E1,1.852499978E1,-4.1148E-1));
#13110=LINE('',#13109,#13108);
#13111=CURVE_STYLE('',#36,POSITIVE_LENGTH_MEASURE(2.E-2),#18);
#13112=PRESENTATION_STYLE_ASSIGNMENT((#13111));
#13113=STYLED_ITEM('',(#13112),#13110);
#13114=DIRECTION('',(0.E0,0.E0,-1.E0));
#13115=VECTOR('',#13114,2.5E0);
#13116=CARTESIAN_POINT('',(3.674999858E1,1.852499978E1,-4.1148E-1));
#13117=LINE('',#13116,#13115);
#13118=CURVE_STYLE('',#36,POSITIVE_LENGTH_MEASURE(2.E-2),#18);
#13119=PRESENTATION_STYLE_ASSIGNMENT((#13118));
#13120=STYLED_ITEM('',(#13119),#13117);
#13121=CARTESIAN_POINT('',(3.499999858E1,1.852499978E1,-2.91148E0));
#13122=DIRECTION('',(0.E0,0.E0,-1.E0));
#13123=DIRECTION('',(-1.E0,0.E0,0.E0));
#13124=AXIS2_PLACEMENT_3D('',#13121,#13122,#13123);
#13126=CURVE_STYLE('',#36,POSITIVE_LENGTH_MEASURE(2.E-2),#18);
#13127=PRESENTATION_STYLE_ASSIGNMENT((#13126));
#13128=STYLED_ITEM('',(#13127),#13125);
#13129=CARTESIAN_POINT('',(3.499999858E1,1.852499978E1,-2.91148E0));
#13130=DIRECTION('',(0.E0,0.E0,-1.E0));
#13131=DIRECTION('',(1.E0,0.E0,0.E0));
#13132=AXIS2_PLACEMENT_3D('',#13129,#13130,#13131);
#13134=CURVE_STYLE('',#36,POSITIVE_LENGTH_MEASURE(2.E-2),#18);
#13135=PRESENTATION_STYLE_ASSIGNMENT((#13134));
#13136=STYLED_ITEM('',(#13135),#13133);
#13137=CARTESIAN_POINT('',(3.499999858E1,1.852499978E1,-2.91148E0));
#13138=DIRECTION('',(0.E0,0.E0,1.E0));
#13139=DIRECTION('',(-1.E0,0.E0,0.E0));
#13140=AXIS2_PLACEMENT_3D('',#13137,#13138,#13139);
#13142=CURVE_STYLE('',#36,POSITIVE_LENGTH_MEASURE(2.E-2),#18);
#13143=PRESENTATION_STYLE_ASSIGNMENT((#13142));
#13144=STYLED_ITEM('',(#13143),#13141);
#13145=CARTESIAN_POINT('',(3.499999858E1,1.852499978E1,-2.91148E0));
#13146=DIRECTION('',(0.E0,0.E0,1.E0));
#13147=DIRECTION('',(1.E0,0.E0,0.E0));
#13148=AXIS2_PLACEMENT_3D('',#13145,#13146,#13147);
#13150=CURVE_STYLE('',#36,POSITIVE_LENGTH_MEASURE(2.E-2),#18);
#13151=PRESENTATION_STYLE_ASSIGNMENT((#13150));
#13152=STYLED_ITEM('',(#13151),#13149);
#13153=CARTESIAN_POINT('',(3.499999858E1,1.852499978E1,-4.1148E-1));
#13154=DIRECTION('',(0.E0,0.E0,-1.E0));
#13155=DIRECTION('',(1.E0,0.E0,0.E0));
#13156=AXIS2_PLACEMENT_3D('',#13153,#13154,#13155);
#13158=CURVE_STYLE('',#36,POSITIVE_LENGTH_MEASURE(2.E-2),#18);
#13159=PRESENTATION_STYLE_ASSIGNMENT((#13158));
#13160=STYLED_ITEM('',(#13159),#13157);
#13161=DIRECTION('',(0.E0,0.E0,-1.E0));
#13162=VECTOR('',#13161,2.5E0);
#13163=CARTESIAN_POINT('',(3.414999858E1,1.852499978E1,-4.1148E-1));
#13164=LINE('',#13163,#13162);
#13165=CURVE_STYLE('',#36,POSITIVE_LENGTH_MEASURE(2.E-2),#18);
#13166=PRESENTATION_STYLE_ASSIGNMENT((#13165));
#13167=STYLED_ITEM('',(#13166),#13164);
#13168=CARTESIAN_POINT('',(3.499999858E1,1.852499978E1,-4.1148E-1));
#13169=DIRECTION('',(0.E0,0.E0,-1.E0));
#13170=DIRECTION('',(-1.E0,0.E0,0.E0));
#13171=AXIS2_PLACEMENT_3D('',#13168,#13169,#13170);
#13173=CURVE_STYLE('',#36,POSITIVE_LENGTH_MEASURE(2.E-2),#18);
#13174=PRESENTATION_STYLE_ASSIGNMENT((#13173));
#13175=STYLED_ITEM('',(#13174),#13172);
#13176=DIRECTION('',(0.E0,0.E0,-1.E0));
#13177=VECTOR('',#13176,2.5E0);
#13178=CARTESIAN_POINT('',(3.584999858E1,1.852499978E1,-4.1148E-1));
#13179=LINE('',#13178,#13177);
#13180=CURVE_STYLE('',#36,POSITIVE_LENGTH_MEASURE(2.E-2),#18);
#13181=PRESENTATION_STYLE_ASSIGNMENT((#13180));
#13182=STYLED_ITEM('',(#13181),#13179);
#13183=DIRECTION('',(0.E0,0.E0,1.E0));
#13184=VECTOR('',#13183,1.5E0);
#13185=CARTESIAN_POINT('',(3.387499956E1,1.852499978E1,-4.1148E-1));
#13186=LINE('',#13185,#13184);
#13187=CURVE_STYLE('',#36,POSITIVE_LENGTH_MEASURE(2.E-2),#18);
#13188=PRESENTATION_STYLE_ASSIGNMENT((#13187));
#13189=STYLED_ITEM('',(#13188),#13186);
#13190=CARTESIAN_POINT('',(3.499999858E1,1.852499978E1,1.08852E0));
#13191=DIRECTION('',(0.E0,0.E0,-1.E0));
#13192=DIRECTION('',(-1.E0,0.E0,0.E0));
#13193=AXIS2_PLACEMENT_3D('',#13190,#13191,#13192);
#13195=CURVE_STYLE('',#36,POSITIVE_LENGTH_MEASURE(2.E-2),#18);
#13196=PRESENTATION_STYLE_ASSIGNMENT((#13195));
#13197=STYLED_ITEM('',(#13196),#13194);
#13198=CARTESIAN_POINT('',(3.499999858E1,1.852499978E1,1.08852E0));
#13199=DIRECTION('',(0.E0,0.E0,-1.E0));
#13200=DIRECTION('',(1.E0,0.E0,0.E0));
#13201=AXIS2_PLACEMENT_3D('',#13198,#13199,#13200);
#13203=CURVE_STYLE('',#36,POSITIVE_LENGTH_MEASURE(2.E-2),#18);
#13204=PRESENTATION_STYLE_ASSIGNMENT((#13203));
#13205=STYLED_ITEM('',(#13204),#13202);
#13206=CARTESIAN_POINT('',(3.324999858E1,1.852499978E1,-4.1148E-1));
#13207=CARTESIAN_POINT('',(3.674999858E1,1.852499978E1,-4.1148E-1));
#13208=VERTEX_POINT('',#13206);
#13209=VERTEX_POINT('',#13207);
#13210=CARTESIAN_POINT('',(3.324999858E1,1.852499978E1,-2.91148E0));
#13211=CARTESIAN_POINT('',(3.674999858E1,1.852499978E1,-2.91148E0));
#13212=VERTEX_POINT('',#13210);
#13213=VERTEX_POINT('',#13211);
#13214=CARTESIAN_POINT('',(3.414999858E1,1.852499978E1,-2.91148E0));
#13215=CARTESIAN_POINT('',(3.584999858E1,1.852499978E1,-2.91148E0));
#13216=VERTEX_POINT('',#13214);
#13217=VERTEX_POINT('',#13215);
#13218=CARTESIAN_POINT('',(3.387499956E1,1.852499978E1,1.08852E0));
#13219=CARTESIAN_POINT('',(3.61249976E1,1.852499978E1,1.08852E0));
#13220=VERTEX_POINT('',#13218);
#13221=VERTEX_POINT('',#13219);
#13222=CARTESIAN_POINT('',(3.387499956E1,1.852499978E1,-4.1148E-1));
#13223=CARTESIAN_POINT('',(3.61249976E1,1.852499978E1,-4.1148E-1));
#13224=VERTEX_POINT('',#13222);
#13225=VERTEX_POINT('',#13223);
#13226=CARTESIAN_POINT('',(3.584999858E1,1.852499978E1,-4.1148E-1));
#13227=CARTESIAN_POINT('',(3.414999858E1,1.852499978E1,-4.1148E-1));
#13228=VERTEX_POINT('',#13226);
#13229=VERTEX_POINT('',#13227);
#13230=CARTESIAN_POINT('',(3.499999858E1,1.852499978E1,-4.1148E-1));
#13231=DIRECTION('',(0.E0,0.E0,-1.E0));
#13232=DIRECTION('',(-1.E0,0.E0,0.E0));
#13233=AXIS2_PLACEMENT_3D('',#13230,#13231,#13232);
#13234=CYLINDRICAL_SURFACE('',#13233,1.12499902E0);
#13236=ORIENTED_EDGE('',*,*,#13235,.T.);
#13238=ORIENTED_EDGE('',*,*,#13237,.T.);
#13240=ORIENTED_EDGE('',*,*,#13239,.F.);
#13242=ORIENTED_EDGE('',*,*,#13241,.F.);
#13243=EDGE_LOOP('',(#13236,#13238,#13240,#13242));
#13244=FACE_OUTER_BOUND('',#13243,.F.);
#13245=ADVANCED_FACE('',(#13244),#13234,.T.);
#13246=CARTESIAN_POINT('',(0.E0,0.E0,-4.1148E-1));
#13247=DIRECTION('',(0.E0,0.E0,-1.E0));
#13248=DIRECTION('',(-1.E0,0.E0,0.E0));
#13249=AXIS2_PLACEMENT_3D('',#13246,#13247,#13248);
#13250=PLANE('',#13249);
#13252=ORIENTED_EDGE('',*,*,#13251,.T.);
#13254=ORIENTED_EDGE('',*,*,#13253,.T.);
#13255=EDGE_LOOP('',(#13252,#13254));
#13256=FACE_OUTER_BOUND('',#13255,.F.);
#13258=ORIENTED_EDGE('',*,*,#13257,.F.);
#13259=ORIENTED_EDGE('',*,*,#13235,.F.);
#13260=EDGE_LOOP('',(#13258,#13259));
#13261=FACE_BOUND('',#13260,.F.);
#13262=ADVANCED_FACE('',(#13256,#13261),#13250,.F.);
#13263=CARTESIAN_POINT('',(3.499999858E1,1.852499978E1,-4.1148E-1));
#13264=DIRECTION('',(0.E0,0.E0,-1.E0));
#13265=DIRECTION('',(-1.E0,0.E0,0.E0));
#13266=AXIS2_PLACEMENT_3D('',#13263,#13264,#13265);
#13267=CYLINDRICAL_SURFACE('',#13266,1.75E0);
#13268=ORIENTED_EDGE('',*,*,#13251,.F.);
#13270=ORIENTED_EDGE('',*,*,#13269,.T.);
#13272=ORIENTED_EDGE('',*,*,#13271,.T.);
#13274=ORIENTED_EDGE('',*,*,#13273,.F.);
#13275=EDGE_LOOP('',(#13268,#13270,#13272,#13274));
#13276=FACE_OUTER_BOUND('',#13275,.F.);
#13277=ADVANCED_FACE('',(#13276),#13267,.T.);
#13278=CARTESIAN_POINT('',(3.499999858E1,1.852499978E1,-4.1148E-1));
#13279=DIRECTION('',(0.E0,0.E0,-1.E0));
#13280=DIRECTION('',(-1.E0,0.E0,0.E0));
#13281=AXIS2_PLACEMENT_3D('',#13278,#13279,#13280);
#13282=CYLINDRICAL_SURFACE('',#13281,1.75E0);
#13283=ORIENTED_EDGE('',*,*,#13253,.F.);
#13284=ORIENTED_EDGE('',*,*,#13273,.T.);
#13286=ORIENTED_EDGE('',*,*,#13285,.T.);
#13287=ORIENTED_EDGE('',*,*,#13269,.F.);
#13288=EDGE_LOOP('',(#13283,#13284,#13286,#13287));
#13289=FACE_OUTER_BOUND('',#13288,.F.);
#13290=ADVANCED_FACE('',(#13289),#13282,.T.);
#13291=CARTESIAN_POINT('',(0.E0,0.E0,-2.91148E0));
#13292=DIRECTION('',(0.E0,0.E0,-1.E0));
#13293=DIRECTION('',(-1.E0,0.E0,0.E0));
#13294=AXIS2_PLACEMENT_3D('',#13291,#13292,#13293);
#13295=PLANE('',#13294);
#13296=ORIENTED_EDGE('',*,*,#13271,.F.);
#13297=ORIENTED_EDGE('',*,*,#13285,.F.);
#13298=EDGE_LOOP('',(#13296,#13297));
#13299=FACE_OUTER_BOUND('',#13298,.F.);
#13301=ORIENTED_EDGE('',*,*,#13300,.F.);
#13303=ORIENTED_EDGE('',*,*,#13302,.F.);
#13304=EDGE_LOOP('',(#13301,#13303));
#13305=FACE_BOUND('',#13304,.F.);
#13306=ADVANCED_FACE('',(#13299,#13305),#13295,.T.);
#13307=CARTESIAN_POINT('',(3.499999858E1,1.852499978E1,-4.1148E-1));
#13308=DIRECTION('',(0.E0,0.E0,-1.E0));
#13309=DIRECTION('',(-1.E0,0.E0,0.E0));
#13310=AXIS2_PLACEMENT_3D('',#13307,#13308,#13309);
#13311=CYLINDRICAL_SURFACE('',#13310,8.5E-1);
#13313=ORIENTED_EDGE('',*,*,#13312,.T.);
#13315=ORIENTED_EDGE('',*,*,#13314,.T.);
#13316=ORIENTED_EDGE('',*,*,#13300,.T.);
#13318=ORIENTED_EDGE('',*,*,#13317,.F.);
#13319=EDGE_LOOP('',(#13313,#13315,#13316,#13318));
#13320=FACE_OUTER_BOUND('',#13319,.F.);
#13321=ADVANCED_FACE('',(#13320),#13311,.F.);
#13322=CARTESIAN_POINT('',(0.E0,0.E0,-4.1148E-1));
#13323=DIRECTION('',(0.E0,0.E0,-1.E0));
#13324=DIRECTION('',(-1.E0,0.E0,0.E0));
#13325=AXIS2_PLACEMENT_3D('',#13322,#13323,#13324);
#13326=PLANE('',#13325);
#13327=ORIENTED_EDGE('',*,*,#13312,.F.);
#13329=ORIENTED_EDGE('',*,*,#13328,.F.);
#13330=EDGE_LOOP('',(#13327,#13329));
#13331=FACE_OUTER_BOUND('',#13330,.F.);
#13332=ADVANCED_FACE('',(#13331),#13326,.T.);
#13333=CARTESIAN_POINT('',(3.499999858E1,1.852499978E1,-4.1148E-1));
#13334=DIRECTION('',(0.E0,0.E0,-1.E0));
#13335=DIRECTION('',(-1.E0,0.E0,0.E0));
#13336=AXIS2_PLACEMENT_3D('',#13333,#13334,#13335);
#13337=CYLINDRICAL_SURFACE('',#13336,8.5E-1);
#13338=ORIENTED_EDGE('',*,*,#13328,.T.);
#13339=ORIENTED_EDGE('',*,*,#13317,.T.);
#13340=ORIENTED_EDGE('',*,*,#13302,.T.);
#13341=ORIENTED_EDGE('',*,*,#13314,.F.);
#13342=EDGE_LOOP('',(#13338,#13339,#13340,#13341));
#13343=FACE_OUTER_BOUND('',#13342,.F.);
#13344=ADVANCED_FACE('',(#13343),#13337,.F.);
#13345=CARTESIAN_POINT('',(3.499999858E1,1.852499978E1,-4.1148E-1));
#13346=DIRECTION('',(0.E0,0.E0,-1.E0));
#13347=DIRECTION('',(-1.E0,0.E0,0.E0));
#13348=AXIS2_PLACEMENT_3D('',#13345,#13346,#13347);
#13349=CYLINDRICAL_SURFACE('',#13348,1.12499902E0);
#13350=ORIENTED_EDGE('',*,*,#13257,.T.);
#13351=ORIENTED_EDGE('',*,*,#13241,.T.);
#13353=ORIENTED_EDGE('',*,*,#13352,.F.);
#13354=ORIENTED_EDGE('',*,*,#13237,.F.);
#13355=EDGE_LOOP('',(#13350,#13351,#13353,#13354));
#13356=FACE_OUTER_BOUND('',#13355,.F.);
#13357=ADVANCED_FACE('',(#13356),#13349,.T.);
#13358=CARTESIAN_POINT('',(0.E0,0.E0,1.08852E0));
#13359=DIRECTION('',(0.E0,0.E0,-1.E0));
#13360=DIRECTION('',(-1.E0,0.E0,0.E0));
#13361=AXIS2_PLACEMENT_3D('',#13358,#13359,#13360);
#13362=PLANE('',#13361);
#13363=ORIENTED_EDGE('',*,*,#13352,.T.);
#13364=ORIENTED_EDGE('',*,*,#13239,.T.);
#13365=EDGE_LOOP('',(#13363,#13364));
#13366=FACE_OUTER_BOUND('',#13365,.F.);
#13367=ADVANCED_FACE('',(#13366),#13362,.F.);
#13370=FILL_AREA_STYLE_COLOUR('',#18);
#13371=FILL_AREA_STYLE('',(#13370));
#13372=SURFACE_STYLE_FILL_AREA(#13371);
#13373=SURFACE_SIDE_STYLE('',(#13372));
#13374=SURFACE_STYLE_USAGE(.BOTH.,#13373);
#13375=PRESENTATION_STYLE_ASSIGNMENT((#13374));
#13067=STYLED_ITEM('',(#13375),#13369);
#13377=DIRECTION('',(0.E0,0.E0,1.E0));
#13378=VECTOR('',#13377,1.5E0);
#13379=CARTESIAN_POINT('',(4.6249971E0,1.852499978E1,-4.1148E-1));
#13380=LINE('',#13379,#13378);
#13381=CURVE_STYLE('',#36,POSITIVE_LENGTH_MEASURE(2.E-2),#18);
#13382=PRESENTATION_STYLE_ASSIGNMENT((#13381));
#13383=STYLED_ITEM('',(#13382),#13380);
#13384=CARTESIAN_POINT('',(3.49999808E0,1.852499978E1,-4.1148E-1));
#13385=DIRECTION('',(0.E0,0.E0,-1.E0));
#13386=DIRECTION('',(-1.E0,0.E0,0.E0));
#13387=AXIS2_PLACEMENT_3D('',#13384,#13385,#13386);
#13389=CURVE_STYLE('',#36,POSITIVE_LENGTH_MEASURE(2.E-2),#18);
#13390=PRESENTATION_STYLE_ASSIGNMENT((#13389));
#13391=STYLED_ITEM('',(#13390),#13388);
#13392=CARTESIAN_POINT('',(3.49999808E0,1.852499978E1,-4.1148E-1));
#13393=DIRECTION('',(0.E0,0.E0,-1.E0));
#13394=DIRECTION('',(1.E0,0.E0,0.E0));
#13395=AXIS2_PLACEMENT_3D('',#13392,#13393,#13394);
#13397=CURVE_STYLE('',#36,POSITIVE_LENGTH_MEASURE(2.E-2),#18);
#13398=PRESENTATION_STYLE_ASSIGNMENT((#13397));
#13399=STYLED_ITEM('',(#13398),#13396);
#13400=CARTESIAN_POINT('',(3.49999808E0,1.852499978E1,-4.1148E-1));
#13401=DIRECTION('',(0.E0,0.E0,-1.E0));
#13402=DIRECTION('',(-1.E0,0.E0,0.E0));
#13403=AXIS2_PLACEMENT_3D('',#13400,#13401,#13402);
#13405=CURVE_STYLE('',#36,POSITIVE_LENGTH_MEASURE(2.E-2),#18);
#13406=PRESENTATION_STYLE_ASSIGNMENT((#13405));
#13407=STYLED_ITEM('',(#13406),#13404);
#13408=CARTESIAN_POINT('',(3.49999808E0,1.852499978E1,-4.1148E-1));
#13409=DIRECTION('',(0.E0,0.E0,-1.E0));
#13410=DIRECTION('',(1.E0,0.E0,0.E0));
#13411=AXIS2_PLACEMENT_3D('',#13408,#13409,#13410);
#13413=CURVE_STYLE('',#36,POSITIVE_LENGTH_MEASURE(2.E-2),#18);
#13414=PRESENTATION_STYLE_ASSIGNMENT((#13413));
#13415=STYLED_ITEM('',(#13414),#13412);
#13416=DIRECTION('',(0.E0,0.E0,-1.E0));
#13417=VECTOR('',#13416,2.5E0);
#13418=CARTESIAN_POINT('',(1.74999808E0,1.852499978E1,-4.1148E-1));
#13419=LINE('',#13418,#13417);
#13420=CURVE_STYLE('',#36,POSITIVE_LENGTH_MEASURE(2.E-2),#18);
#13421=PRESENTATION_STYLE_ASSIGNMENT((#13420));
#13422=STYLED_ITEM('',(#13421),#13419);
#13423=DIRECTION('',(0.E0,0.E0,-1.E0));
#13424=VECTOR('',#13423,2.5E0);
#13425=CARTESIAN_POINT('',(5.24999808E0,1.852499978E1,-4.1148E-1));
#13426=LINE('',#13425,#13424);
#13427=CURVE_STYLE('',#36,POSITIVE_LENGTH_MEASURE(2.E-2),#18);
#13428=PRESENTATION_STYLE_ASSIGNMENT((#13427));
#13429=STYLED_ITEM('',(#13428),#13426);
#13430=CARTESIAN_POINT('',(3.49999808E0,1.852499978E1,-2.91148E0));
#13431=DIRECTION('',(0.E0,0.E0,-1.E0));
#13432=DIRECTION('',(-1.E0,0.E0,0.E0));
#13433=AXIS2_PLACEMENT_3D('',#13430,#13431,#13432);
#13435=CURVE_STYLE('',#36,POSITIVE_LENGTH_MEASURE(2.E-2),#18);
#13436=PRESENTATION_STYLE_ASSIGNMENT((#13435));
#13437=STYLED_ITEM('',(#13436),#13434);
#13438=CARTESIAN_POINT('',(3.49999808E0,1.852499978E1,-2.91148E0));
#13439=DIRECTION('',(0.E0,0.E0,-1.E0));
#13440=DIRECTION('',(1.E0,0.E0,0.E0));
#13441=AXIS2_PLACEMENT_3D('',#13438,#13439,#13440);
#13443=CURVE_STYLE('',#36,POSITIVE_LENGTH_MEASURE(2.E-2),#18);
#13444=PRESENTATION_STYLE_ASSIGNMENT((#13443));
#13445=STYLED_ITEM('',(#13444),#13442);
#13446=CARTESIAN_POINT('',(3.49999808E0,1.852499978E1,-2.91148E0));
#13447=DIRECTION('',(0.E0,0.E0,1.E0));
#13448=DIRECTION('',(-1.E0,0.E0,0.E0));
#13449=AXIS2_PLACEMENT_3D('',#13446,#13447,#13448);
#13451=CURVE_STYLE('',#36,POSITIVE_LENGTH_MEASURE(2.E-2),#18);
#13452=PRESENTATION_STYLE_ASSIGNMENT((#13451));
#13453=STYLED_ITEM('',(#13452),#13450);
#13454=CARTESIAN_POINT('',(3.49999808E0,1.852499978E1,-2.91148E0));
#13455=DIRECTION('',(0.E0,0.E0,1.E0));
#13456=DIRECTION('',(1.E0,0.E0,0.E0));
#13457=AXIS2_PLACEMENT_3D('',#13454,#13455,#13456);
#13459=CURVE_STYLE('',#36,POSITIVE_LENGTH_MEASURE(2.E-2),#18);
#13460=PRESENTATION_STYLE_ASSIGNMENT((#13459));
#13461=STYLED_ITEM('',(#13460),#13458);
#13462=CARTESIAN_POINT('',(3.49999808E0,1.852499978E1,-4.1148E-1));
#13463=DIRECTION('',(0.E0,0.E0,-1.E0));
#13464=DIRECTION('',(1.E0,0.E0,0.E0));
#13465=AXIS2_PLACEMENT_3D('',#13462,#13463,#13464);
#13467=CURVE_STYLE('',#36,POSITIVE_LENGTH_MEASURE(2.E-2),#18);
#13468=PRESENTATION_STYLE_ASSIGNMENT((#13467));
#13469=STYLED_ITEM('',(#13468),#13466);
#13470=DIRECTION('',(0.E0,0.E0,-1.E0));
#13471=VECTOR('',#13470,2.5E0);
#13472=CARTESIAN_POINT('',(2.64999808E0,1.852499978E1,-4.1148E-1));
#13473=LINE('',#13472,#13471);
#13474=CURVE_STYLE('',#36,POSITIVE_LENGTH_MEASURE(2.E-2),#18);
#13475=PRESENTATION_STYLE_ASSIGNMENT((#13474));
#13476=STYLED_ITEM('',(#13475),#13473);
#13477=CARTESIAN_POINT('',(3.49999808E0,1.852499978E1,-4.1148E-1));
#13478=DIRECTION('',(0.E0,0.E0,-1.E0));
#13479=DIRECTION('',(-1.E0,0.E0,0.E0));
#13480=AXIS2_PLACEMENT_3D('',#13477,#13478,#13479);
#13482=CURVE_STYLE('',#36,POSITIVE_LENGTH_MEASURE(2.E-2),#18);
#13483=PRESENTATION_STYLE_ASSIGNMENT((#13482));
#13484=STYLED_ITEM('',(#13483),#13481);
#13485=DIRECTION('',(0.E0,0.E0,-1.E0));
#13486=VECTOR('',#13485,2.5E0);
#13487=CARTESIAN_POINT('',(4.34999808E0,1.852499978E1,-4.1148E-1));
#13488=LINE('',#13487,#13486);
#13489=CURVE_STYLE('',#36,POSITIVE_LENGTH_MEASURE(2.E-2),#18);
#13490=PRESENTATION_STYLE_ASSIGNMENT((#13489));
#13491=STYLED_ITEM('',(#13490),#13488);
#13492=DIRECTION('',(0.E0,0.E0,1.E0));
#13493=VECTOR('',#13492,1.5E0);
#13494=CARTESIAN_POINT('',(2.37499906E0,1.852499978E1,-4.1148E-1));
#13495=LINE('',#13494,#13493);
#13496=CURVE_STYLE('',#36,POSITIVE_LENGTH_MEASURE(2.E-2),#18);
#13497=PRESENTATION_STYLE_ASSIGNMENT((#13496));
#13498=STYLED_ITEM('',(#13497),#13495);
#13499=CARTESIAN_POINT('',(3.49999808E0,1.852499978E1,1.08852E0));
#13500=DIRECTION('',(0.E0,0.E0,-1.E0));
#13501=DIRECTION('',(-1.E0,0.E0,0.E0));
#13502=AXIS2_PLACEMENT_3D('',#13499,#13500,#13501);
#13504=CURVE_STYLE('',#36,POSITIVE_LENGTH_MEASURE(2.E-2),#18);
#13505=PRESENTATION_STYLE_ASSIGNMENT((#13504));
#13506=STYLED_ITEM('',(#13505),#13503);
#13507=CARTESIAN_POINT('',(3.49999808E0,1.852499978E1,1.08852E0));
#13508=DIRECTION('',(0.E0,0.E0,-1.E0));
#13509=DIRECTION('',(1.E0,0.E0,0.E0));
#13510=AXIS2_PLACEMENT_3D('',#13507,#13508,#13509);
#13512=CURVE_STYLE('',#36,POSITIVE_LENGTH_MEASURE(2.E-2),#18);
#13513=PRESENTATION_STYLE_ASSIGNMENT((#13512));
#13514=STYLED_ITEM('',(#13513),#13511);
#13515=CARTESIAN_POINT('',(1.74999808E0,1.852499978E1,-4.1148E-1));
#13516=CARTESIAN_POINT('',(5.24999808E0,1.852499978E1,-4.1148E-1));
#13517=VERTEX_POINT('',#13515);
#13518=VERTEX_POINT('',#13516);
#13519=CARTESIAN_POINT('',(1.74999808E0,1.852499978E1,-2.91148E0));
#13520=CARTESIAN_POINT('',(5.24999808E0,1.852499978E1,-2.91148E0));
#13521=VERTEX_POINT('',#13519);
#13522=VERTEX_POINT('',#13520);
#13523=CARTESIAN_POINT('',(2.64999808E0,1.852499978E1,-2.91148E0));
#13524=CARTESIAN_POINT('',(4.34999808E0,1.852499978E1,-2.91148E0));
#13525=VERTEX_POINT('',#13523);
#13526=VERTEX_POINT('',#13524);
#13527=CARTESIAN_POINT('',(2.37499906E0,1.852499978E1,1.08852E0));
#13528=CARTESIAN_POINT('',(4.6249971E0,1.852499978E1,1.08852E0));
#13529=VERTEX_POINT('',#13527);
#13530=VERTEX_POINT('',#13528);
#13531=CARTESIAN_POINT('',(2.37499906E0,1.852499978E1,-4.1148E-1));
#13532=CARTESIAN_POINT('',(4.6249971E0,1.852499978E1,-4.1148E-1));
#13533=VERTEX_POINT('',#13531);
#13534=VERTEX_POINT('',#13532);
#13535=CARTESIAN_POINT('',(4.34999808E0,1.852499978E1,-4.1148E-1));
#13536=CARTESIAN_POINT('',(2.64999808E0,1.852499978E1,-4.1148E-1));
#13537=VERTEX_POINT('',#13535);
#13538=VERTEX_POINT('',#13536);
#13539=CARTESIAN_POINT('',(3.49999808E0,1.852499978E1,-4.1148E-1));
#13540=DIRECTION('',(0.E0,0.E0,-1.E0));
#13541=DIRECTION('',(-1.E0,0.E0,0.E0));
#13542=AXIS2_PLACEMENT_3D('',#13539,#13540,#13541);
#13543=CYLINDRICAL_SURFACE('',#13542,1.12499902E0);
#13545=ORIENTED_EDGE('',*,*,#13544,.T.);
#13547=ORIENTED_EDGE('',*,*,#13546,.T.);
#13549=ORIENTED_EDGE('',*,*,#13548,.F.);
#13551=ORIENTED_EDGE('',*,*,#13550,.F.);
#13552=EDGE_LOOP('',(#13545,#13547,#13549,#13551));
#13553=FACE_OUTER_BOUND('',#13552,.F.);
#13554=ADVANCED_FACE('',(#13553),#13543,.T.);
#13555=CARTESIAN_POINT('',(0.E0,0.E0,-4.1148E-1));
#13556=DIRECTION('',(0.E0,0.E0,-1.E0));
#13557=DIRECTION('',(-1.E0,0.E0,0.E0));
#13558=AXIS2_PLACEMENT_3D('',#13555,#13556,#13557);
#13559=PLANE('',#13558);
#13561=ORIENTED_EDGE('',*,*,#13560,.T.);
#13563=ORIENTED_EDGE('',*,*,#13562,.T.);
#13564=EDGE_LOOP('',(#13561,#13563));
#13565=FACE_OUTER_BOUND('',#13564,.F.);
#13567=ORIENTED_EDGE('',*,*,#13566,.F.);
#13568=ORIENTED_EDGE('',*,*,#13544,.F.);
#13569=EDGE_LOOP('',(#13567,#13568));
#13570=FACE_BOUND('',#13569,.F.);
#13571=ADVANCED_FACE('',(#13565,#13570),#13559,.F.);
#13572=CARTESIAN_POINT('',(3.49999808E0,1.852499978E1,-4.1148E-1));
#13573=DIRECTION('',(0.E0,0.E0,-1.E0));
#13574=DIRECTION('',(-1.E0,0.E0,0.E0));
#13575=AXIS2_PLACEMENT_3D('',#13572,#13573,#13574);
#13576=CYLINDRICAL_SURFACE('',#13575,1.75E0);
#13577=ORIENTED_EDGE('',*,*,#13560,.F.);
#13579=ORIENTED_EDGE('',*,*,#13578,.T.);
#13581=ORIENTED_EDGE('',*,*,#13580,.T.);
#13583=ORIENTED_EDGE('',*,*,#13582,.F.);
#13584=EDGE_LOOP('',(#13577,#13579,#13581,#13583));
#13585=FACE_OUTER_BOUND('',#13584,.F.);
#13586=ADVANCED_FACE('',(#13585),#13576,.T.);
#13587=CARTESIAN_POINT('',(3.49999808E0,1.852499978E1,-4.1148E-1));
#13588=DIRECTION('',(0.E0,0.E0,-1.E0));
#13589=DIRECTION('',(-1.E0,0.E0,0.E0));
#13590=AXIS2_PLACEMENT_3D('',#13587,#13588,#13589);
#13591=CYLINDRICAL_SURFACE('',#13590,1.75E0);
#13592=ORIENTED_EDGE('',*,*,#13562,.F.);
#13593=ORIENTED_EDGE('',*,*,#13582,.T.);
#13595=ORIENTED_EDGE('',*,*,#13594,.T.);
#13596=ORIENTED_EDGE('',*,*,#13578,.F.);
#13597=EDGE_LOOP('',(#13592,#13593,#13595,#13596));
#13598=FACE_OUTER_BOUND('',#13597,.F.);
#13599=ADVANCED_FACE('',(#13598),#13591,.T.);
#13600=CARTESIAN_POINT('',(0.E0,0.E0,-2.91148E0));
#13601=DIRECTION('',(0.E0,0.E0,-1.E0));
#13602=DIRECTION('',(-1.E0,0.E0,0.E0));
#13603=AXIS2_PLACEMENT_3D('',#13600,#13601,#13602);
#13604=PLANE('',#13603);
#13605=ORIENTED_EDGE('',*,*,#13580,.F.);
#13606=ORIENTED_EDGE('',*,*,#13594,.F.);
#13607=EDGE_LOOP('',(#13605,#13606));
#13608=FACE_OUTER_BOUND('',#13607,.F.);
#13610=ORIENTED_EDGE('',*,*,#13609,.F.);
#13612=ORIENTED_EDGE('',*,*,#13611,.F.);
#13613=EDGE_LOOP('',(#13610,#13612));
#13614=FACE_BOUND('',#13613,.F.);
#13615=ADVANCED_FACE('',(#13608,#13614),#13604,.T.);
#13616=CARTESIAN_POINT('',(3.49999808E0,1.852499978E1,-4.1148E-1));
#13617=DIRECTION('',(0.E0,0.E0,-1.E0));
#13618=DIRECTION('',(-1.E0,0.E0,0.E0));
#13619=AXIS2_PLACEMENT_3D('',#13616,#13617,#13618);
#13620=CYLINDRICAL_SURFACE('',#13619,8.5E-1);
#13622=ORIENTED_EDGE('',*,*,#13621,.T.);
#13624=ORIENTED_EDGE('',*,*,#13623,.T.);
#13625=ORIENTED_EDGE('',*,*,#13609,.T.);
#13627=ORIENTED_EDGE('',*,*,#13626,.F.);
#13628=EDGE_LOOP('',(#13622,#13624,#13625,#13627));
#13629=FACE_OUTER_BOUND('',#13628,.F.);
#13630=ADVANCED_FACE('',(#13629),#13620,.F.);
#13631=CARTESIAN_POINT('',(0.E0,0.E0,-4.1148E-1));
#13632=DIRECTION('',(0.E0,0.E0,-1.E0));
#13633=DIRECTION('',(-1.E0,0.E0,0.E0));
#13634=AXIS2_PLACEMENT_3D('',#13631,#13632,#13633);
#13635=PLANE('',#13634);
#13636=ORIENTED_EDGE('',*,*,#13621,.F.);
#13638=ORIENTED_EDGE('',*,*,#13637,.F.);
#13639=EDGE_LOOP('',(#13636,#13638));
#13640=FACE_OUTER_BOUND('',#13639,.F.);
#13641=ADVANCED_FACE('',(#13640),#13635,.T.);
#13642=CARTESIAN_POINT('',(3.49999808E0,1.852499978E1,-4.1148E-1));
#13643=DIRECTION('',(0.E0,0.E0,-1.E0));
#13644=DIRECTION('',(-1.E0,0.E0,0.E0));
#13645=AXIS2_PLACEMENT_3D('',#13642,#13643,#13644);
#13646=CYLINDRICAL_SURFACE('',#13645,8.5E-1);
#13647=ORIENTED_EDGE('',*,*,#13637,.T.);
#13648=ORIENTED_EDGE('',*,*,#13626,.T.);
#13649=ORIENTED_EDGE('',*,*,#13611,.T.);
#13650=ORIENTED_EDGE('',*,*,#13623,.F.);
#13651=EDGE_LOOP('',(#13647,#13648,#13649,#13650));
#13652=FACE_OUTER_BOUND('',#13651,.F.);
#13653=ADVANCED_FACE('',(#13652),#13646,.F.);
#13654=CARTESIAN_POINT('',(3.49999808E0,1.852499978E1,-4.1148E-1));
#13655=DIRECTION('',(0.E0,0.E0,-1.E0));
#13656=DIRECTION('',(-1.E0,0.E0,0.E0));
#13657=AXIS2_PLACEMENT_3D('',#13654,#13655,#13656);
#13658=CYLINDRICAL_SURFACE('',#13657,1.12499902E0);
#13659=ORIENTED_EDGE('',*,*,#13566,.T.);
#13660=ORIENTED_EDGE('',*,*,#13550,.T.);
#13662=ORIENTED_EDGE('',*,*,#13661,.F.);
#13663=ORIENTED_EDGE('',*,*,#13546,.F.);
#13664=EDGE_LOOP('',(#13659,#13660,#13662,#13663));
#13665=FACE_OUTER_BOUND('',#13664,.F.);
#13666=ADVANCED_FACE('',(#13665),#13658,.T.);
#13667=CARTESIAN_POINT('',(0.E0,0.E0,1.08852E0));
#13668=DIRECTION('',(0.E0,0.E0,-1.E0));
#13669=DIRECTION('',(-1.E0,0.E0,0.E0));
#13670=AXIS2_PLACEMENT_3D('',#13667,#13668,#13669);
#13671=PLANE('',#13670);
#13672=ORIENTED_EDGE('',*,*,#13661,.T.);
#13673=ORIENTED_EDGE('',*,*,#13548,.T.);
#13674=EDGE_LOOP('',(#13672,#13673));
#13675=FACE_OUTER_BOUND('',#13674,.F.);
#13676=ADVANCED_FACE('',(#13675),#13671,.F.);
#13679=FILL_AREA_STYLE_COLOUR('',#18);
#13680=FILL_AREA_STYLE('',(#13679));
#13681=SURFACE_STYLE_FILL_AREA(#13680);
#13682=SURFACE_SIDE_STYLE('',(#13681));
#13683=SURFACE_STYLE_USAGE(.POSITIVE.,#13682);
#13684=PRESENTATION_STYLE_ASSIGNMENT((#13683));
#13376=STYLED_ITEM('',(#13684),#13678);
#13686=DIRECTION('',(0.E0,0.E0,1.E0));
#13687=VECTOR('',#13686,1.5E0);
#13688=CARTESIAN_POINT('',(4.6249971E0,3.4749994E0,-4.1148E-1));
#13689=LINE('',#13688,#13687);
#13690=CURVE_STYLE('',#36,POSITIVE_LENGTH_MEASURE(2.E-2),#18);
#13691=PRESENTATION_STYLE_ASSIGNMENT((#13690));
#13692=STYLED_ITEM('',(#13691),#13689);
#13693=CARTESIAN_POINT('',(3.49999808E0,3.4749994E0,-4.1148E-1));
#13694=DIRECTION('',(0.E0,0.E0,-1.E0));
#13695=DIRECTION('',(-1.E0,0.E0,0.E0));
#13696=AXIS2_PLACEMENT_3D('',#13693,#13694,#13695);
#13698=CURVE_STYLE('',#36,POSITIVE_LENGTH_MEASURE(2.E-2),#18);
#13699=PRESENTATION_STYLE_ASSIGNMENT((#13698));
#13700=STYLED_ITEM('',(#13699),#13697);
#13701=CARTESIAN_POINT('',(3.49999808E0,3.4749994E0,-4.1148E-1));
#13702=DIRECTION('',(0.E0,0.E0,-1.E0));
#13703=DIRECTION('',(1.E0,0.E0,0.E0));
#13704=AXIS2_PLACEMENT_3D('',#13701,#13702,#13703);
#13706=CURVE_STYLE('',#36,POSITIVE_LENGTH_MEASURE(2.E-2),#18);
#13707=PRESENTATION_STYLE_ASSIGNMENT((#13706));
#13708=STYLED_ITEM('',(#13707),#13705);
#13709=CARTESIAN_POINT('',(3.49999808E0,3.4749994E0,-4.1148E-1));
#13710=DIRECTION('',(0.E0,0.E0,-1.E0));
#13711=DIRECTION('',(-1.E0,0.E0,0.E0));
#13712=AXIS2_PLACEMENT_3D('',#13709,#13710,#13711);
#13714=CURVE_STYLE('',#36,POSITIVE_LENGTH_MEASURE(2.E-2),#18);
#13715=PRESENTATION_STYLE_ASSIGNMENT((#13714));
#13716=STYLED_ITEM('',(#13715),#13713);
#13717=CARTESIAN_POINT('',(3.49999808E0,3.4749994E0,-4.1148E-1));
#13718=DIRECTION('',(0.E0,0.E0,-1.E0));
#13719=DIRECTION('',(1.E0,0.E0,0.E0));
#13720=AXIS2_PLACEMENT_3D('',#13717,#13718,#13719);
#13722=CURVE_STYLE('',#36,POSITIVE_LENGTH_MEASURE(2.E-2),#18);
#13723=PRESENTATION_STYLE_ASSIGNMENT((#13722));
#13724=STYLED_ITEM('',(#13723),#13721);
#13725=DIRECTION('',(0.E0,0.E0,-1.E0));
#13726=VECTOR('',#13725,2.5E0);
#13727=CARTESIAN_POINT('',(1.74999808E0,3.4749994E0,-4.1148E-1));
#13728=LINE('',#13727,#13726);
#13729=CURVE_STYLE('',#36,POSITIVE_LENGTH_MEASURE(2.E-2),#18);
#13730=PRESENTATION_STYLE_ASSIGNMENT((#13729));
#13731=STYLED_ITEM('',(#13730),#13728);
#13732=DIRECTION('',(0.E0,0.E0,-1.E0));
#13733=VECTOR('',#13732,2.5E0);
#13734=CARTESIAN_POINT('',(5.24999808E0,3.4749994E0,-4.1148E-1));
#13735=LINE('',#13734,#13733);
#13736=CURVE_STYLE('',#36,POSITIVE_LENGTH_MEASURE(2.E-2),#18);
#13737=PRESENTATION_STYLE_ASSIGNMENT((#13736));
#13738=STYLED_ITEM('',(#13737),#13735);
#13739=CARTESIAN_POINT('',(3.49999808E0,3.4749994E0,-2.91148E0));
#13740=DIRECTION('',(0.E0,0.E0,-1.E0));
#13741=DIRECTION('',(-1.E0,0.E0,0.E0));
#13742=AXIS2_PLACEMENT_3D('',#13739,#13740,#13741);
#13744=CURVE_STYLE('',#36,POSITIVE_LENGTH_MEASURE(2.E-2),#18);
#13745=PRESENTATION_STYLE_ASSIGNMENT((#13744));
#13746=STYLED_ITEM('',(#13745),#13743);
#13747=CARTESIAN_POINT('',(3.49999808E0,3.4749994E0,-2.91148E0));
#13748=DIRECTION('',(0.E0,0.E0,-1.E0));
#13749=DIRECTION('',(1.E0,0.E0,0.E0));
#13750=AXIS2_PLACEMENT_3D('',#13747,#13748,#13749);
#13752=CURVE_STYLE('',#36,POSITIVE_LENGTH_MEASURE(2.E-2),#18);
#13753=PRESENTATION_STYLE_ASSIGNMENT((#13752));
#13754=STYLED_ITEM('',(#13753),#13751);
#13755=CARTESIAN_POINT('',(3.49999808E0,3.4749994E0,-2.91148E0));
#13756=DIRECTION('',(0.E0,0.E0,1.E0));
#13757=DIRECTION('',(-1.E0,0.E0,0.E0));
#13758=AXIS2_PLACEMENT_3D('',#13755,#13756,#13757);
#13760=CURVE_STYLE('',#36,POSITIVE_LENGTH_MEASURE(2.E-2),#18);
#13761=PRESENTATION_STYLE_ASSIGNMENT((#13760));
#13762=STYLED_ITEM('',(#13761),#13759);
#13763=CARTESIAN_POINT('',(3.49999808E0,3.4749994E0,-2.91148E0));
#13764=DIRECTION('',(0.E0,0.E0,1.E0));
#13765=DIRECTION('',(1.E0,0.E0,0.E0));
#13766=AXIS2_PLACEMENT_3D('',#13763,#13764,#13765);
#13768=CURVE_STYLE('',#36,POSITIVE_LENGTH_MEASURE(2.E-2),#18);
#13769=PRESENTATION_STYLE_ASSIGNMENT((#13768));
#13770=STYLED_ITEM('',(#13769),#13767);
#13771=CARTESIAN_POINT('',(3.49999808E0,3.4749994E0,-4.1148E-1));
#13772=DIRECTION('',(0.E0,0.E0,-1.E0));
#13773=DIRECTION('',(1.E0,0.E0,0.E0));
#13774=AXIS2_PLACEMENT_3D('',#13771,#13772,#13773);
#13776=CURVE_STYLE('',#36,POSITIVE_LENGTH_MEASURE(2.E-2),#18);
#13777=PRESENTATION_STYLE_ASSIGNMENT((#13776));
#13778=STYLED_ITEM('',(#13777),#13775);
#13779=DIRECTION('',(0.E0,0.E0,-1.E0));
#13780=VECTOR('',#13779,2.5E0);
#13781=CARTESIAN_POINT('',(2.64999808E0,3.4749994E0,-4.1148E-1));
#13782=LINE('',#13781,#13780);
#13783=CURVE_STYLE('',#36,POSITIVE_LENGTH_MEASURE(2.E-2),#18);
#13784=PRESENTATION_STYLE_ASSIGNMENT((#13783));
#13785=STYLED_ITEM('',(#13784),#13782);
#13786=CARTESIAN_POINT('',(3.49999808E0,3.4749994E0,-4.1148E-1));
#13787=DIRECTION('',(0.E0,0.E0,-1.E0));
#13788=DIRECTION('',(-1.E0,0.E0,0.E0));
#13789=AXIS2_PLACEMENT_3D('',#13786,#13787,#13788);
#13791=CURVE_STYLE('',#36,POSITIVE_LENGTH_MEASURE(2.E-2),#18);
#13792=PRESENTATION_STYLE_ASSIGNMENT((#13791));
#13793=STYLED_ITEM('',(#13792),#13790);
#13794=DIRECTION('',(0.E0,0.E0,-1.E0));
#13795=VECTOR('',#13794,2.5E0);
#13796=CARTESIAN_POINT('',(4.34999808E0,3.4749994E0,-4.1148E-1));
#13797=LINE('',#13796,#13795);
#13798=CURVE_STYLE('',#36,POSITIVE_LENGTH_MEASURE(2.E-2),#18);
#13799=PRESENTATION_STYLE_ASSIGNMENT((#13798));
#13800=STYLED_ITEM('',(#13799),#13797);
#13801=DIRECTION('',(0.E0,0.E0,1.E0));
#13802=VECTOR('',#13801,1.5E0);
#13803=CARTESIAN_POINT('',(2.37499906E0,3.4749994E0,-4.1148E-1));
#13804=LINE('',#13803,#13802);
#13805=CURVE_STYLE('',#36,POSITIVE_LENGTH_MEASURE(2.E-2),#18);
#13806=PRESENTATION_STYLE_ASSIGNMENT((#13805));
#13807=STYLED_ITEM('',(#13806),#13804);
#13808=CARTESIAN_POINT('',(3.49999808E0,3.4749994E0,1.08852E0));
#13809=DIRECTION('',(0.E0,0.E0,-1.E0));
#13810=DIRECTION('',(-1.E0,0.E0,0.E0));
#13811=AXIS2_PLACEMENT_3D('',#13808,#13809,#13810);
#13813=CURVE_STYLE('',#36,POSITIVE_LENGTH_MEASURE(2.E-2),#18);
#13814=PRESENTATION_STYLE_ASSIGNMENT((#13813));
#13815=STYLED_ITEM('',(#13814),#13812);
#13816=CARTESIAN_POINT('',(3.49999808E0,3.4749994E0,1.08852E0));
#13817=DIRECTION('',(0.E0,0.E0,-1.E0));
#13818=DIRECTION('',(1.E0,0.E0,0.E0));
#13819=AXIS2_PLACEMENT_3D('',#13816,#13817,#13818);
#13821=CURVE_STYLE('',#36,POSITIVE_LENGTH_MEASURE(2.E-2),#18);
#13822=PRESENTATION_STYLE_ASSIGNMENT((#13821));
#13823=STYLED_ITEM('',(#13822),#13820);
#13824=CARTESIAN_POINT('',(1.74999808E0,3.4749994E0,-4.1148E-1));
#13825=CARTESIAN_POINT('',(5.24999808E0,3.4749994E0,-4.1148E-1));
#13826=VERTEX_POINT('',#13824);
#13827=VERTEX_POINT('',#13825);
#13828=CARTESIAN_POINT('',(1.74999808E0,3.4749994E0,-2.91148E0));
#13829=CARTESIAN_POINT('',(5.24999808E0,3.4749994E0,-2.91148E0));
#13830=VERTEX_POINT('',#13828);
#13831=VERTEX_POINT('',#13829);
#13832=CARTESIAN_POINT('',(2.64999808E0,3.4749994E0,-2.91148E0));
#13833=CARTESIAN_POINT('',(4.34999808E0,3.4749994E0,-2.91148E0));
#13834=VERTEX_POINT('',#13832);
#13835=VERTEX_POINT('',#13833);
#13836=CARTESIAN_POINT('',(2.37499906E0,3.4749994E0,1.08852E0));
#13837=CARTESIAN_POINT('',(4.6249971E0,3.4749994E0,1.08852E0));
#13838=VERTEX_POINT('',#13836);
#13839=VERTEX_POINT('',#13837);
#13840=CARTESIAN_POINT('',(2.37499906E0,3.4749994E0,-4.1148E-1));
#13841=CARTESIAN_POINT('',(4.6249971E0,3.4749994E0,-4.1148E-1));
#13842=VERTEX_POINT('',#13840);
#13843=VERTEX_POINT('',#13841);
#13844=CARTESIAN_POINT('',(4.34999808E0,3.4749994E0,-4.1148E-1));
#13845=CARTESIAN_POINT('',(2.64999808E0,3.4749994E0,-4.1148E-1));
#13846=VERTEX_POINT('',#13844);
#13847=VERTEX_POINT('',#13845);
#13848=CARTESIAN_POINT('',(3.49999808E0,3.4749994E0,-4.1148E-1));
#13849=DIRECTION('',(0.E0,0.E0,-1.E0));
#13850=DIRECTION('',(-1.E0,0.E0,0.E0));
#13851=AXIS2_PLACEMENT_3D('',#13848,#13849,#13850);
#13852=CYLINDRICAL_SURFACE('',#13851,1.12499902E0);
#13854=ORIENTED_EDGE('',*,*,#13853,.T.);
#13856=ORIENTED_EDGE('',*,*,#13855,.T.);
#13858=ORIENTED_EDGE('',*,*,#13857,.F.);
#13860=ORIENTED_EDGE('',*,*,#13859,.F.);
#13861=EDGE_LOOP('',(#13854,#13856,#13858,#13860));
#13862=FACE_OUTER_BOUND('',#13861,.F.);
#13863=ADVANCED_FACE('',(#13862),#13852,.T.);
#13864=CARTESIAN_POINT('',(0.E0,0.E0,-4.1148E-1));
#13865=DIRECTION('',(0.E0,0.E0,-1.E0));
#13866=DIRECTION('',(-1.E0,0.E0,0.E0));
#13867=AXIS2_PLACEMENT_3D('',#13864,#13865,#13866);
#13868=PLANE('',#13867);
#13870=ORIENTED_EDGE('',*,*,#13869,.T.);
#13872=ORIENTED_EDGE('',*,*,#13871,.T.);
#13873=EDGE_LOOP('',(#13870,#13872));
#13874=FACE_OUTER_BOUND('',#13873,.F.);
#13876=ORIENTED_EDGE('',*,*,#13875,.F.);
#13877=ORIENTED_EDGE('',*,*,#13853,.F.);
#13878=EDGE_LOOP('',(#13876,#13877));
#13879=FACE_BOUND('',#13878,.F.);
#13880=ADVANCED_FACE('',(#13874,#13879),#13868,.F.);
#13881=CARTESIAN_POINT('',(3.49999808E0,3.4749994E0,-4.1148E-1));
#13882=DIRECTION('',(0.E0,0.E0,-1.E0));
#13883=DIRECTION('',(-1.E0,0.E0,0.E0));
#13884=AXIS2_PLACEMENT_3D('',#13881,#13882,#13883);
#13885=CYLINDRICAL_SURFACE('',#13884,1.75E0);
#13886=ORIENTED_EDGE('',*,*,#13869,.F.);
#13888=ORIENTED_EDGE('',*,*,#13887,.T.);
#13890=ORIENTED_EDGE('',*,*,#13889,.T.);
#13892=ORIENTED_EDGE('',*,*,#13891,.F.);
#13893=EDGE_LOOP('',(#13886,#13888,#13890,#13892));
#13894=FACE_OUTER_BOUND('',#13893,.F.);
#13895=ADVANCED_FACE('',(#13894),#13885,.T.);
#13896=CARTESIAN_POINT('',(3.49999808E0,3.4749994E0,-4.1148E-1));
#13897=DIRECTION('',(0.E0,0.E0,-1.E0));
#13898=DIRECTION('',(-1.E0,0.E0,0.E0));
#13899=AXIS2_PLACEMENT_3D('',#13896,#13897,#13898);
#13900=CYLINDRICAL_SURFACE('',#13899,1.75E0);
#13901=ORIENTED_EDGE('',*,*,#13871,.F.);
#13902=ORIENTED_EDGE('',*,*,#13891,.T.);
#13904=ORIENTED_EDGE('',*,*,#13903,.T.);
#13905=ORIENTED_EDGE('',*,*,#13887,.F.);
#13906=EDGE_LOOP('',(#13901,#13902,#13904,#13905));
#13907=FACE_OUTER_BOUND('',#13906,.F.);
#13908=ADVANCED_FACE('',(#13907),#13900,.T.);
#13909=CARTESIAN_POINT('',(0.E0,0.E0,-2.91148E0));
#13910=DIRECTION('',(0.E0,0.E0,-1.E0));
#13911=DIRECTION('',(-1.E0,0.E0,0.E0));
#13912=AXIS2_PLACEMENT_3D('',#13909,#13910,#13911);
#13913=PLANE('',#13912);
#13914=ORIENTED_EDGE('',*,*,#13889,.F.);
#13915=ORIENTED_EDGE('',*,*,#13903,.F.);
#13916=EDGE_LOOP('',(#13914,#13915));
#13917=FACE_OUTER_BOUND('',#13916,.F.);
#13919=ORIENTED_EDGE('',*,*,#13918,.F.);
#13921=ORIENTED_EDGE('',*,*,#13920,.F.);
#13922=EDGE_LOOP('',(#13919,#13921));
#13923=FACE_BOUND('',#13922,.F.);
#13924=ADVANCED_FACE('',(#13917,#13923),#13913,.T.);
#13925=CARTESIAN_POINT('',(3.49999808E0,3.4749994E0,-4.1148E-1));
#13926=DIRECTION('',(0.E0,0.E0,-1.E0));
#13927=DIRECTION('',(-1.E0,0.E0,0.E0));
#13928=AXIS2_PLACEMENT_3D('',#13925,#13926,#13927);
#13929=CYLINDRICAL_SURFACE('',#13928,8.5E-1);
#13931=ORIENTED_EDGE('',*,*,#13930,.T.);
#13933=ORIENTED_EDGE('',*,*,#13932,.T.);
#13934=ORIENTED_EDGE('',*,*,#13918,.T.);
#13936=ORIENTED_EDGE('',*,*,#13935,.F.);
#13937=EDGE_LOOP('',(#13931,#13933,#13934,#13936));
#13938=FACE_OUTER_BOUND('',#13937,.F.);
#13939=ADVANCED_FACE('',(#13938),#13929,.F.);
#13940=CARTESIAN_POINT('',(0.E0,0.E0,-4.1148E-1));
#13941=DIRECTION('',(0.E0,0.E0,-1.E0));
#13942=DIRECTION('',(-1.E0,0.E0,0.E0));
#13943=AXIS2_PLACEMENT_3D('',#13940,#13941,#13942);
#13944=PLANE('',#13943);
#13945=ORIENTED_EDGE('',*,*,#13930,.F.);
#13947=ORIENTED_EDGE('',*,*,#13946,.F.);
#13948=EDGE_LOOP('',(#13945,#13947));
#13949=FACE_OUTER_BOUND('',#13948,.F.);
#13950=ADVANCED_FACE('',(#13949),#13944,.T.);
#13951=CARTESIAN_POINT('',(3.49999808E0,3.4749994E0,-4.1148E-1));
#13952=DIRECTION('',(0.E0,0.E0,-1.E0));
#13953=DIRECTION('',(-1.E0,0.E0,0.E0));
#13954=AXIS2_PLACEMENT_3D('',#13951,#13952,#13953);
#13955=CYLINDRICAL_SURFACE('',#13954,8.5E-1);
#13956=ORIENTED_EDGE('',*,*,#13946,.T.);
#13957=ORIENTED_EDGE('',*,*,#13935,.T.);
#13958=ORIENTED_EDGE('',*,*,#13920,.T.);
#13959=ORIENTED_EDGE('',*,*,#13932,.F.);
#13960=EDGE_LOOP('',(#13956,#13957,#13958,#13959));
#13961=FACE_OUTER_BOUND('',#13960,.F.);
#13962=ADVANCED_FACE('',(#13961),#13955,.F.);
#13963=CARTESIAN_POINT('',(3.49999808E0,3.4749994E0,-4.1148E-1));
#13964=DIRECTION('',(0.E0,0.E0,-1.E0));
#13965=DIRECTION('',(-1.E0,0.E0,0.E0));
#13966=AXIS2_PLACEMENT_3D('',#13963,#13964,#13965);
#13967=CYLINDRICAL_SURFACE('',#13966,1.12499902E0);
#13968=ORIENTED_EDGE('',*,*,#13875,.T.);
#13969=ORIENTED_EDGE('',*,*,#13859,.T.);
#13971=ORIENTED_EDGE('',*,*,#13970,.F.);
#13972=ORIENTED_EDGE('',*,*,#13855,.F.);
#13973=EDGE_LOOP('',(#13968,#13969,#13971,#13972));
#13974=FACE_OUTER_BOUND('',#13973,.F.);
#13975=ADVANCED_FACE('',(#13974),#13967,.T.);
#13976=CARTESIAN_POINT('',(0.E0,0.E0,1.08852E0));
#13977=DIRECTION('',(0.E0,0.E0,-1.E0));
#13978=DIRECTION('',(-1.E0,0.E0,0.E0));
#13979=AXIS2_PLACEMENT_3D('',#13976,#13977,#13978);
#13980=PLANE('',#13979);
#13981=ORIENTED_EDGE('',*,*,#13970,.T.);
#13982=ORIENTED_EDGE('',*,*,#13857,.T.);
#13983=EDGE_LOOP('',(#13981,#13982));
#13984=FACE_OUTER_BOUND('',#13983,.F.);
#13985=ADVANCED_FACE('',(#13984),#13980,.F.);
#13988=FILL_AREA_STYLE_COLOUR('',#18);
#13989=FILL_AREA_STYLE('',(#13988));
#13990=SURFACE_STYLE_FILL_AREA(#13989);
#13991=SURFACE_SIDE_STYLE('',(#13990));
#13992=SURFACE_STYLE_USAGE(.POSITIVE.,#13991);
#13993=PRESENTATION_STYLE_ASSIGNMENT((#13992));
#13685=STYLED_ITEM('',(#13993),#13987);
#13995=DIRECTION('',(0.E0,0.E0,1.E0));
#13996=VECTOR('',#13995,1.5E0);
#13997=CARTESIAN_POINT('',(3.61249976E1,3.4749994E0,-4.1148E-1));
#13998=LINE('',#13997,#13996);
#13999=CURVE_STYLE('',#36,POSITIVE_LENGTH_MEASURE(2.E-2),#18);
#14000=PRESENTATION_STYLE_ASSIGNMENT((#13999));
#14001=STYLED_ITEM('',(#14000),#13998);
#14002=CARTESIAN_POINT('',(3.499999858E1,3.4749994E0,-4.1148E-1));
#14003=DIRECTION('',(0.E0,0.E0,-1.E0));
#14004=DIRECTION('',(-1.E0,0.E0,0.E0));
#14005=AXIS2_PLACEMENT_3D('',#14002,#14003,#14004);
#14007=CURVE_STYLE('',#36,POSITIVE_LENGTH_MEASURE(2.E-2),#18);
#14008=PRESENTATION_STYLE_ASSIGNMENT((#14007));
#14009=STYLED_ITEM('',(#14008),#14006);
#14010=CARTESIAN_POINT('',(3.499999858E1,3.4749994E0,-4.1148E-1));
#14011=DIRECTION('',(0.E0,0.E0,-1.E0));
#14012=DIRECTION('',(1.E0,0.E0,0.E0));
#14013=AXIS2_PLACEMENT_3D('',#14010,#14011,#14012);
#14015=CURVE_STYLE('',#36,POSITIVE_LENGTH_MEASURE(2.E-2),#18);
#14016=PRESENTATION_STYLE_ASSIGNMENT((#14015));
#14017=STYLED_ITEM('',(#14016),#14014);
#14018=CARTESIAN_POINT('',(3.499999858E1,3.4749994E0,-4.1148E-1));
#14019=DIRECTION('',(0.E0,0.E0,-1.E0));
#14020=DIRECTION('',(-1.E0,0.E0,0.E0));
#14021=AXIS2_PLACEMENT_3D('',#14018,#14019,#14020);
#14023=CURVE_STYLE('',#36,POSITIVE_LENGTH_MEASURE(2.E-2),#18);
#14024=PRESENTATION_STYLE_ASSIGNMENT((#14023));
#14025=STYLED_ITEM('',(#14024),#14022);
#14026=CARTESIAN_POINT('',(3.499999858E1,3.4749994E0,-4.1148E-1));
#14027=DIRECTION('',(0.E0,0.E0,-1.E0));
#14028=DIRECTION('',(1.E0,0.E0,0.E0));
#14029=AXIS2_PLACEMENT_3D('',#14026,#14027,#14028);
#14031=CURVE_STYLE('',#36,POSITIVE_LENGTH_MEASURE(2.E-2),#18);
#14032=PRESENTATION_STYLE_ASSIGNMENT((#14031));
#14033=STYLED_ITEM('',(#14032),#14030);
#14034=DIRECTION('',(0.E0,0.E0,-1.E0));
#14035=VECTOR('',#14034,2.5E0);
#14036=CARTESIAN_POINT('',(3.324999858E1,3.4749994E0,-4.1148E-1));
#14037=LINE('',#14036,#14035);
#14038=CURVE_STYLE('',#36,POSITIVE_LENGTH_MEASURE(2.E-2),#18);
#14039=PRESENTATION_STYLE_ASSIGNMENT((#14038));
#14040=STYLED_ITEM('',(#14039),#14037);
#14041=DIRECTION('',(0.E0,0.E0,-1.E0));
#14042=VECTOR('',#14041,2.5E0);
#14043=CARTESIAN_POINT('',(3.674999858E1,3.4749994E0,-4.1148E-1));
#14044=LINE('',#14043,#14042);
#14045=CURVE_STYLE('',#36,POSITIVE_LENGTH_MEASURE(2.E-2),#18);
#14046=PRESENTATION_STYLE_ASSIGNMENT((#14045));
#14047=STYLED_ITEM('',(#14046),#14044);
#14048=CARTESIAN_POINT('',(3.499999858E1,3.4749994E0,-2.91148E0));
#14049=DIRECTION('',(0.E0,0.E0,-1.E0));
#14050=DIRECTION('',(-1.E0,0.E0,0.E0));
#14051=AXIS2_PLACEMENT_3D('',#14048,#14049,#14050);
#14053=CURVE_STYLE('',#36,POSITIVE_LENGTH_MEASURE(2.E-2),#18);
#14054=PRESENTATION_STYLE_ASSIGNMENT((#14053));
#14055=STYLED_ITEM('',(#14054),#14052);
#14056=CARTESIAN_POINT('',(3.499999858E1,3.4749994E0,-2.91148E0));
#14057=DIRECTION('',(0.E0,0.E0,-1.E0));
#14058=DIRECTION('',(1.E0,0.E0,0.E0));
#14059=AXIS2_PLACEMENT_3D('',#14056,#14057,#14058);
#14061=CURVE_STYLE('',#36,POSITIVE_LENGTH_MEASURE(2.E-2),#18);
#14062=PRESENTATION_STYLE_ASSIGNMENT((#14061));
#14063=STYLED_ITEM('',(#14062),#14060);
#14064=CARTESIAN_POINT('',(3.499999858E1,3.4749994E0,-2.91148E0));
#14065=DIRECTION('',(0.E0,0.E0,1.E0));
#14066=DIRECTION('',(-1.E0,0.E0,0.E0));
#14067=AXIS2_PLACEMENT_3D('',#14064,#14065,#14066);
#14069=CURVE_STYLE('',#36,POSITIVE_LENGTH_MEASURE(2.E-2),#18);
#14070=PRESENTATION_STYLE_ASSIGNMENT((#14069));
#14071=STYLED_ITEM('',(#14070),#14068);
#14072=CARTESIAN_POINT('',(3.499999858E1,3.4749994E0,-2.91148E0));
#14073=DIRECTION('',(0.E0,0.E0,1.E0));
#14074=DIRECTION('',(1.E0,0.E0,0.E0));
#14075=AXIS2_PLACEMENT_3D('',#14072,#14073,#14074);
#14077=CURVE_STYLE('',#36,POSITIVE_LENGTH_MEASURE(2.E-2),#18);
#14078=PRESENTATION_STYLE_ASSIGNMENT((#14077));
#14079=STYLED_ITEM('',(#14078),#14076);
#14080=CARTESIAN_POINT('',(3.499999858E1,3.4749994E0,-4.1148E-1));
#14081=DIRECTION('',(0.E0,0.E0,-1.E0));
#14082=DIRECTION('',(1.E0,0.E0,0.E0));
#14083=AXIS2_PLACEMENT_3D('',#14080,#14081,#14082);
#14085=CURVE_STYLE('',#36,POSITIVE_LENGTH_MEASURE(2.E-2),#18);
#14086=PRESENTATION_STYLE_ASSIGNMENT((#14085));
#14087=STYLED_ITEM('',(#14086),#14084);
#14088=DIRECTION('',(0.E0,0.E0,-1.E0));
#14089=VECTOR('',#14088,2.5E0);
#14090=CARTESIAN_POINT('',(3.414999858E1,3.4749994E0,-4.1148E-1));
#14091=LINE('',#14090,#14089);
#14092=CURVE_STYLE('',#36,POSITIVE_LENGTH_MEASURE(2.E-2),#18);
#14093=PRESENTATION_STYLE_ASSIGNMENT((#14092));
#14094=STYLED_ITEM('',(#14093),#14091);
#14095=CARTESIAN_POINT('',(3.499999858E1,3.4749994E0,-4.1148E-1));
#14096=DIRECTION('',(0.E0,0.E0,-1.E0));
#14097=DIRECTION('',(-1.E0,0.E0,0.E0));
#14098=AXIS2_PLACEMENT_3D('',#14095,#14096,#14097);
#14100=CURVE_STYLE('',#36,POSITIVE_LENGTH_MEASURE(2.E-2),#18);
#14101=PRESENTATION_STYLE_ASSIGNMENT((#14100));
#14102=STYLED_ITEM('',(#14101),#14099);
#14103=DIRECTION('',(0.E0,0.E0,-1.E0));
#14104=VECTOR('',#14103,2.5E0);
#14105=CARTESIAN_POINT('',(3.584999858E1,3.4749994E0,-4.1148E-1));
#14106=LINE('',#14105,#14104);
#14107=CURVE_STYLE('',#36,POSITIVE_LENGTH_MEASURE(2.E-2),#18);
#14108=PRESENTATION_STYLE_ASSIGNMENT((#14107));
#14109=STYLED_ITEM('',(#14108),#14106);
#14110=DIRECTION('',(0.E0,0.E0,1.E0));
#14111=VECTOR('',#14110,1.5E0);
#14112=CARTESIAN_POINT('',(3.387499956E1,3.4749994E0,-4.1148E-1));
#14113=LINE('',#14112,#14111);
#14114=CURVE_STYLE('',#36,POSITIVE_LENGTH_MEASURE(2.E-2),#18);
#14115=PRESENTATION_STYLE_ASSIGNMENT((#14114));
#14116=STYLED_ITEM('',(#14115),#14113);
#14117=CARTESIAN_POINT('',(3.499999858E1,3.4749994E0,1.08852E0));
#14118=DIRECTION('',(0.E0,0.E0,-1.E0));
#14119=DIRECTION('',(-1.E0,0.E0,0.E0));
#14120=AXIS2_PLACEMENT_3D('',#14117,#14118,#14119);
#14122=CURVE_STYLE('',#36,POSITIVE_LENGTH_MEASURE(2.E-2),#18);
#14123=PRESENTATION_STYLE_ASSIGNMENT((#14122));
#14124=STYLED_ITEM('',(#14123),#14121);
#14125=CARTESIAN_POINT('',(3.499999858E1,3.4749994E0,1.08852E0));
#14126=DIRECTION('',(0.E0,0.E0,-1.E0));
#14127=DIRECTION('',(1.E0,0.E0,0.E0));
#14128=AXIS2_PLACEMENT_3D('',#14125,#14126,#14127);
#14130=CURVE_STYLE('',#36,POSITIVE_LENGTH_MEASURE(2.E-2),#18);
#14131=PRESENTATION_STYLE_ASSIGNMENT((#14130));
#14132=STYLED_ITEM('',(#14131),#14129);
#14133=CARTESIAN_POINT('',(3.324999858E1,3.4749994E0,-4.1148E-1));
#14134=CARTESIAN_POINT('',(3.674999858E1,3.4749994E0,-4.1148E-1));
#14135=VERTEX_POINT('',#14133);
#14136=VERTEX_POINT('',#14134);
#14137=CARTESIAN_POINT('',(3.324999858E1,3.4749994E0,-2.91148E0));
#14138=CARTESIAN_POINT('',(3.674999858E1,3.4749994E0,-2.91148E0));
#14139=VERTEX_POINT('',#14137);
#14140=VERTEX_POINT('',#14138);
#14141=CARTESIAN_POINT('',(3.414999858E1,3.4749994E0,-2.91148E0));
#14142=CARTESIAN_POINT('',(3.584999858E1,3.4749994E0,-2.91148E0));
#14143=VERTEX_POINT('',#14141);
#14144=VERTEX_POINT('',#14142);
#14145=CARTESIAN_POINT('',(3.387499956E1,3.4749994E0,1.08852E0));
#14146=CARTESIAN_POINT('',(3.61249976E1,3.4749994E0,1.08852E0));
#14147=VERTEX_POINT('',#14145);
#14148=VERTEX_POINT('',#14146);
#14149=CARTESIAN_POINT('',(3.387499956E1,3.4749994E0,-4.1148E-1));
#14150=CARTESIAN_POINT('',(3.61249976E1,3.4749994E0,-4.1148E-1));
#14151=VERTEX_POINT('',#14149);
#14152=VERTEX_POINT('',#14150);
#14153=CARTESIAN_POINT('',(3.584999858E1,3.4749994E0,-4.1148E-1));
#14154=CARTESIAN_POINT('',(3.414999858E1,3.4749994E0,-4.1148E-1));
#14155=VERTEX_POINT('',#14153);
#14156=VERTEX_POINT('',#14154);
#14157=CARTESIAN_POINT('',(3.499999858E1,3.4749994E0,-4.1148E-1));
#14158=DIRECTION('',(0.E0,0.E0,-1.E0));
#14159=DIRECTION('',(-1.E0,0.E0,0.E0));
#14160=AXIS2_PLACEMENT_3D('',#14157,#14158,#14159);
#14161=CYLINDRICAL_SURFACE('',#14160,1.12499902E0);
#14163=ORIENTED_EDGE('',*,*,#14162,.T.);
#14165=ORIENTED_EDGE('',*,*,#14164,.T.);
#14167=ORIENTED_EDGE('',*,*,#14166,.F.);
#14169=ORIENTED_EDGE('',*,*,#14168,.F.);
#14170=EDGE_LOOP('',(#14163,#14165,#14167,#14169));
#14171=FACE_OUTER_BOUND('',#14170,.F.);
#14172=ADVANCED_FACE('',(#14171),#14161,.T.);
#14173=CARTESIAN_POINT('',(0.E0,0.E0,-4.1148E-1));
#14174=DIRECTION('',(0.E0,0.E0,-1.E0));
#14175=DIRECTION('',(-1.E0,0.E0,0.E0));
#14176=AXIS2_PLACEMENT_3D('',#14173,#14174,#14175);
#14177=PLANE('',#14176);
#14179=ORIENTED_EDGE('',*,*,#14178,.T.);
#14181=ORIENTED_EDGE('',*,*,#14180,.T.);
#14182=EDGE_LOOP('',(#14179,#14181));
#14183=FACE_OUTER_BOUND('',#14182,.F.);
#14185=ORIENTED_EDGE('',*,*,#14184,.F.);
#14186=ORIENTED_EDGE('',*,*,#14162,.F.);
#14187=EDGE_LOOP('',(#14185,#14186));
#14188=FACE_BOUND('',#14187,.F.);
#14189=ADVANCED_FACE('',(#14183,#14188),#14177,.F.);
#14190=CARTESIAN_POINT('',(3.499999858E1,3.4749994E0,-4.1148E-1));
#14191=DIRECTION('',(0.E0,0.E0,-1.E0));
#14192=DIRECTION('',(-1.E0,0.E0,0.E0));
#14193=AXIS2_PLACEMENT_3D('',#14190,#14191,#14192);
#14194=CYLINDRICAL_SURFACE('',#14193,1.75E0);
#14195=ORIENTED_EDGE('',*,*,#14178,.F.);
#14197=ORIENTED_EDGE('',*,*,#14196,.T.);
#14199=ORIENTED_EDGE('',*,*,#14198,.T.);
#14201=ORIENTED_EDGE('',*,*,#14200,.F.);
#14202=EDGE_LOOP('',(#14195,#14197,#14199,#14201));
#14203=FACE_OUTER_BOUND('',#14202,.F.);
#14204=ADVANCED_FACE('',(#14203),#14194,.T.);
#14205=CARTESIAN_POINT('',(3.499999858E1,3.4749994E0,-4.1148E-1));
#14206=DIRECTION('',(0.E0,0.E0,-1.E0));
#14207=DIRECTION('',(-1.E0,0.E0,0.E0));
#14208=AXIS2_PLACEMENT_3D('',#14205,#14206,#14207);
#14209=CYLINDRICAL_SURFACE('',#14208,1.75E0);
#14210=ORIENTED_EDGE('',*,*,#14180,.F.);
#14211=ORIENTED_EDGE('',*,*,#14200,.T.);
#14213=ORIENTED_EDGE('',*,*,#14212,.T.);
#14214=ORIENTED_EDGE('',*,*,#14196,.F.);
#14215=EDGE_LOOP('',(#14210,#14211,#14213,#14214));
#14216=FACE_OUTER_BOUND('',#14215,.F.);
#14217=ADVANCED_FACE('',(#14216),#14209,.T.);
#14218=CARTESIAN_POINT('',(0.E0,0.E0,-2.91148E0));
#14219=DIRECTION('',(0.E0,0.E0,-1.E0));
#14220=DIRECTION('',(-1.E0,0.E0,0.E0));
#14221=AXIS2_PLACEMENT_3D('',#14218,#14219,#14220);
#14222=PLANE('',#14221);
#14223=ORIENTED_EDGE('',*,*,#14198,.F.);
#14224=ORIENTED_EDGE('',*,*,#14212,.F.);
#14225=EDGE_LOOP('',(#14223,#14224));
#14226=FACE_OUTER_BOUND('',#14225,.F.);
#14228=ORIENTED_EDGE('',*,*,#14227,.F.);
#14230=ORIENTED_EDGE('',*,*,#14229,.F.);
#14231=EDGE_LOOP('',(#14228,#14230));
#14232=FACE_BOUND('',#14231,.F.);
#14233=ADVANCED_FACE('',(#14226,#14232),#14222,.T.);
#14234=CARTESIAN_POINT('',(3.499999858E1,3.4749994E0,-4.1148E-1));
#14235=DIRECTION('',(0.E0,0.E0,-1.E0));
#14236=DIRECTION('',(-1.E0,0.E0,0.E0));
#14237=AXIS2_PLACEMENT_3D('',#14234,#14235,#14236);
#14238=CYLINDRICAL_SURFACE('',#14237,8.5E-1);
#14240=ORIENTED_EDGE('',*,*,#14239,.T.);
#14242=ORIENTED_EDGE('',*,*,#14241,.T.);
#14243=ORIENTED_EDGE('',*,*,#14227,.T.);
#14245=ORIENTED_EDGE('',*,*,#14244,.F.);
#14246=EDGE_LOOP('',(#14240,#14242,#14243,#14245));
#14247=FACE_OUTER_BOUND('',#14246,.F.);
#14248=ADVANCED_FACE('',(#14247),#14238,.F.);
#14249=CARTESIAN_POINT('',(0.E0,0.E0,-4.1148E-1));
#14250=DIRECTION('',(0.E0,0.E0,-1.E0));
#14251=DIRECTION('',(-1.E0,0.E0,0.E0));
#14252=AXIS2_PLACEMENT_3D('',#14249,#14250,#14251);
#14253=PLANE('',#14252);
#14254=ORIENTED_EDGE('',*,*,#14239,.F.);
#14256=ORIENTED_EDGE('',*,*,#14255,.F.);
#14257=EDGE_LOOP('',(#14254,#14256));
#14258=FACE_OUTER_BOUND('',#14257,.F.);
#14259=ADVANCED_FACE('',(#14258),#14253,.T.);
#14260=CARTESIAN_POINT('',(3.499999858E1,3.4749994E0,-4.1148E-1));
#14261=DIRECTION('',(0.E0,0.E0,-1.E0));
#14262=DIRECTION('',(-1.E0,0.E0,0.E0));
#14263=AXIS2_PLACEMENT_3D('',#14260,#14261,#14262);
#14264=CYLINDRICAL_SURFACE('',#14263,8.5E-1);
#14265=ORIENTED_EDGE('',*,*,#14255,.T.);
#14266=ORIENTED_EDGE('',*,*,#14244,.T.);
#14267=ORIENTED_EDGE('',*,*,#14229,.T.);
#14268=ORIENTED_EDGE('',*,*,#14241,.F.);
#14269=EDGE_LOOP('',(#14265,#14266,#14267,#14268));
#14270=FACE_OUTER_BOUND('',#14269,.F.);
#14271=ADVANCED_FACE('',(#14270),#14264,.F.);
#14272=CARTESIAN_POINT('',(3.499999858E1,3.4749994E0,-4.1148E-1));
#14273=DIRECTION('',(0.E0,0.E0,-1.E0));
#14274=DIRECTION('',(-1.E0,0.E0,0.E0));
#14275=AXIS2_PLACEMENT_3D('',#14272,#14273,#14274);
#14276=CYLINDRICAL_SURFACE('',#14275,1.12499902E0);
#14277=ORIENTED_EDGE('',*,*,#14184,.T.);
#14278=ORIENTED_EDGE('',*,*,#14168,.T.);
#14280=ORIENTED_EDGE('',*,*,#14279,.F.);
#14281=ORIENTED_EDGE('',*,*,#14164,.F.);
#14282=EDGE_LOOP('',(#14277,#14278,#14280,#14281));
#14283=FACE_OUTER_BOUND('',#14282,.F.);
#14284=ADVANCED_FACE('',(#14283),#14276,.T.);
#14285=CARTESIAN_POINT('',(0.E0,0.E0,1.08852E0));
#14286=DIRECTION('',(0.E0,0.E0,-1.E0));
#14287=DIRECTION('',(-1.E0,0.E0,0.E0));
#14288=AXIS2_PLACEMENT_3D('',#14285,#14286,#14287);
#14289=PLANE('',#14288);
#14290=ORIENTED_EDGE('',*,*,#14279,.T.);
#14291=ORIENTED_EDGE('',*,*,#14166,.T.);
#14292=EDGE_LOOP('',(#14290,#14291));
#14293=FACE_OUTER_BOUND('',#14292,.F.);
#14294=ADVANCED_FACE('',(#14293),#14289,.F.);
#14297=FILL_AREA_STYLE_COLOUR('',#18);
#14298=FILL_AREA_STYLE('',(#14297));
#14299=SURFACE_STYLE_FILL_AREA(#14298);
#14300=SURFACE_SIDE_STYLE('',(#14299));
#14301=SURFACE_STYLE_USAGE(.POSITIVE.,#14300);
#14302=PRESENTATION_STYLE_ASSIGNMENT((#14301));
#13994=STYLED_ITEM('',(#14302),#14296);
#14304=DIMENSIONAL_EXPONENTS(0.E0,0.E0,0.E0,0.E0,0.E0,0.E0,0.E0);
#14306=PLANE_ANGLE_MEASURE_WITH_UNIT(PLANE_ANGLE_MEASURE(1.745329251994E-2),
#14305);
#14307=(CONVERSION_BASED_UNIT('DEGREE',#14306)NAMED_UNIT(*)PLANE_ANGLE_UNIT());
#14309=UNCERTAINTY_MEASURE_WITH_UNIT(LENGTH_MEASURE(3.9E-4),#14303,'closure',
'Maximum model space distance between geometric entities at asserted connectivities');
#14310=(GEOMETRIC_REPRESENTATION_CONTEXT(3)GLOBAL_UNCERTAINTY_ASSIGNED_CONTEXT((
#14309))GLOBAL_UNIT_ASSIGNED_CONTEXT((#14303,#14307,#14308))REPRESENTATION_CONTEXT('ID25','3'));
#14311=CARTESIAN_POINT('',(0.E0,0.E0,0.E0));
#14312=DIRECTION('',(0.E0,0.E0,1.E0));
#14313=DIRECTION('',(1.E0,0.E0,0.E0));
#14316=DESIGN_CONTEXT('',#781,'design');
#14317=MECHANICAL_CONTEXT('',#781,'mechanical');
#14318=PRODUCT('BOSS','BOSS','NOT SPECIFIED',(#14317));
#14319=PRODUCT_DEFINITION_FORMATION_WITH_SPECIFIED_SOURCE('1','LAST_VERSION',
#14318,.MADE.);
#14325=CARTESIAN_POINT('',(0.E0,0.E0,0.E0));
#14326=DIRECTION('',(0.E0,0.E0,1.E0));
#14327=DIRECTION('',(1.E0,0.E0,0.E0));
#14328=AXIS2_PLACEMENT_3D('',#14325,#14326,#14327);
#14329=ITEM_DEFINED_TRANSFORMATION('','',#14314,#14328);
#14330=(REPRESENTATION_RELATIONSHIP('','',#14315,#11318)REPRESENTATION_RELATIONSHIP_WITH_TRANSFORMATION(#14329)SHAPE_REPRESENTATION_RELATIONSHIP());
#14331=CONTEXT_DEPENDENT_SHAPE_REPRESENTATION(#14330,#14324);
#14333=DIRECTION('',(3.786381138636E-4,9.999999283166E-1,0.E0));
#14334=VECTOR('',#14333,1.35E1);
#14335=CARTESIAN_POINT('',(4.069595737734E0,4.261710186952E0,1.18852E0));
#14336=LINE('',#14335,#14334);
#14337=CURVE_STYLE('',#36,POSITIVE_LENGTH_MEASURE(2.E-2),#9);
#14338=PRESENTATION_STYLE_ASSIGNMENT((#14337));
#14339=STYLED_ITEM('',(#14338),#14336);
#14340=DIRECTION('',(-9.999999283166E-1,3.786381138635E-4,0.E0));
#14341=VECTOR('',#14340,3.035E1);
#14342=CARTESIAN_POINT('',(3.441959356214E1,4.250218520196E0,1.18852E0));
#14343=LINE('',#14342,#14341);
#14344=CURVE_STYLE('',#36,POSITIVE_LENGTH_MEASURE(2.E-2),#9);
#14345=PRESENTATION_STYLE_ASSIGNMENT((#14344));
#14346=STYLED_ITEM('',(#14345),#14343);
#14347=DIRECTION('',(-3.786381138635E-4,-9.999999283166E-1,0.E0));
#14348=VECTOR('',#14347,1.35E1);
#14349=CARTESIAN_POINT('',(3.442470517668E1,1.775021755247E1,1.18852E0));
#14350=LINE('',#14349,#14348);
#14351=CURVE_STYLE('',#36,POSITIVE_LENGTH_MEASURE(2.E-2),#9);
#14352=PRESENTATION_STYLE_ASSIGNMENT((#14351));
#14353=STYLED_ITEM('',(#14352),#14350);
#14354=DIRECTION('',(9.999999283166E-1,-3.786381138637E-4,0.E0));
#14355=VECTOR('',#14354,3.035E1);
#14356=CARTESIAN_POINT('',(4.074707352271E0,1.776170921923E1,1.18852E0));
#14357=LINE('',#14356,#14355);
#14358=CURVE_STYLE('',#36,POSITIVE_LENGTH_MEASURE(2.E-2),#9);
#14359=PRESENTATION_STYLE_ASSIGNMENT((#14358));
#14360=STYLED_ITEM('',(#14359),#14357);
#14361=DIRECTION('',(0.E0,0.E0,1.E0));
#14362=VECTOR('',#14361,5.E-1);
#14363=CARTESIAN_POINT('',(4.069595737734E0,4.261710186952E0,1.18852E0));
#14364=LINE('',#14363,#14362);
#14365=CURVE_STYLE('',#36,POSITIVE_LENGTH_MEASURE(2.E-2),#9);
#14366=PRESENTATION_STYLE_ASSIGNMENT((#14365));
#14367=STYLED_ITEM('',(#14366),#14364);
#14368=DIRECTION('',(0.E0,0.E0,1.E0));
#14369=VECTOR('',#14368,5.E-1);
#14370=CARTESIAN_POINT('',(4.074707352271E0,1.776170921923E1,1.18852E0));
#14371=LINE('',#14370,#14369);
#14372=CURVE_STYLE('',#36,POSITIVE_LENGTH_MEASURE(2.E-2),#9);
#14373=PRESENTATION_STYLE_ASSIGNMENT((#14372));
#14374=STYLED_ITEM('',(#14373),#14371);
#14375=DIRECTION('',(1.421085471520E-14,0.E0,1.E0));
#14376=VECTOR('',#14375,5.E-1);
#14377=CARTESIAN_POINT('',(3.442470517668E1,1.775021755247E1,1.18852E0));
#14378=LINE('',#14377,#14376);
#14379=CURVE_STYLE('',#36,POSITIVE_LENGTH_MEASURE(2.E-2),#9);
#14380=PRESENTATION_STYLE_ASSIGNMENT((#14379));
#14381=STYLED_ITEM('',(#14380),#14378);
#14382=DIRECTION('',(0.E0,0.E0,1.E0));
#14383=VECTOR('',#14382,5.E-1);
#14384=CARTESIAN_POINT('',(3.441959356214E1,4.250218520196E0,1.18852E0));
#14385=LINE('',#14384,#14383);
#14386=CURVE_STYLE('',#36,POSITIVE_LENGTH_MEASURE(2.E-2),#9);
#14387=PRESENTATION_STYLE_ASSIGNMENT((#14386));
#14388=STYLED_ITEM('',(#14387),#14385);
#14389=DIRECTION('',(-3.786381138636E-4,-9.999999283166E-1,0.E0));
#14390=VECTOR('',#14389,1.35E1);
#14391=CARTESIAN_POINT('',(4.074707352271E0,1.776170921923E1,1.68852E0));
#14392=LINE('',#14391,#14390);
#14393=CURVE_STYLE('',#36,POSITIVE_LENGTH_MEASURE(2.E-2),#9);
#14394=PRESENTATION_STYLE_ASSIGNMENT((#14393));
#14395=STYLED_ITEM('',(#14394),#14392);
#14396=DIRECTION('',(-9.999999283166E-1,3.786381138637E-4,0.E0));
#14397=VECTOR('',#14396,3.035E1);
#14398=CARTESIAN_POINT('',(3.442470517668E1,1.775021755247E1,1.68852E0));
#14399=LINE('',#14398,#14397);
#14400=CURVE_STYLE('',#36,POSITIVE_LENGTH_MEASURE(2.E-2),#9);
#14401=PRESENTATION_STYLE_ASSIGNMENT((#14400));
#14402=STYLED_ITEM('',(#14401),#14399);
#14403=DIRECTION('',(3.786381138640E-4,9.999999283166E-1,0.E0));
#14404=VECTOR('',#14403,1.35E1);
#14405=CARTESIAN_POINT('',(3.441959356214E1,4.250218520196E0,1.68852E0));
#14406=LINE('',#14405,#14404);
#14407=CURVE_STYLE('',#36,POSITIVE_LENGTH_MEASURE(2.E-2),#9);
#14408=PRESENTATION_STYLE_ASSIGNMENT((#14407));
#14409=STYLED_ITEM('',(#14408),#14406);
#14410=DIRECTION('',(9.999999283166E-1,-3.786381138635E-4,0.E0));
#14411=VECTOR('',#14410,3.035E1);
#14412=CARTESIAN_POINT('',(4.069595737734E0,4.261710186952E0,1.68852E0));
#14413=LINE('',#14412,#14411);
#14414=CURVE_STYLE('',#36,POSITIVE_LENGTH_MEASURE(2.E-2),#9);
#14415=PRESENTATION_STYLE_ASSIGNMENT((#14414));
#14416=STYLED_ITEM('',(#14415),#14413);
#14417=CARTESIAN_POINT('',(3.466949888469E1,4.000123878589E0,1.68852E0));
#14418=DIRECTION('',(0.E0,0.E0,1.E0));
#14419=DIRECTION('',(-3.786381139047E-4,-9.999999283166E-1,0.E0));
#14420=AXIS2_PLACEMENT_3D('',#14417,#14418,#14419);
#14422=CURVE_STYLE('',#36,POSITIVE_LENGTH_MEASURE(2.E-2),#9);
#14423=PRESENTATION_STYLE_ASSIGNMENT((#14422));
#14424=STYLED_ITEM('',(#14423),#14421);
#14425=DIRECTION('',(2.537652627715E-14,0.E0,1.E0));
#14426=VECTOR('',#14425,1.4E0);
#14427=CARTESIAN_POINT('',(3.466845762988E1,1.250124075718E0,1.68852E0));
#14428=LINE('',#14427,#14426);
#14429=CURVE_STYLE('',#36,POSITIVE_LENGTH_MEASURE(2.E-2),#9);
#14430=PRESENTATION_STYLE_ASSIGNMENT((#14429));
#14431=STYLED_ITEM('',(#14430),#14428);
#14432=DIRECTION('',(9.999999283166E-1,-3.786381138635E-4,0.E0));
#14433=VECTOR('',#14432,3.085E1);
#14434=CARTESIAN_POINT('',(3.818459841313E0,1.261805061531E0,1.68852E0));
#14435=LINE('',#14434,#14433);
#14436=CURVE_STYLE('',#36,POSITIVE_LENGTH_MEASURE(2.E-2),#9);
#14437=PRESENTATION_STYLE_ASSIGNMENT((#14436));
#14438=STYLED_ITEM('',(#14437),#14435);
#14439=DIRECTION('',(0.E0,0.E0,1.E0));
#14440=VECTOR('',#14439,1.4E0);
#14441=CARTESIAN_POINT('',(3.818459841313E0,1.261805061531E0,1.68852E0));
#14442=LINE('',#14441,#14440);
#14443=CURVE_STYLE('',#36,POSITIVE_LENGTH_MEASURE(2.E-2),#9);
#14444=PRESENTATION_STYLE_ASSIGNMENT((#14443));
#14445=STYLED_ITEM('',(#14444),#14442);
#14446=CARTESIAN_POINT('',(3.819501096127E0,4.011804864401E0,1.68852E0));
#14447=DIRECTION('',(0.E0,0.E0,1.E0));
#14448=DIRECTION('',(-9.999999283166E-1,3.786381138634E-4,0.E0));
#14449=AXIS2_PLACEMENT_3D('',#14446,#14447,#14448);
#14451=CURVE_STYLE('',#36,POSITIVE_LENGTH_MEASURE(2.E-2),#9);
#14452=PRESENTATION_STYLE_ASSIGNMENT((#14451));
#14453=STYLED_ITEM('',(#14452),#14450);
#14454=DIRECTION('',(0.E0,0.E0,1.E0));
#14455=VECTOR('',#14454,1.4E0);
#14456=CARTESIAN_POINT('',(1.069501293256E0,4.012846119214E0,1.68852E0));
#14457=LINE('',#14456,#14455);
#14458=CURVE_STYLE('',#36,POSITIVE_LENGTH_MEASURE(2.E-2),#9);
#14459=PRESENTATION_STYLE_ASSIGNMENT((#14458));
#14460=STYLED_ITEM('',(#14459),#14457);
#14461=DIRECTION('',(-3.786381138635E-4,-9.999999283166E-1,0.E0));
#14462=VECTOR('',#14461,1.4E1);
#14463=CARTESIAN_POINT('',(1.074802226850E0,1.801284511565E1,1.68852E0));
#14464=LINE('',#14463,#14462);
#14465=CURVE_STYLE('',#36,POSITIVE_LENGTH_MEASURE(2.E-2),#9);
#14466=PRESENTATION_STYLE_ASSIGNMENT((#14465));
#14467=STYLED_ITEM('',(#14466),#14464);
#14468=DIRECTION('',(0.E0,0.E0,1.E0));
#14469=VECTOR('',#14468,1.4E0);
#14470=CARTESIAN_POINT('',(1.074802226850E0,1.801284511565E1,1.68852E0));
#14471=LINE('',#14470,#14469);
#14472=CURVE_STYLE('',#36,POSITIVE_LENGTH_MEASURE(2.E-2),#9);
#14473=PRESENTATION_STYLE_ASSIGNMENT((#14472));
#14474=STYLED_ITEM('',(#14473),#14471);
#14475=CARTESIAN_POINT('',(3.824802029721E0,1.801180386083E1,1.68852E0));
#14476=DIRECTION('',(0.E0,0.E0,1.E0));
#14477=DIRECTION('',(3.786381138714E-4,9.999999283166E-1,0.E0));
#14478=AXIS2_PLACEMENT_3D('',#14475,#14476,#14477);
#14480=CURVE_STYLE('',#36,POSITIVE_LENGTH_MEASURE(2.E-2),#9);
#14481=PRESENTATION_STYLE_ASSIGNMENT((#14480));
#14482=STYLED_ITEM('',(#14481),#14479);
#14483=DIRECTION('',(0.E0,0.E0,1.E0));
#14484=VECTOR('',#14483,1.4E0);
#14485=CARTESIAN_POINT('',(3.825843284534E0,2.076180366370E1,1.68852E0));
#14486=LINE('',#14485,#14484);
#14487=CURVE_STYLE('',#36,POSITIVE_LENGTH_MEASURE(2.E-2),#9);
#14488=PRESENTATION_STYLE_ASSIGNMENT((#14487));
#14489=STYLED_ITEM('',(#14488),#14486);
#14490=DIRECTION('',(-9.999999283166E-1,3.786381138636E-4,0.E0));
#14491=VECTOR('',#14490,3.085E1);
#14492=CARTESIAN_POINT('',(3.467584107310E1,2.075012267789E1,1.68852E0));
#14493=LINE('',#14492,#14491);
#14494=CURVE_STYLE('',#36,POSITIVE_LENGTH_MEASURE(2.E-2),#9);
#14495=PRESENTATION_STYLE_ASSIGNMENT((#14494));
#14496=STYLED_ITEM('',(#14495),#14493);
#14497=DIRECTION('',(-3.045183153258E-14,0.E0,1.E0));
#14498=VECTOR('',#14497,1.4E0);
#14499=CARTESIAN_POINT('',(3.467584107310E1,2.075012267789E1,1.68852E0));
#14500=LINE('',#14499,#14498);
#14501=CURVE_STYLE('',#36,POSITIVE_LENGTH_MEASURE(2.E-2),#9);
#14502=PRESENTATION_STYLE_ASSIGNMENT((#14501));
#14503=STYLED_ITEM('',(#14502),#14500);
#14504=CARTESIAN_POINT('',(3.467479981829E1,1.800012287502E1,1.68852E0));
#14505=DIRECTION('',(0.E0,0.E0,1.E0));
#14506=DIRECTION('',(9.999999283166E-1,-3.786381139460E-4,0.E0));
#14507=AXIS2_PLACEMENT_3D('',#14504,#14505,#14506);
#14509=CURVE_STYLE('',#36,POSITIVE_LENGTH_MEASURE(2.E-2),#9);
#14510=PRESENTATION_STYLE_ASSIGNMENT((#14509));
#14511=STYLED_ITEM('',(#14510),#14508);
#14512=DIRECTION('',(0.E0,5.329070518201E-14,1.E0));
#14513=VECTOR('',#14512,1.4E0);
#14514=CARTESIAN_POINT('',(3.742479962116E1,1.799908162021E1,1.68852E0));
#14515=LINE('',#14514,#14513);
#14516=CURVE_STYLE('',#36,POSITIVE_LENGTH_MEASURE(2.E-2),#9);
#14517=PRESENTATION_STYLE_ASSIGNMENT((#14516));
#14518=STYLED_ITEM('',(#14517),#14515);
#14519=DIRECTION('',(3.786381138643E-4,9.999999283166E-1,0.E0));
#14520=VECTOR('',#14519,1.4E1);
#14521=CARTESIAN_POINT('',(3.741949868756E1,3.999082623776E0,1.68852E0));
#14522=LINE('',#14521,#14520);
#14523=CURVE_STYLE('',#36,POSITIVE_LENGTH_MEASURE(2.E-2),#9);
#14524=PRESENTATION_STYLE_ASSIGNMENT((#14523));
#14525=STYLED_ITEM('',(#14524),#14522);
#14526=DIRECTION('',(0.E0,-5.360791176047E-14,1.E0));
#14527=VECTOR('',#14526,1.4E0);
#14528=CARTESIAN_POINT('',(3.741949868756E1,3.999082623776E0,1.68852E0));
#14529=LINE('',#14528,#14527);
#14530=CURVE_STYLE('',#36,POSITIVE_LENGTH_MEASURE(2.E-2),#9);
#14531=PRESENTATION_STYLE_ASSIGNMENT((#14530));
#14532=STYLED_ITEM('',(#14531),#14529);
#14533=CARTESIAN_POINT('',(3.466949888469E1,4.000123878589E0,3.08852E0));
#14534=DIRECTION('',(0.E0,0.E0,1.E0));
#14535=DIRECTION('',(-3.786381138634E-4,-9.999999283166E-1,0.E0));
#14536=AXIS2_PLACEMENT_3D('',#14533,#14534,#14535);
#14538=CURVE_STYLE('',#36,POSITIVE_LENGTH_MEASURE(2.E-2),#9);
#14539=PRESENTATION_STYLE_ASSIGNMENT((#14538));
#14540=STYLED_ITEM('',(#14539),#14537);
#14541=DIRECTION('',(9.999999283166E-1,-3.786381138635E-4,0.E0));
#14542=VECTOR('',#14541,3.085E1);
#14543=CARTESIAN_POINT('',(3.818459841313E0,1.261805061531E0,3.08852E0));
#14544=LINE('',#14543,#14542);
#14545=CURVE_STYLE('',#36,POSITIVE_LENGTH_MEASURE(2.E-2),#9);
#14546=PRESENTATION_STYLE_ASSIGNMENT((#14545));
#14547=STYLED_ITEM('',(#14546),#14544);
#14548=CARTESIAN_POINT('',(3.819501096127E0,4.011804864401E0,3.08852E0));
#14549=DIRECTION('',(0.E0,0.E0,1.E0));
#14550=DIRECTION('',(-9.999999283166E-1,3.786381138634E-4,0.E0));
#14551=AXIS2_PLACEMENT_3D('',#14548,#14549,#14550);
#14553=CURVE_STYLE('',#36,POSITIVE_LENGTH_MEASURE(2.E-2),#9);
#14554=PRESENTATION_STYLE_ASSIGNMENT((#14553));
#14555=STYLED_ITEM('',(#14554),#14552);
#14556=DIRECTION('',(-3.786381138635E-4,-9.999999283166E-1,0.E0));
#14557=VECTOR('',#14556,1.4E1);
#14558=CARTESIAN_POINT('',(1.074802226850E0,1.801284511565E1,3.08852E0));
#14559=LINE('',#14558,#14557);
#14560=CURVE_STYLE('',#36,POSITIVE_LENGTH_MEASURE(2.E-2),#9);
#14561=PRESENTATION_STYLE_ASSIGNMENT((#14560));
#14562=STYLED_ITEM('',(#14561),#14559);
#14563=CARTESIAN_POINT('',(3.824802029721E0,1.801180386083E1,3.08852E0));
#14564=DIRECTION('',(0.E0,0.E0,1.E0));
#14565=DIRECTION('',(3.786381138637E-4,9.999999283166E-1,0.E0));
#14566=AXIS2_PLACEMENT_3D('',#14563,#14564,#14565);
#14568=CURVE_STYLE('',#36,POSITIVE_LENGTH_MEASURE(2.E-2),#9);
#14569=PRESENTATION_STYLE_ASSIGNMENT((#14568));
#14570=STYLED_ITEM('',(#14569),#14567);
#14571=DIRECTION('',(-9.999999283166E-1,3.786381138636E-4,0.E0));
#14572=VECTOR('',#14571,3.085E1);
#14573=CARTESIAN_POINT('',(3.467584107310E1,2.075012267789E1,3.08852E0));
#14574=LINE('',#14573,#14572);
#14575=CURVE_STYLE('',#36,POSITIVE_LENGTH_MEASURE(2.E-2),#9);
#14576=PRESENTATION_STYLE_ASSIGNMENT((#14575));
#14577=STYLED_ITEM('',(#14576),#14574);
#14578=CARTESIAN_POINT('',(3.467479981829E1,1.800012287502E1,3.08852E0));
#14579=DIRECTION('',(0.E0,0.E0,1.E0));
#14580=DIRECTION('',(9.999999283166E-1,-3.786381138646E-4,0.E0));
#14581=AXIS2_PLACEMENT_3D('',#14578,#14579,#14580);
#14583=CURVE_STYLE('',#36,POSITIVE_LENGTH_MEASURE(2.E-2),#9);
#14584=PRESENTATION_STYLE_ASSIGNMENT((#14583));
#14585=STYLED_ITEM('',(#14584),#14582);
#14586=DIRECTION('',(3.786381138643E-4,9.999999283166E-1,0.E0));
#14587=VECTOR('',#14586,1.4E1);
#14588=CARTESIAN_POINT('',(3.741949868756E1,3.999082623775E0,3.08852E0));
#14589=LINE('',#14588,#14587);
#14590=CURVE_STYLE('',#36,POSITIVE_LENGTH_MEASURE(2.E-2),#9);
#14591=PRESENTATION_STYLE_ASSIGNMENT((#14590));
#14592=STYLED_ITEM('',(#14591),#14589);
#14593=CARTESIAN_POINT('',(3.466845762988E1,1.250124075718E0,3.08852E0));
#14594=CARTESIAN_POINT('',(3.741949868756E1,3.999082623775E0,3.08852E0));
#14595=VERTEX_POINT('',#14593);
#14596=VERTEX_POINT('',#14594);
#14597=CARTESIAN_POINT('',(3.742479962116E1,1.799908162021E1,3.08852E0));
#14598=VERTEX_POINT('',#14597);
#14599=CARTESIAN_POINT('',(3.467584107310E1,2.075012267789E1,3.08852E0));
#14600=VERTEX_POINT('',#14599);
#14601=CARTESIAN_POINT('',(3.825843284534E0,2.076180366370E1,3.08852E0));
#14602=VERTEX_POINT('',#14601);
#14603=CARTESIAN_POINT('',(1.074802226850E0,1.801284511565E1,3.08852E0));
#14604=VERTEX_POINT('',#14603);
#14605=CARTESIAN_POINT('',(1.069501293256E0,4.012846119214E0,3.08852E0));
#14606=VERTEX_POINT('',#14605);
#14607=CARTESIAN_POINT('',(3.818459841313E0,1.261805061531E0,3.08852E0));
#14608=VERTEX_POINT('',#14607);
#14609=CARTESIAN_POINT('',(4.074707352271E0,1.776170921923E1,1.68852E0));
#14610=CARTESIAN_POINT('',(4.069595737734E0,4.261710186952E0,1.68852E0));
#14611=VERTEX_POINT('',#14609);
#14612=VERTEX_POINT('',#14610);
#14613=CARTESIAN_POINT('',(3.442470517668E1,1.775021755247E1,1.68852E0));
#14614=VERTEX_POINT('',#14613);
#14615=CARTESIAN_POINT('',(3.441959356214E1,4.250218520196E0,1.68852E0));
#14616=VERTEX_POINT('',#14615);
#14617=CARTESIAN_POINT('',(3.466845762988E1,1.250124075718E0,1.68852E0));
#14618=CARTESIAN_POINT('',(3.741949868756E1,3.999082623776E0,1.68852E0));
#14619=VERTEX_POINT('',#14617);
#14620=VERTEX_POINT('',#14618);
#14621=CARTESIAN_POINT('',(3.742479962116E1,1.799908162021E1,1.68852E0));
#14622=VERTEX_POINT('',#14621);
#14623=CARTESIAN_POINT('',(3.467584107310E1,2.075012267789E1,1.68852E0));
#14624=VERTEX_POINT('',#14623);
#14625=CARTESIAN_POINT('',(3.825843284534E0,2.076180366370E1,1.68852E0));
#14626=VERTEX_POINT('',#14625);
#14627=CARTESIAN_POINT('',(1.074802226850E0,1.801284511565E1,1.68852E0));
#14628=VERTEX_POINT('',#14627);
#14629=CARTESIAN_POINT('',(1.069501293256E0,4.012846119214E0,1.68852E0));
#14630=VERTEX_POINT('',#14629);
#14631=CARTESIAN_POINT('',(3.818459841313E0,1.261805061531E0,1.68852E0));
#14632=VERTEX_POINT('',#14631);
#14633=CARTESIAN_POINT('',(4.069595737734E0,4.261710186952E0,1.18852E0));
#14634=CARTESIAN_POINT('',(4.074707352271E0,1.776170921923E1,1.18852E0));
#14635=VERTEX_POINT('',#14633);
#14636=VERTEX_POINT('',#14634);
#14637=CARTESIAN_POINT('',(3.442470517668E1,1.775021755247E1,1.18852E0));
#14638=VERTEX_POINT('',#14637);
#14639=CARTESIAN_POINT('',(3.441959356214E1,4.250218520196E0,1.18852E0));
#14640=VERTEX_POINT('',#14639);
#14641=CARTESIAN_POINT('',(8.335016868621E-3,2.201314650047E1,1.18852E0));
#14642=DIRECTION('',(0.E0,0.E0,1.E0));
#14643=DIRECTION('',(-9.999999283166E-1,3.786381138635E-4,0.E0));
#14644=AXIS2_PLACEMENT_3D('',#14641,#14642,#14643);
#14645=PLANE('',#14644);
#14647=ORIENTED_EDGE('',*,*,#14646,.F.);
#14649=ORIENTED_EDGE('',*,*,#14648,.F.);
#14651=ORIENTED_EDGE('',*,*,#14650,.F.);
#14653=ORIENTED_EDGE('',*,*,#14652,.F.);
#14654=EDGE_LOOP('',(#14647,#14649,#14651,#14653));
#14655=FACE_OUTER_BOUND('',#14654,.F.);
#14656=ADVANCED_FACE('',(#14655),#14645,.F.);
#14657=CARTESIAN_POINT('',(4.069595737734E0,4.261710186952E0,1.18852E0));
#14658=DIRECTION('',(9.999999283166E-1,-3.786381138635E-4,0.E0));
#14659=DIRECTION('',(3.786381138635E-4,9.999999283166E-1,0.E0));
#14660=AXIS2_PLACEMENT_3D('',#14657,#14658,#14659);
#14661=PLANE('',#14660);
#14662=ORIENTED_EDGE('',*,*,#14646,.T.);
#14664=ORIENTED_EDGE('',*,*,#14663,.T.);
#14666=ORIENTED_EDGE('',*,*,#14665,.T.);
#14668=ORIENTED_EDGE('',*,*,#14667,.F.);
#14669=EDGE_LOOP('',(#14662,#14664,#14666,#14668));
#14670=FACE_OUTER_BOUND('',#14669,.F.);
#14671=ADVANCED_FACE('',(#14670),#14661,.F.);
#14672=CARTESIAN_POINT('',(4.074707352271E0,1.776170921923E1,1.18852E0));
#14673=DIRECTION('',(-3.786381138637E-4,-9.999999283166E-1,0.E0));
#14674=DIRECTION('',(9.999999283166E-1,-3.786381138637E-4,0.E0));
#14675=AXIS2_PLACEMENT_3D('',#14672,#14673,#14674);
#14676=PLANE('',#14675);
#14677=ORIENTED_EDGE('',*,*,#14652,.T.);
#14679=ORIENTED_EDGE('',*,*,#14678,.T.);
#14681=ORIENTED_EDGE('',*,*,#14680,.T.);
#14682=ORIENTED_EDGE('',*,*,#14663,.F.);
#14683=EDGE_LOOP('',(#14677,#14679,#14681,#14682));
#14684=FACE_OUTER_BOUND('',#14683,.F.);
#14685=ADVANCED_FACE('',(#14684),#14676,.F.);
#14686=CARTESIAN_POINT('',(3.442470517668E1,1.775021755247E1,1.18852E0));
#14687=DIRECTION('',(-9.999999283166E-1,3.786381138635E-4,0.E0));
#14688=DIRECTION('',(-3.786381138635E-4,-9.999999283166E-1,0.E0));
#14689=AXIS2_PLACEMENT_3D('',#14686,#14687,#14688);
#14690=PLANE('',#14689);
#14691=ORIENTED_EDGE('',*,*,#14650,.T.);
#14693=ORIENTED_EDGE('',*,*,#14692,.T.);
#14695=ORIENTED_EDGE('',*,*,#14694,.T.);
#14696=ORIENTED_EDGE('',*,*,#14678,.F.);
#14697=EDGE_LOOP('',(#14691,#14693,#14695,#14696));
#14698=FACE_OUTER_BOUND('',#14697,.F.);
#14699=ADVANCED_FACE('',(#14698),#14690,.F.);
#14700=CARTESIAN_POINT('',(3.441959356214E1,4.250218520196E0,1.18852E0));
#14701=DIRECTION('',(3.786381138635E-4,9.999999283166E-1,0.E0));
#14702=DIRECTION('',(-9.999999283166E-1,3.786381138635E-4,0.E0));
#14703=AXIS2_PLACEMENT_3D('',#14700,#14701,#14702);
#14704=PLANE('',#14703);
#14705=ORIENTED_EDGE('',*,*,#14648,.T.);
#14706=ORIENTED_EDGE('',*,*,#14667,.T.);
#14708=ORIENTED_EDGE('',*,*,#14707,.T.);
#14709=ORIENTED_EDGE('',*,*,#14692,.F.);
#14710=EDGE_LOOP('',(#14705,#14706,#14708,#14709));
#14711=FACE_OUTER_BOUND('',#14710,.F.);
#14712=ADVANCED_FACE('',(#14711),#14704,.F.);
#14713=CARTESIAN_POINT('',(8.335016868621E-3,2.201314650047E1,1.68852E0));
#14714=DIRECTION('',(0.E0,0.E0,1.E0));
#14715=DIRECTION('',(-9.999999283166E-1,3.786381138635E-4,0.E0));
#14716=AXIS2_PLACEMENT_3D('',#14713,#14714,#14715);
#14717=PLANE('',#14716);
#14719=ORIENTED_EDGE('',*,*,#14718,.T.);
#14721=ORIENTED_EDGE('',*,*,#14720,.T.);
#14723=ORIENTED_EDGE('',*,*,#14722,.T.);
#14725=ORIENTED_EDGE('',*,*,#14724,.T.);
#14727=ORIENTED_EDGE('',*,*,#14726,.T.);
#14729=ORIENTED_EDGE('',*,*,#14728,.T.);
#14731=ORIENTED_EDGE('',*,*,#14730,.T.);
#14733=ORIENTED_EDGE('',*,*,#14732,.T.);
#14734=EDGE_LOOP('',(#14719,#14721,#14723,#14725,#14727,#14729,#14731,#14733));
#14735=FACE_OUTER_BOUND('',#14734,.F.);
#14736=ORIENTED_EDGE('',*,*,#14665,.F.);
#14737=ORIENTED_EDGE('',*,*,#14680,.F.);
#14738=ORIENTED_EDGE('',*,*,#14694,.F.);
#14739=ORIENTED_EDGE('',*,*,#14707,.F.);
#14740=EDGE_LOOP('',(#14736,#14737,#14738,#14739));
#14741=FACE_BOUND('',#14740,.F.);
#14742=ADVANCED_FACE('',(#14735,#14741),#14717,.F.);
#14743=CARTESIAN_POINT('',(3.466949888469E1,4.000123878589E0,1.18852E0));
#14744=DIRECTION('',(0.E0,0.E0,1.E0));
#14745=DIRECTION('',(-9.999999283166E-1,3.786381138635E-4,0.E0));
#14746=AXIS2_PLACEMENT_3D('',#14743,#14744,#14745);
#14747=CYLINDRICAL_SURFACE('',#14746,2.75E0);
#14748=ORIENTED_EDGE('',*,*,#14718,.F.);
#14750=ORIENTED_EDGE('',*,*,#14749,.T.);
#14752=ORIENTED_EDGE('',*,*,#14751,.T.);
#14754=ORIENTED_EDGE('',*,*,#14753,.F.);
#14755=EDGE_LOOP('',(#14748,#14750,#14752,#14754));
#14756=FACE_OUTER_BOUND('',#14755,.F.);
#14757=ADVANCED_FACE('',(#14756),#14747,.T.);
#14758=CARTESIAN_POINT('',(3.818459841313E0,1.261805061531E0,1.18852E0));
#14759=DIRECTION('',(-3.786381138635E-4,-9.999999283166E-1,0.E0));
#14760=DIRECTION('',(9.999999283166E-1,-3.786381138635E-4,0.E0));
#14761=AXIS2_PLACEMENT_3D('',#14758,#14759,#14760);
#14762=PLANE('',#14761);
#14763=ORIENTED_EDGE('',*,*,#14732,.F.);
#14765=ORIENTED_EDGE('',*,*,#14764,.T.);
#14767=ORIENTED_EDGE('',*,*,#14766,.T.);
#14768=ORIENTED_EDGE('',*,*,#14749,.F.);
#14769=EDGE_LOOP('',(#14763,#14765,#14767,#14768));
#14770=FACE_OUTER_BOUND('',#14769,.F.);
#14771=ADVANCED_FACE('',(#14770),#14762,.T.);
#14772=CARTESIAN_POINT('',(3.819501096127E0,4.011804864401E0,1.18852E0));
#14773=DIRECTION('',(0.E0,0.E0,1.E0));
#14774=DIRECTION('',(-9.999999283166E-1,3.786381138635E-4,0.E0));
#14775=AXIS2_PLACEMENT_3D('',#14772,#14773,#14774);
#14776=CYLINDRICAL_SURFACE('',#14775,2.75E0);
#14777=ORIENTED_EDGE('',*,*,#14730,.F.);
#14779=ORIENTED_EDGE('',*,*,#14778,.T.);
#14781=ORIENTED_EDGE('',*,*,#14780,.T.);
#14782=ORIENTED_EDGE('',*,*,#14764,.F.);
#14783=EDGE_LOOP('',(#14777,#14779,#14781,#14782));
#14784=FACE_OUTER_BOUND('',#14783,.F.);
#14785=ADVANCED_FACE('',(#14784),#14776,.T.);
#14786=CARTESIAN_POINT('',(1.074802226850E0,1.801284511565E1,1.18852E0));
#14787=DIRECTION('',(-9.999999283166E-1,3.786381138635E-4,0.E0));
#14788=DIRECTION('',(-3.786381138635E-4,-9.999999283166E-1,0.E0));
#14789=AXIS2_PLACEMENT_3D('',#14786,#14787,#14788);
#14790=PLANE('',#14789);
#14791=ORIENTED_EDGE('',*,*,#14728,.F.);
#14793=ORIENTED_EDGE('',*,*,#14792,.T.);
#14795=ORIENTED_EDGE('',*,*,#14794,.T.);
#14796=ORIENTED_EDGE('',*,*,#14778,.F.);
#14797=EDGE_LOOP('',(#14791,#14793,#14795,#14796));
#14798=FACE_OUTER_BOUND('',#14797,.F.);
#14799=ADVANCED_FACE('',(#14798),#14790,.T.);
#14800=CARTESIAN_POINT('',(3.824802029721E0,1.801180386083E1,1.18852E0));
#14801=DIRECTION('',(0.E0,0.E0,1.E0));
#14802=DIRECTION('',(-9.999999283166E-1,3.786381138635E-4,0.E0));
#14803=AXIS2_PLACEMENT_3D('',#14800,#14801,#14802);
#14804=CYLINDRICAL_SURFACE('',#14803,2.75E0);
#14805=ORIENTED_EDGE('',*,*,#14726,.F.);
#14807=ORIENTED_EDGE('',*,*,#14806,.T.);
#14809=ORIENTED_EDGE('',*,*,#14808,.T.);
#14810=ORIENTED_EDGE('',*,*,#14792,.F.);
#14811=EDGE_LOOP('',(#14805,#14807,#14809,#14810));
#14812=FACE_OUTER_BOUND('',#14811,.F.);
#14813=ADVANCED_FACE('',(#14812),#14804,.T.);
#14814=CARTESIAN_POINT('',(3.467584107310E1,2.075012267789E1,1.18852E0));
#14815=DIRECTION('',(3.786381138635E-4,9.999999283166E-1,0.E0));
#14816=DIRECTION('',(-9.999999283166E-1,3.786381138635E-4,0.E0));
#14817=AXIS2_PLACEMENT_3D('',#14814,#14815,#14816);
#14818=PLANE('',#14817);
#14819=ORIENTED_EDGE('',*,*,#14724,.F.);
#14821=ORIENTED_EDGE('',*,*,#14820,.T.);
#14823=ORIENTED_EDGE('',*,*,#14822,.T.);
#14824=ORIENTED_EDGE('',*,*,#14806,.F.);
#14825=EDGE_LOOP('',(#14819,#14821,#14823,#14824));
#14826=FACE_OUTER_BOUND('',#14825,.F.);
#14827=ADVANCED_FACE('',(#14826),#14818,.T.);
#14828=CARTESIAN_POINT('',(3.467479981829E1,1.800012287502E1,1.18852E0));
#14829=DIRECTION('',(0.E0,0.E0,1.E0));
#14830=DIRECTION('',(-9.999999283166E-1,3.786381138635E-4,0.E0));
#14831=AXIS2_PLACEMENT_3D('',#14828,#14829,#14830);
#14832=CYLINDRICAL_SURFACE('',#14831,2.75E0);
#14833=ORIENTED_EDGE('',*,*,#14722,.F.);
#14835=ORIENTED_EDGE('',*,*,#14834,.T.);
#14837=ORIENTED_EDGE('',*,*,#14836,.T.);
#14838=ORIENTED_EDGE('',*,*,#14820,.F.);
#14839=EDGE_LOOP('',(#14833,#14835,#14837,#14838));
#14840=FACE_OUTER_BOUND('',#14839,.F.);
#14841=ADVANCED_FACE('',(#14840),#14832,.T.);
#14842=CARTESIAN_POINT('',(3.741949868756E1,3.999082623775E0,1.18852E0));
#14843=DIRECTION('',(9.999999283166E-1,-3.786381138635E-4,0.E0));
#14844=DIRECTION('',(3.786381138635E-4,9.999999283166E-1,0.E0));
#14845=AXIS2_PLACEMENT_3D('',#14842,#14843,#14844);
#14846=PLANE('',#14845);
#14847=ORIENTED_EDGE('',*,*,#14720,.F.);
#14848=ORIENTED_EDGE('',*,*,#14753,.T.);
#14850=ORIENTED_EDGE('',*,*,#14849,.T.);
#14851=ORIENTED_EDGE('',*,*,#14834,.F.);
#14852=EDGE_LOOP('',(#14847,#14848,#14850,#14851));
#14853=FACE_OUTER_BOUND('',#14852,.F.);
#14854=ADVANCED_FACE('',(#14853),#14846,.T.);
#14855=CARTESIAN_POINT('',(8.335016868621E-3,2.201314650047E1,3.08852E0));
#14856=DIRECTION('',(0.E0,0.E0,1.E0));
#14857=DIRECTION('',(-9.999999283166E-1,3.786381138635E-4,0.E0));
#14858=AXIS2_PLACEMENT_3D('',#14855,#14856,#14857);
#14859=PLANE('',#14858);
#14860=ORIENTED_EDGE('',*,*,#14751,.F.);
#14861=ORIENTED_EDGE('',*,*,#14766,.F.);
#14862=ORIENTED_EDGE('',*,*,#14780,.F.);
#14863=ORIENTED_EDGE('',*,*,#14794,.F.);
#14864=ORIENTED_EDGE('',*,*,#14808,.F.);
#14865=ORIENTED_EDGE('',*,*,#14822,.F.);
#14866=ORIENTED_EDGE('',*,*,#14836,.F.);
#14867=ORIENTED_EDGE('',*,*,#14849,.F.);
#14868=EDGE_LOOP('',(#14860,#14861,#14862,#14863,#14864,#14865,#14866,#14867));
#14869=FACE_OUTER_BOUND('',#14868,.F.);
#14870=ADVANCED_FACE('',(#14869),#14859,.T.);
#14873=FILL_AREA_STYLE_COLOUR('',#9);
#14874=FILL_AREA_STYLE('',(#14873));
#14875=SURFACE_STYLE_FILL_AREA(#14874);
#14876=SURFACE_SIDE_STYLE('',(#14875));
#14877=SURFACE_STYLE_USAGE(.BOTH.,#14876);
#14878=PRESENTATION_STYLE_ASSIGNMENT((#14877));
#14332=STYLED_ITEM('',(#14878),#14872);
#14880=DIMENSIONAL_EXPONENTS(0.E0,0.E0,0.E0,0.E0,0.E0,0.E0,0.E0);
#14882=PLANE_ANGLE_MEASURE_WITH_UNIT(PLANE_ANGLE_MEASURE(1.745329251994E-2),
#14881);
#14883=(CONVERSION_BASED_UNIT('DEGREE',#14882)NAMED_UNIT(*)PLANE_ANGLE_UNIT());
#14885=UNCERTAINTY_MEASURE_WITH_UNIT(LENGTH_MEASURE(3.9E-4),#14879,'closure',
'Maximum model space distance between geometric entities at asserted connectivities');
#14886=(GEOMETRIC_REPRESENTATION_CONTEXT(3)GLOBAL_UNCERTAINTY_ASSIGNED_CONTEXT((
#14885))GLOBAL_UNIT_ASSIGNED_CONTEXT((#14879,#14883,#14884))REPRESENTATION_CONTEXT('ID26','3'));
#14887=CARTESIAN_POINT('',(0.E0,0.E0,0.E0));
#14888=DIRECTION('',(0.E0,0.E0,1.E0));
#14889=DIRECTION('',(1.E0,0.E0,0.E0));
#14892=MECHANICAL_CONTEXT('',#781,'mechanical');
#14893=PRODUCT('LCD','LCD','NOT SPECIFIED',(#14892));
#14894=PRODUCT_DEFINITION_FORMATION_WITH_SPECIFIED_SOURCE('2','LAST_VERSION',
#14893,.MADE.);
#14900=CARTESIAN_POINT('',(0.E0,0.E0,0.E0));
#14901=DIRECTION('',(0.E0,0.E0,1.E0));
#14902=DIRECTION('',(1.E0,0.E0,0.E0));
#14903=AXIS2_PLACEMENT_3D('',#14900,#14901,#14902);
#14904=ITEM_DEFINED_TRANSFORMATION('','',#14890,#14903);
#14905=(REPRESENTATION_RELATIONSHIP('','',#14891,#11318)REPRESENTATION_RELATIONSHIP_WITH_TRANSFORMATION(#14904)SHAPE_REPRESENTATION_RELATIONSHIP());
#14906=CONTEXT_DEPENDENT_SHAPE_REPRESENTATION(#14905,#14899);
#14908=DIMENSIONAL_EXPONENTS(0.E0,0.E0,0.E0,0.E0,0.E0,0.E0,0.E0);
#14910=PLANE_ANGLE_MEASURE_WITH_UNIT(PLANE_ANGLE_MEASURE(1.745329251994E-2),
#14909);
#14911=(CONVERSION_BASED_UNIT('DEGREE',#14910)NAMED_UNIT(*)PLANE_ANGLE_UNIT());
#14913=UNCERTAINTY_MEASURE_WITH_UNIT(LENGTH_MEASURE(8.659907627683E-2),#14907,
'closure',
'Maximum model space distance between geometric entities at asserted connectivities');
#14914=(GEOMETRIC_REPRESENTATION_CONTEXT(3)GLOBAL_UNCERTAINTY_ASSIGNED_CONTEXT((
#14913))GLOBAL_UNIT_ASSIGNED_CONTEXT((#14907,#14911,#14912))REPRESENTATION_CONTEXT('ID27','3'));
#14915=CARTESIAN_POINT('',(0.E0,0.E0,0.E0));
#14916=DIRECTION('',(0.E0,0.E0,1.E0));
#14917=DIRECTION('',(1.E0,0.E0,0.E0));
#14919=MECHANICAL_DESIGN_GEOMETRIC_PRESENTATION_REPRESENTATION('',(#39,#46,#53,
#60,#68,#75,#83,#90,#98,#105,#113,#121,#129,#137,#145,#153,#161,#169,#177,#185,
#192,#200,#207,#215,#222,#230,#237,#245,#253,#260,#267,#275,#283,#290,#297,#305,
#313,#320,#327,#335,#342,#349,#356,#363,#370,#377,#384,#391,#30,#813,#820,#827,
#834,#841,#848,#855,#862,#869,#876,#883,#891,#898,#905,#912,#920,#927,#935,#942,
#949,#956,#964,#972,#979,#987,#994,#1002,#1009,#1017,#1024,#1031,#1038,#1045,
#1052,#1059,#1066,#1073,#1080,#1087,#1094,#1101,#1108,#1115,#1122,#1129,#1136,
#1143,#1150,#1157,#1165,#1172,#1180,#1187,#1195,#1202,#1210,#1217,#1224,#1232,
#1239,#1246,#1253,#1261,#1268,#1276,#1283,#1290,#1297,#1305,#1312,#1319,#1326,
#1333,#1340,#1347,#1354,#1361,#1368,#1375,#1382,#1389,#1396,#1403,#1410,#1417,
#1424,#1431,#1438,#1445,#1452,#1459,#1466,#1473,#1480,#1488,#1495,#1502,#1509,
#1517,#1524,#1532,#1539,#1546,#1553,#1561,#1569,#1576,#1584,#1591,#1599,#1606,
#1614,#1621,#1628,#1635,#1642,#1649,#1656,#1663,#1670,#1677,#1684,#1691,#1698,
#1705,#1712,#1719,#1726,#1733,#1740,#1747,#1755,#1762,#1769,#1776,#1784,#1791,
#1799,#1806,#1813,#1820,#1828,#1836,#1843,#1851,#1858,#1866,#1873,#1881,#1888,
#1895,#1902,#1909,#1916,#1923,#1930,#1937,#1944,#1951,#1958,#1965,#1972,#1979,
#1986,#1993,#2000,#2007,#2015,#2022,#2029,#2036,#2044,#2051,#2059,#2066,#2073,
#2080,#2088,#2095,#2103,#2110,#2118,#2126,#2133,#2141,#2148,#2155,#2162,#2169,
#2176,#2183,#2190,#2197,#2204,#2211,#2218,#2225,#2232,#2239,#2246,#2253,#2260,
#2267,#2274,#2281,#2568,#2590,#2636,#2833,#2854,#2883,#2918,#3142,#3162,#3181,
#806,#3913,#3921,#3928,#3936,#3943,#3950,#3957,#3965,#3973,#3981,#3988,#3995,
#4003,#4011,#4019,#4026,#4033,#4041,#4049,#4057,#4064,#4071,#4078,#4085,#4092,
#4100,#4107,#4115,#4122,#4129,#4136,#4144,#4151,#4159,#4166,#4174,#4181,#4189,
#4196,#4203,#4210,#4217,#4224,#4231,#4239,#4247,#4255,#4262,#4269,#4276,#4283,
#4290,#4297,#4304,#4311,#4318,#4325,#4332,#4339,#4346,#4353,#4360,#4368,#4376,
#4384,#4391,#4398,#4406,#4414,#4422,#4429,#4436,#4444,#4452,#4460,#4467,#4474,
#4482,#4490,#4498,#4616,#4638,#4798,#4819,#4840,#4861,#4883,#4904,#3906,#5383,
#5390,#5397,#5404,#5411,#5418,#5425,#5432,#5439,#5446,#5453,#5461,#5469,#5476,
#5483,#5490,#5497,#5505,#5512,#5519,#5526,#5534,#5541,#5548,#5555,#5562,#5569,
#5576,#5583,#5590,#5597,#5604,#5611,#5618,#5625,#5632,#5639,#5646,#5653,#5661,
#5669,#5676,#5683,#5690,#5697,#5704,#5711,#5718,#5725,#5732,#5739,#5746,#5753,
#5760,#5767,#5774,#5781,#5788,#5795,#5803,#5810,#5817,#5824,#5832,#5839,#5846,
#5854,#5862,#5869,#5876,#5883,#5890,#5897,#5904,#5911,#5918,#5925,#5932,#5939,
#5946,#5953,#5961,#5968,#5975,#5982,#5990,#5997,#6004,#6011,#6018,#6025,#6032,
#6039,#6046,#6053,#6060,#6067,#6074,#6081,#6088,#6095,#6102,#6109,#6116,#6123,
#6130,#6137,#6144,#6151,#6158,#6165,#6172,#6324,#6346,#6375,#6463,#6489,#6511,
#6532,#6554,#6590,#6658,#6678,#6699,#6718,#6738,#6757,#6922,#7047,#5376,#7209,
#7216,#7224,#7231,#7239,#7247,#7255,#7263,#7270,#7278,#7285,#7293,#7301,#7308,
#7315,#7322,#7330,#7337,#7345,#7353,#7361,#7369,#7377,#7384,#7392,#7399,#7407,
#7414,#7421,#7428,#7435,#7442,#7449,#7456,#7463,#7470,#7477,#7484,#7491,#7499,
#7507,#7515,#7522,#7529,#7536,#7543,#7550,#7557,#7564,#7572,#7580,#7588,#7595,
#7602,#7609,#7616,#7624,#7632,#7640,#7647,#7654,#7662,#7670,#7678,#7685,#7692,
#7699,#7706,#7713,#7721,#7729,#7737,#7744,#7751,#7758,#7765,#7772,#7779,#7786,
#7793,#7800,#7808,#7816,#7824,#7831,#7838,#7845,#7852,#7860,#7868,#7876,#7883,
#7890,#7898,#7906,#7914,#8049,#8097,#8119,#8140,#8186,#8206,#8226,#8246,#8265,
#8284,#8306,#8328,#8348,#8368,#8389,#8410,#8431,#8453,#8472,#8492,#8512,#8533,
#8552,#8573,#8592,#8612,#8631,#8653,#8675,#8695,#8715,#8736,#8757,#8778,#8799,
#8820,#8842,#8861,#8880,#8901,#8921,#8940,#8960,#8978,#7202,#9242,#9249,#9257,
#9265,#9273,#9281,#9288,#9295,#9302,#9309,#9316,#9323,#9330,#9337,#9344,#9351,
#9358,#9365,#9372,#9379,#9386,#9393,#9400,#9407,#9414,#9421,#9428,#9435,#9442,
#9449,#9456,#9463,#9470,#9477,#9235,#9809,#9817,#9825,#9832,#9840,#9848,#9802,
#9957,#9964,#9972,#9980,#9987,#9995,#10002,#10009,#10016,#10023,#10030,#10037,
#10044,#10051,#10058,#10065,#10072,#10079,#10086,#10093,#10100,#10107,#10114,
#10121,#10128,#10135,#10142,#10150,#10157,#10165,#10172,#10179,#10186,#10194,
#10201,#10209,#9949,#10529,#10536,#10544,#10552,#10559,#10567,#10574,#10581,
#10588,#10595,#10602,#10609,#10616,#10623,#10630,#10637,#10644,#10651,#10658,
#10665,#10672,#10679,#10686,#10693,#10700,#10707,#10714,#10721,#10728,#10735,
#10743,#10750,#10758,#10766,#10773,#10781,#10521,#11335,#11342,#11349,#11356,
#11363,#11370,#11377,#11384,#11391,#11398,#11405,#11412,#11419,#11426,#11433,
#11440,#11447,#11454,#11461,#11468,#11475,#11482,#11489,#11496,#11503,#11510,
#11517,#11524,#11531,#11538,#11545,#11552,#11559,#11566,#11573,#11580,#11587,
#11594,#11602,#11610,#11618,#11626,#11634,#11642,#11650,#11658,#11666,#11674,
#11682,#11690,#11698,#11706,#11714,#11722,#11729,#11736,#11743,#11750,#11757,
#11764,#11771,#11778,#11785,#11792,#11799,#11806,#11813,#11820,#11827,#11834,
#11841,#11848,#11855,#11862,#11869,#11876,#11883,#11890,#11897,#11904,#11911,
#11918,#11925,#11932,#11940,#11948,#11956,#11964,#11972,#11980,#11988,#11996,
#12004,#12012,#12020,#12028,#12036,#12044,#12052,#12060,#12067,#12074,#12081,
#12088,#12095,#12102,#12109,#12116,#12123,#12130,#12137,#12144,#12151,#12158,
#11328,#13074,#13082,#13090,#13098,#13106,#13113,#13120,#13128,#13136,#13144,
#13152,#13160,#13167,#13175,#13182,#13189,#13197,#13205,#13067,#13383,#13391,
#13399,#13407,#13415,#13422,#13429,#13437,#13445,#13453,#13461,#13469,#13476,
#13484,#13491,#13498,#13506,#13514,#13376,#13692,#13700,#13708,#13716,#13724,
#13731,#13738,#13746,#13754,#13762,#13770,#13778,#13785,#13793,#13800,#13807,
#13815,#13823,#13685,#14001,#14009,#14017,#14025,#14033,#14040,#14047,#14055,
#14063,#14071,#14079,#14087,#14094,#14102,#14109,#14116,#14124,#14132,#13994,
#14339,#14346,#14353,#14360,#14367,#14374,#14381,#14388,#14395,#14402,#14409,
#14416,#14424,#14431,#14438,#14445,#14453,#14460,#14467,#14474,#14482,#14489,
#14496,#14503,#14511,#14518,#14525,#14532,#14540,#14547,#14555,#14562,#14570,
#14577,#14585,#14592,#14332),#14914);
#14920=DESIGN_CONTEXT('',#781,'design');
#14921=MECHANICAL_CONTEXT('',#781,'mechanical');
#14922=PRODUCT('1_47INCH_LCD_MODULE_ASM','1_47INCH_LCD_MODULE_ASM',
'NOT SPECIFIED',(#14921));
#14923=PRODUCT_DEFINITION_FORMATION_WITH_SPECIFIED_SOURCE('5','LAST_VERSION',
#14922,.MADE.);
#14925=PRODUCT_CATEGORY('part','');
#14926=PRODUCT_RELATED_PRODUCT_CATEGORY('assembly','',(#3888,#5268,#5313,#5359,
#7184,#9036,#9081,#9127,#9172,#9218,#11104,#11251,#11283,#11313,#14922));
#14927=PRODUCT_CATEGORY_RELATIONSHIP('','',#14925,#14926);
#14928=PRODUCT_CATEGORY('part','');
#14929=PRODUCT_RELATED_PRODUCT_CATEGORY('detail','',(#785,#3853,#5233,#7149,
#9001,#9780,#9930,#10500,#11073,#13053,#14318,#14893));
#14930=PRODUCT_CATEGORY_RELATIONSHIP('','',#14928,#14929);
#14931=SECURITY_CLASSIFICATION_LEVEL('unclassified');
#14932=SECURITY_CLASSIFICATION('','',#14931);
#14933=CC_DESIGN_SECURITY_CLASSIFICATION(#14932,(#786,#3854,#3889,#5234,#5269,
#5314,#5360,#7150,#7185,#9002,#9037,#9082,#9128,#9173,#9219,#9781,#9931,#10501,
#11074,#11105,#11252,#11284,#11314,#13054,#14319,#14894,#14923,#793,#3861,#3891,
#5241,#5271,#5287,#5316,#5332,#5362,#7157,#7187,#9009,#9039,#9055,#9084,#9100,
#9130,#9146,#9175,#9191,#9221,#9788,#9935,#10508,#11078,#11107,#11120,#11133,
#11146,#11159,#11172,#11185,#11198,#11211,#11224,#11257,#11286,#11319,#13058,
#14323,#14898));
#14934=APPROVAL_STATUS('approved');
#14935=APPROVAL(#14934,'');
#14936=CC_DESIGN_APPROVAL(#14935,(#14932,#786,#3854,#3889,#5234,#5269,#5314,
#5360,#7150,#7185,#9002,#9037,#9082,#9128,#9173,#9219,#9781,#9931,#10501,#11074,
#11105,#11252,#11284,#11314,#13054,#14319,#14894,#14923,#787,#3855,#3890,#5235,
#5270,#5315,#5361,#7151,#7186,#9003,#9038,#9083,#9129,#9174,#9220,#9782,#9932,
#10502,#11075,#11106,#11253,#11285,#11315,#13055,#14320,#14895,#14924));
#14937=CALENDAR_DATE(122,22,11);
#14938=COORDINATED_UNIVERSAL_TIME_OFFSET(8,0,.AHEAD.);
#14939=LOCAL_TIME(11,41,6.E0,#14938);
#14940=DATE_AND_TIME(#14937,#14939);
#14941=APPROVAL_DATE_TIME(#14940,#14935);
#14942=DATE_TIME_ROLE('creation_date');
#14943=CC_DESIGN_DATE_AND_TIME_ASSIGNMENT(#14940,#14942,(#787,#3855,#3890,#5235,
#5270,#5315,#5361,#7151,#7186,#9003,#9038,#9083,#9129,#9174,#9220,#9782,#9932,
#10502,#11075,#11106,#11253,#11285,#11315,#13055,#14320,#14895,#14924));
#14944=DATE_TIME_ROLE('classification_date');
#14945=CC_DESIGN_DATE_AND_TIME_ASSIGNMENT(#14940,#14944,(#14932));
#14946=PERSON('UNSPECIFIED','UNSPECIFIED',$,$,$,$);
#14947=ORGANIZATION('UNSPECIFIED','UNSPECIFIED','UNSPECIFIED');
#14948=PERSON_AND_ORGANIZATION(#14946,#14947);
#14949=APPROVAL_ROLE('approver');
#14950=APPROVAL_PERSON_ORGANIZATION(#14948,#14935,#14949);
#14951=PERSON_AND_ORGANIZATION_ROLE('creator');
#14952=CC_DESIGN_PERSON_AND_ORGANIZATION_ASSIGNMENT(#14948,#14951,(#786,#3854,
#3889,#5234,#5269,#5314,#5360,#7150,#7185,#9002,#9037,#9082,#9128,#9173,#9219,
#9781,#9931,#10501,#11074,#11105,#11252,#11284,#11314,#13054,#14319,#14894,
#14923,#787,#3855,#3890,#5235,#5270,#5315,#5361,#7151,#7186,#9003,#9038,#9083,
#9129,#9174,#9220,#9782,#9932,#10502,#11075,#11106,#11253,#11285,#11315,#13055,
#14320,#14895,#14924));
#14953=PERSON_AND_ORGANIZATION_ROLE('design_supplier');
#14954=CC_DESIGN_PERSON_AND_ORGANIZATION_ASSIGNMENT(#14948,#14953,(#786,#3854,
#3889,#5234,#5269,#5314,#5360,#7150,#7185,#9002,#9037,#9082,#9128,#9173,#9219,
#9781,#9931,#10501,#11074,#11105,#11252,#11284,#11314,#13054,#14319,#14894,
#14923));
#14955=PERSON_AND_ORGANIZATION_ROLE('classification_officer');
#14956=CC_DESIGN_PERSON_AND_ORGANIZATION_ASSIGNMENT(#14948,#14955,(#14932));
#14957=PERSON_AND_ORGANIZATION_ROLE('design_owner');
#14958=CC_DESIGN_PERSON_AND_ORGANIZATION_ASSIGNMENT(#14948,#14957,(#3888,#5268,
#5313,#5359,#7184,#9036,#9081,#9127,#9172,#9218,#11104,#11251,#11283,#11313,
#14922,#785,#3853,#5233,#7149,#9001,#9780,#9930,#10500,#11073,#13053,#14318,
#14893));
#1=DRAUGHTING_PRE_DEFINED_COLOUR('black');
#2=COLOUR_RGB('',0.E0,5.019607843137E-1,0.E0);
#3=COLOUR_RGB('',0.E0,7.529411764706E-1,0.E0);
#4=DRAUGHTING_PRE_DEFINED_COLOUR('green');
#5=COLOUR_RGB('',1.1E-2,1.2E-2,1.E0);
#6=COLOUR_RGB('',9.019607843137E-2,2.235294117647E-1,4.196078431373E-1);
#7=COLOUR_RGB('',9.803921568627E-2,9.803921568627E-2,9.803921568627E-2);
#8=COLOUR_RGB('',1.960784313725E-1,2.078431372549E-1,2.627450980392E-1);
#9=COLOUR_RGB('',3.883495145631E-1,3.883495145631E-1,3.883495145631E-1);
#10=COLOUR_RGB('',4.1E-1,2.61589E-1,1.12848E-1);
#11=COLOUR_RGB('',5.019607843137E-1,5.019607843137E-1,5.019607843137E-1);
#12=COLOUR_RGB('',5.04854E-1,1.5455E-2,1.5455E-2);
#13=COLOUR_RGB('',5.372549019608E-1,3.490196078431E-1,3.372549019608E-1);
#14=COLOUR_RGB('',6.35294E-1,6.86275E-1,7.4902E-1);
#15=COLOUR_RGB('',6.40777E-1,6.40777E-1,6.40777E-1);
#16=COLOUR_RGB('',6.470588235294E-1,5.176470588235E-1,0.E0);
#17=COLOUR_RGB('',6.69062E-1,6.69903E-1,6.55217E-1);
#18=COLOUR_RGB('',7.4902E-1,6.772469155508E-1,3.428068712117E-1);
#19=COLOUR_RGB('',7.529411764706E-1,7.529411764706E-1,7.529411764706E-1);
#20=COLOUR_RGB('',7.607843137255E-1,7.882352941176E-1,8.627450980392E-1);
#21=COLOUR_RGB('',8.980392156863E-1,8.980392156863E-1,8.980392156863E-1);
#22=COLOUR_RGB('',9.098039215686E-1,4.431372549020E-1,3.137254901961E-2);
#23=COLOUR_RGB('',9.21569E-1,7.05882E-1,4.70588E-1);
#24=COLOUR_RGB('',9.686274509804E-1,8.784313725490E-1,6.E-1);
#25=DRAUGHTING_PRE_DEFINED_COLOUR('red');
#26=DRAUGHTING_PRE_DEFINED_COLOUR('yellow');
#27=COLOUR_RGB('',1.E0,1.E0,5.3E-1);
#28=COLOUR_RGB('',1.E0,1.E0,9.49E-1);
#29=DRAUGHTING_PRE_DEFINED_COLOUR('white');
#35=CIRCLE('',#34,1.12499902E0);
#65=CIRCLE('',#64,3.7E0);
#80=CIRCLE('',#79,3.7E0);
#95=CIRCLE('',#94,3.7E0);
#110=CIRCLE('',#109,3.7E0);
#118=CIRCLE('',#117,1.12499902E0);
#126=CIRCLE('',#125,1.12499902E0);
#134=CIRCLE('',#133,1.12499902E0);
#142=CIRCLE('',#141,1.12499902E0);
#150=CIRCLE('',#149,1.12499902E0);
#158=CIRCLE('',#157,1.12499902E0);
#166=CIRCLE('',#165,1.12499902E0);
#174=CIRCLE('',#173,1.12499902E0);
#182=CIRCLE('',#181,1.12499902E0);
#197=CIRCLE('',#196,3.7E0);
#212=CIRCLE('',#211,3.7E0);
#227=CIRCLE('',#226,3.7E0);
#242=CIRCLE('',#241,3.7E0);
#250=CIRCLE('',#249,1.12499902E0);
#272=CIRCLE('',#271,1.12499902E0);
#280=CIRCLE('',#279,1.12499902E0);
#302=CIRCLE('',#301,1.12499902E0);
#310=CIRCLE('',#309,1.12499902E0);
#332=CIRCLE('',#331,1.12499902E0);
#461=EDGE_CURVE('',#411,#410,#35,.T.);
#463=EDGE_CURVE('',#394,#410,#43,.T.);
#465=EDGE_CURVE('',#394,#395,#126,.T.);
#467=EDGE_CURVE('',#411,#395,#50,.T.);
#477=EDGE_CURVE('',#442,#443,#57,.T.);
#479=EDGE_CURVE('',#445,#443,#65,.T.);
#481=EDGE_CURVE('',#445,#447,#72,.T.);
#483=EDGE_CURVE('',#449,#447,#80,.T.);
#485=EDGE_CURVE('',#449,#451,#87,.T.);
#487=EDGE_CURVE('',#453,#451,#95,.T.);
#489=EDGE_CURVE('',#453,#455,#102,.T.);
#491=EDGE_CURVE('',#442,#455,#110,.T.);
#495=EDGE_CURVE('',#414,#415,#272,.T.);
#497=EDGE_CURVE('',#415,#414,#250,.T.);
#501=EDGE_CURVE('',#418,#419,#302,.T.);
#503=EDGE_CURVE('',#419,#418,#280,.T.);
#507=EDGE_CURVE('',#422,#423,#332,.T.);
#509=EDGE_CURVE('',#423,#422,#310,.T.);
#513=EDGE_CURVE('',#410,#411,#118,.T.);
#526=EDGE_CURVE('',#395,#394,#134,.T.);
#537=EDGE_CURVE('',#426,#427,#189,.T.);
#539=EDGE_CURVE('',#426,#439,#197,.T.);
#541=EDGE_CURVE('',#437,#439,#204,.T.);
#543=EDGE_CURVE('',#437,#435,#212,.T.);
#545=EDGE_CURVE('',#433,#435,#219,.T.);
#547=EDGE_CURVE('',#433,#431,#227,.T.);
#549=EDGE_CURVE('',#429,#431,#234,.T.);
#551=EDGE_CURVE('',#429,#427,#242,.T.);
#555=EDGE_CURVE('',#398,#399,#142,.T.);
#557=EDGE_CURVE('',#399,#398,#150,.T.);
#561=EDGE_CURVE('',#402,#403,#158,.T.);
#563=EDGE_CURVE('',#403,#402,#166,.T.);
#567=EDGE_CURVE('',#406,#407,#174,.T.);
#569=EDGE_CURVE('',#407,#406,#182,.T.);
#584=EDGE_CURVE('',#398,#414,#257,.T.);
#587=EDGE_CURVE('',#415,#399,#264,.T.);
#610=EDGE_CURVE('',#402,#418,#287,.T.);
#613=EDGE_CURVE('',#419,#403,#294,.T.);
#636=EDGE_CURVE('',#406,#422,#317,.T.);
#639=EDGE_CURVE('',#423,#407,#324,.T.);
#662=EDGE_CURVE('',#443,#427,#346,.T.);
#665=EDGE_CURVE('',#442,#426,#339,.T.);
#676=EDGE_CURVE('',#445,#429,#353,.T.);
#689=EDGE_CURVE('',#447,#431,#360,.T.);
#702=EDGE_CURVE('',#449,#433,#367,.T.);
#715=EDGE_CURVE('',#451,#435,#374,.T.);
#728=EDGE_CURVE('',#453,#437,#381,.T.);
#741=EDGE_CURVE('',#455,#439,#388,.T.);
#760=CLOSED_SHELL('',(#471,#518,#531,#577,#591,#603,#617,#629,#643,#655,#669,
#682,#695,#708,#721,#734,#747,#759));
#761=MANIFOLD_SOLID_BREP('',#760);
#768=(LENGTH_UNIT()NAMED_UNIT(*)SI_UNIT(.MILLI.,.METRE.));
#770=(NAMED_UNIT(*)PLANE_ANGLE_UNIT()SI_UNIT($,.RADIAN.));
#773=(NAMED_UNIT(*)SI_UNIT($,.STERADIAN.)SOLID_ANGLE_UNIT());
#779=AXIS2_PLACEMENT_3D('',#776,#777,#778);
#780=ADVANCED_BREP_SHAPE_REPRESENTATION('',(#779,#761),#775);
#787=PRODUCT_DEFINITION('design','',#786,#783);
#788=PRODUCT_DEFINITION_SHAPE('','SHAPE FOR BOARD.',#787);
#789=SHAPE_DEFINITION_REPRESENTATION(#788,#780);
#790=SHAPE_DEFINITION_REPRESENTATION(#791,#792);
#791=PRODUCT_DEFINITION_SHAPE('','SHAPE FOR PCB_ASM.',#11315);
#792=SHAPE_REPRESENTATION('',(#803,#798,#3901,#3896,#5281,#5276,#5326,#5321,
#5372,#5367,#7197,#7192,#9049,#9044,#9094,#9089,#9140,#9135,#9185,#9180,#9231,
#9226,#11296,#11291,#11310),#11306);
#793=NEXT_ASSEMBLY_USAGE_OCCURRENCE('107','Next assembly relationship','BOARD',
#11315,#787,$);
#794=PRODUCT_DEFINITION_SHAPE('Placement #107',
'Placement of BOARD with respect to PCB_ASM',#793);
#803=AXIS2_PLACEMENT_3D('',#800,#801,#802);
#888=CIRCLE('',#887,5.E-2);
#917=CIRCLE('',#916,2.E-1);
#932=CIRCLE('',#931,5.E-2);
#961=CIRCLE('',#960,2.E-1);
#969=CIRCLE('',#968,5.E-2);
#984=CIRCLE('',#983,2.E-1);
#999=CIRCLE('',#998,5.E-2);
#1014=CIRCLE('',#1013,2.E-1);
#1162=CIRCLE('',#1161,5.E-2);
#1177=CIRCLE('',#1176,2.E-1);
#1192=CIRCLE('',#1191,5.E-2);
#1207=CIRCLE('',#1206,2.E-1);
#1229=CIRCLE('',#1228,5.E-2);
#1258=CIRCLE('',#1257,2.E-1);
#1273=CIRCLE('',#1272,5.E-2);
#1302=CIRCLE('',#1301,2.E-1);
#1485=CIRCLE('',#1484,5.E-2);
#1514=CIRCLE('',#1513,2.E-1);
#1529=CIRCLE('',#1528,5.E-2);
#1558=CIRCLE('',#1557,2.E-1);
#1566=CIRCLE('',#1565,5.E-2);
#1581=CIRCLE('',#1580,2.E-1);
#1596=CIRCLE('',#1595,5.E-2);
#1611=CIRCLE('',#1610,2.E-1);
#1752=CIRCLE('',#1751,5.E-2);
#1781=CIRCLE('',#1780,2.E-1);
#1796=CIRCLE('',#1795,5.E-2);
#1825=CIRCLE('',#1824,2.E-1);
#1833=CIRCLE('',#1832,5.E-2);
#1848=CIRCLE('',#1847,2.E-1);
#1863=CIRCLE('',#1862,5.E-2);
#1878=CIRCLE('',#1877,2.E-1);
#2012=CIRCLE('',#2011,5.E-2);
#2041=CIRCLE('',#2040,2.E-1);
#2056=CIRCLE('',#2055,5.E-2);
#2085=CIRCLE('',#2084,2.E-1);
#2100=CIRCLE('',#2099,5.E-2);
#2115=CIRCLE('',#2114,2.E-1);
#2123=CIRCLE('',#2122,5.E-2);
#2138=CIRCLE('',#2137,2.E-1);
#2551=EDGE_CURVE('',#2284,#2285,#824,.T.);
#2553=EDGE_CURVE('',#2285,#2289,#1119,.T.);
#2555=EDGE_CURVE('',#2287,#2289,#810,.T.);
#2557=EDGE_CURVE('',#2284,#2287,#817,.T.);
#2575=EDGE_CURVE('',#2284,#2321,#866,.T.);
#2577=EDGE_CURVE('',#2321,#2319,#1421,.T.);
#2579=EDGE_CURVE('',#2285,#2319,#831,.T.);
#2596=EDGE_CURVE('',#2291,#2335,#902,.T.);
#2598=EDGE_CURVE('',#2345,#2335,#838,.T.);
#2600=EDGE_CURVE('',#2345,#2293,#991,.T.);
#2602=EDGE_CURVE('',#2295,#2293,#845,.T.);
#2604=EDGE_CURVE('',#2295,#2343,#2070,.T.);
#2606=EDGE_CURVE('',#2343,#2341,#2152,.T.);
#2608=EDGE_CURVE('',#2341,#2297,#2092,.T.);
#2610=EDGE_CURVE('',#2299,#2297,#852,.T.);
#2612=EDGE_CURVE('',#2299,#2339,#1766,.T.);
#2614=EDGE_CURVE('',#2339,#2337,#1969,.T.);
#2616=EDGE_CURVE('',#2337,#2301,#1855,.T.);
#2618=EDGE_CURVE('',#2303,#2301,#859,.T.);
#2620=EDGE_CURVE('',#2303,#2333,#1456,.T.);
#2622=EDGE_CURVE('',#2333,#2321,#1428,.T.);
#2625=EDGE_CURVE('',#2291,#2284,#873,.T.);
#2642=EDGE_CURVE('',#2521,#2519,#880,.T.);
#2644=EDGE_CURVE('',#2513,#2521,#888,.T.);
#2646=EDGE_CURVE('',#2335,#2513,#895,.T.);
#2649=EDGE_CURVE('',#2507,#2291,#909,.T.);
#2651=EDGE_CURVE('',#2543,#2507,#917,.T.);
#2653=EDGE_CURVE('',#2545,#2543,#924,.T.);
#2655=EDGE_CURVE('',#2537,#2545,#932,.T.);
#2657=EDGE_CURVE('',#2533,#2537,#939,.T.);
#2659=EDGE_CURVE('',#2525,#2533,#946,.T.);
#2661=EDGE_CURVE('',#2524,#2525,#953,.T.);
#2663=EDGE_CURVE('',#2519,#2524,#961,.T.);
#2673=EDGE_CURVE('',#2516,#2517,#1006,.T.);
#2675=EDGE_CURVE('',#2521,#2517,#2271,.T.);
#2678=EDGE_CURVE('',#2519,#2516,#2257,.T.);
#2688=EDGE_CURVE('',#2527,#2529,#1028,.T.);
#2690=EDGE_CURVE('',#2529,#2531,#1042,.T.);
#2692=EDGE_CURVE('',#2531,#2535,#1049,.T.);
#2694=EDGE_CURVE('',#2541,#2535,#969,.T.);
#2696=EDGE_CURVE('',#2540,#2541,#976,.T.);
#2698=EDGE_CURVE('',#2509,#2540,#984,.T.);
#2700=EDGE_CURVE('',#2509,#2293,#1091,.T.);
#2703=EDGE_CURVE('',#2345,#2511,#2264,.T.);
#2705=EDGE_CURVE('',#2517,#2511,#999,.T.);
#2708=EDGE_CURVE('',#2527,#2516,#1014,.T.);
#2719=EDGE_CURVE('',#2529,#2525,#1021,.T.);
#2722=EDGE_CURVE('',#2527,#2524,#2250,.T.);
#2734=EDGE_CURVE('',#2531,#2533,#1035,.T.);
#2748=EDGE_CURVE('',#2535,#2537,#1063,.T.);
#2758=EDGE_CURVE('',#2545,#2541,#1056,.T.);
#2774=EDGE_CURVE('',#2543,#2540,#1077,.T.);
#2785=EDGE_CURVE('',#2509,#2507,#1070,.T.);
#2798=EDGE_CURVE('',#2293,#2291,#1084,.T.);
#2812=EDGE_CURVE('',#2305,#2287,#1098,.T.);
#2814=EDGE_CURVE('',#2303,#2305,#1105,.T.);
#2817=EDGE_CURVE('',#2301,#2299,#1730,.T.);
#2820=EDGE_CURVE('',#2297,#2295,#1990,.T.);
#2840=EDGE_CURVE('',#2289,#2309,#1112,.T.);
#2842=EDGE_CURVE('',#2309,#2305,#1463,.T.);
#2860=EDGE_CURVE('',#2311,#2307,#1140,.T.);
#2862=EDGE_CURVE('',#2307,#2309,#1470,.T.);
#2866=EDGE_CURVE('',#2285,#2317,#1126,.T.);
#2868=EDGE_CURVE('',#2317,#2315,#1351,.T.);
#2870=EDGE_CURVE('',#2315,#2313,#1154,.T.);
#2872=EDGE_CURVE('',#2313,#2311,#1681,.T.);
#2889=EDGE_CURVE('',#2323,#2317,#1184,.T.);
#2893=EDGE_CURVE('',#2319,#2331,#1442,.T.);
#2895=EDGE_CURVE('',#2307,#2331,#1133,.T.);
#2898=EDGE_CURVE('',#2311,#2329,#1499,.T.);
#2900=EDGE_CURVE('',#2327,#2329,#1147,.T.);
#2902=EDGE_CURVE('',#2327,#2313,#1588,.T.);
#2905=EDGE_CURVE('',#2315,#2325,#1243,.T.);
#2907=EDGE_CURVE('',#2325,#2323,#1330,.T.);
#2924=EDGE_CURVE('',#2453,#2449,#1214,.T.);
#2926=EDGE_CURVE('',#2449,#2440,#1407,.T.);
#2928=EDGE_CURVE('',#2440,#2441,#1393,.T.);
#2930=EDGE_CURVE('',#2433,#2441,#1162,.T.);
#2932=EDGE_CURVE('',#2432,#2433,#1169,.T.);
#2934=EDGE_CURVE('',#2429,#2432,#1177,.T.);
#2936=EDGE_CURVE('',#2429,#2317,#1358,.T.);
#2939=EDGE_CURVE('',#2323,#2463,#1323,.T.);
#2941=EDGE_CURVE('',#2457,#2463,#1192,.T.);
#2943=EDGE_CURVE('',#2456,#2457,#1199,.T.);
#2945=EDGE_CURVE('',#2453,#2456,#1207,.T.);
#2955=EDGE_CURVE('',#2451,#2447,#1294,.T.);
#2957=EDGE_CURVE('',#2447,#2449,#1414,.T.);
#2960=EDGE_CURVE('',#2453,#2451,#1344,.T.);
#2970=EDGE_CURVE('',#2461,#2459,#1221,.T.);
#2972=EDGE_CURVE('',#2465,#2461,#1229,.T.);
#2974=EDGE_CURVE('',#2325,#2465,#1236,.T.);
#2977=EDGE_CURVE('',#2427,#2315,#1250,.T.);
#2979=EDGE_CURVE('',#2435,#2427,#1258,.T.);
#2981=EDGE_CURVE('',#2437,#2435,#1265,.T.);
#2983=EDGE_CURVE('',#2443,#2437,#1273,.T.);
#2985=EDGE_CURVE('',#2445,#2443,#1280,.T.);
#2987=EDGE_CURVE('',#2447,#2445,#1287,.T.);
#2990=EDGE_CURVE('',#2459,#2451,#1302,.T.);
#3001=EDGE_CURVE('',#2461,#2457,#1316,.T.);
#3004=EDGE_CURVE('',#2459,#2456,#1337,.T.);
#3014=EDGE_CURVE('',#2463,#2465,#1309,.T.);
#3054=EDGE_CURVE('',#2429,#2427,#1372,.T.);
#3065=EDGE_CURVE('',#2435,#2432,#1365,.T.);
#3078=EDGE_CURVE('',#2437,#2433,#1386,.T.);
#3090=EDGE_CURVE('',#2441,#2443,#1379,.T.);
#3104=EDGE_CURVE('',#2445,#2440,#1400,.T.);
#3130=EDGE_CURVE('',#2331,#2333,#1435,.T.);
#3148=EDGE_CURVE('',#2307,#2303,#1449,.T.);
#3187=EDGE_CURVE('',#2401,#2399,#1477,.T.);
#3189=EDGE_CURVE('',#2393,#2401,#1485,.T.);
#3191=EDGE_CURVE('',#2329,#2393,#1492,.T.);
#3194=EDGE_CURVE('',#2387,#2311,#1506,.T.);
#3196=EDGE_CURVE('',#2423,#2387,#1514,.T.);
#3198=EDGE_CURVE('',#2425,#2423,#1521,.T.);
#3200=EDGE_CURVE('',#2417,#2425,#1529,.T.);
#3202=EDGE_CURVE('',#2413,#2417,#1536,.T.);
#3204=EDGE_CURVE('',#2405,#2413,#1543,.T.);
#3206=EDGE_CURVE('',#2404,#2405,#1550,.T.);
#3208=EDGE_CURVE('',#2399,#2404,#1558,.T.);
#3218=EDGE_CURVE('',#2396,#2397,#1603,.T.);
#3220=EDGE_CURVE('',#2401,#2397,#1716,.T.);
#3223=EDGE_CURVE('',#2399,#2396,#1702,.T.);
#3233=EDGE_CURVE('',#2407,#2409,#1625,.T.);
#3235=EDGE_CURVE('',#2409,#2411,#1639,.T.);
#3237=EDGE_CURVE('',#2411,#2415,#1646,.T.);
#3239=EDGE_CURVE('',#2421,#2415,#1566,.T.);
#3241=EDGE_CURVE('',#2420,#2421,#1573,.T.);
#3243=EDGE_CURVE('',#2389,#2420,#1581,.T.);
#3245=EDGE_CURVE('',#2389,#2313,#1688,.T.);
#3248=EDGE_CURVE('',#2327,#2391,#1709,.T.);
#3250=EDGE_CURVE('',#2397,#2391,#1596,.T.);
#3253=EDGE_CURVE('',#2407,#2396,#1611,.T.);
#3264=EDGE_CURVE('',#2409,#2405,#1618,.T.);
#3267=EDGE_CURVE('',#2407,#2404,#1695,.T.);
#3279=EDGE_CURVE('',#2411,#2413,#1632,.T.);
#3293=EDGE_CURVE('',#2415,#2417,#1660,.T.);
#3303=EDGE_CURVE('',#2425,#2421,#1653,.T.);
#3319=EDGE_CURVE('',#2423,#2420,#1674,.T.);
#3330=EDGE_CURVE('',#2389,#2387,#1667,.T.);
#3369=EDGE_CURVE('',#2391,#2393,#1723,.T.);
#3391=EDGE_CURVE('',#2467,#2299,#1773,.T.);
#3394=EDGE_CURVE('',#2469,#2301,#1737,.T.);
#3396=EDGE_CURVE('',#2469,#2467,#1941,.T.);
#3406=EDGE_CURVE('',#2501,#2499,#1744,.T.);
#3408=EDGE_CURVE('',#2505,#2501,#1752,.T.);
#3410=EDGE_CURVE('',#2339,#2505,#1759,.T.);
#3414=EDGE_CURVE('',#2475,#2467,#1781,.T.);
#3416=EDGE_CURVE('',#2477,#2475,#1788,.T.);
#3418=EDGE_CURVE('',#2483,#2477,#1796,.T.);
#3420=EDGE_CURVE('',#2485,#2483,#1803,.T.);
#3422=EDGE_CURVE('',#2487,#2485,#1810,.T.);
#3424=EDGE_CURVE('',#2491,#2487,#1817,.T.);
#3426=EDGE_CURVE('',#2499,#2491,#1825,.T.);
#3436=EDGE_CURVE('',#2496,#2497,#1870,.T.);
#3438=EDGE_CURVE('',#2501,#2497,#1983,.T.);
#3441=EDGE_CURVE('',#2499,#2496,#1948,.T.);
#3451=EDGE_CURVE('',#2493,#2489,#1885,.T.);
#3453=EDGE_CURVE('',#2489,#2480,#1892,.T.);
#3455=EDGE_CURVE('',#2480,#2481,#1906,.T.);
#3457=EDGE_CURVE('',#2473,#2481,#1833,.T.);
#3459=EDGE_CURVE('',#2472,#2473,#1840,.T.);
#3461=EDGE_CURVE('',#2469,#2472,#1848,.T.);
#3465=EDGE_CURVE('',#2337,#2503,#1962,.T.);
#3467=EDGE_CURVE('',#2497,#2503,#1863,.T.);
#3470=EDGE_CURVE('',#2493,#2496,#1878,.T.);
#3481=EDGE_CURVE('',#2487,#2489,#1899,.T.);
#3484=EDGE_CURVE('',#2493,#2491,#1955,.T.);
#3494=EDGE_CURVE('',#2485,#2480,#1913,.T.);
#3510=EDGE_CURVE('',#2481,#2483,#1920,.T.);
#3522=EDGE_CURVE('',#2477,#2473,#1927,.T.);
#3536=EDGE_CURVE('',#2475,#2472,#1934,.T.);
#3573=EDGE_CURVE('',#2503,#2505,#1976,.T.);
#3595=EDGE_CURVE('',#2347,#2295,#2077,.T.);
#3598=EDGE_CURVE('',#2349,#2297,#1997,.T.);
#3600=EDGE_CURVE('',#2349,#2347,#2243,.T.);
#3610=EDGE_CURVE('',#2357,#2355,#2004,.T.);
#3612=EDGE_CURVE('',#2363,#2357,#2012,.T.);
#3614=EDGE_CURVE('',#2365,#2363,#2019,.T.);
#3616=EDGE_CURVE('',#2367,#2365,#2026,.T.);
#3618=EDGE_CURVE('',#2371,#2367,#2033,.T.);
#3620=EDGE_CURVE('',#2379,#2371,#2041,.T.);
#3622=EDGE_CURVE('',#2381,#2379,#2048,.T.);
#3624=EDGE_CURVE('',#2385,#2381,#2056,.T.);
#3626=EDGE_CURVE('',#2343,#2385,#2063,.T.);
#3630=EDGE_CURVE('',#2355,#2347,#2085,.T.);
#3640=EDGE_CURVE('',#2352,#2353,#2130,.T.);
#3642=EDGE_CURVE('',#2357,#2353,#2229,.T.);
#3645=EDGE_CURVE('',#2355,#2352,#2236,.T.);
#3657=EDGE_CURVE('',#2341,#2383,#2145,.T.);
#3659=EDGE_CURVE('',#2377,#2383,#2100,.T.);
#3661=EDGE_CURVE('',#2376,#2377,#2107,.T.);
#3663=EDGE_CURVE('',#2373,#2376,#2115,.T.);
#3665=EDGE_CURVE('',#2373,#2369,#2187,.T.);
#3667=EDGE_CURVE('',#2369,#2360,#2194,.T.);
#3669=EDGE_CURVE('',#2360,#2361,#2208,.T.);
#3671=EDGE_CURVE('',#2353,#2361,#2123,.T.);
#3674=EDGE_CURVE('',#2349,#2352,#2138,.T.);
#3687=EDGE_CURVE('',#2383,#2385,#2159,.T.);
#3699=EDGE_CURVE('',#2381,#2377,#2166,.T.);
#3713=EDGE_CURVE('',#2379,#2376,#2173,.T.);
#3726=EDGE_CURVE('',#2373,#2371,#2180,.T.);
#3737=EDGE_CURVE('',#2367,#2369,#2201,.T.);
#3749=EDGE_CURVE('',#2365,#2360,#2215,.T.);
#3765=EDGE_CURVE('',#2361,#2363,#2222,.T.);
#3814=EDGE_CURVE('',#2511,#2513,#2278,.T.);
#3831=CLOSED_SHELL('',(#2561,#2583,#2629,#2667,#2682,#2712,#2726,#2739,#2752,
#2765,#2778,#2791,#2804,#2826,#2847,#2876,#2911,#2949,#2964,#2994,#3008,#3021,
#3033,#3045,#3058,#3071,#3084,#3097,#3110,#3122,#3135,#3155,#3174,#3212,#3227,
#3257,#3271,#3284,#3297,#3310,#3323,#3336,#3348,#3360,#3373,#3385,#3400,#3430,
#3445,#3474,#3488,#3501,#3514,#3527,#3540,#3552,#3564,#3577,#3589,#3604,#3634,
#3649,#3678,#3691,#3704,#3717,#3730,#3743,#3756,#3769,#3781,#3793,#3805,#3818,
#3830));
#3832=MANIFOLD_SOLID_BREP('',#3831);
#3839=(LENGTH_UNIT()NAMED_UNIT(*)SI_UNIT(.MILLI.,.METRE.));
#3841=(NAMED_UNIT(*)PLANE_ANGLE_UNIT()SI_UNIT($,.RADIAN.));
#3844=(NAMED_UNIT(*)SI_UNIT($,.STERADIAN.)SOLID_ANGLE_UNIT());
#3850=AXIS2_PLACEMENT_3D('',#3847,#3848,#3849);
#3851=ADVANCED_BREP_SHAPE_REPRESENTATION('',(#3850,#3832),#3846);
#3855=PRODUCT_DEFINITION('design','',#3854,#783);
#3856=PRODUCT_DEFINITION_SHAPE('','SHAPE FOR SW3DPS-SOT-23-5-DEFAULT.',#3855);
#3857=SHAPE_DEFINITION_REPRESENTATION(#3856,#3851);
#3858=SHAPE_DEFINITION_REPRESENTATION(#3859,#3860);
#3859=PRODUCT_DEFINITION_SHAPE('','SHAPE FOR U1_ASM.',#3890);
#3860=SHAPE_REPRESENTATION('',(#3871,#3866,#3885),#3881);
#3861=NEXT_ASSEMBLY_USAGE_OCCURRENCE('108','Next assembly relationship',
'SW3DPS-SOT-23-5-DEFAULT',#3890,#3855,$);
#3862=PRODUCT_DEFINITION_SHAPE('Placement #108',
'Placement of SW3DPS-SOT-23-5-DEFAULT with respect to U1_ASM',#3861);
#3871=AXIS2_PLACEMENT_3D('',#3868,#3869,#3870);
#3874=(LENGTH_UNIT()NAMED_UNIT(*)SI_UNIT(.MILLI.,.METRE.));
#3876=(NAMED_UNIT(*)PLANE_ANGLE_UNIT()SI_UNIT($,.RADIAN.));
#3879=(NAMED_UNIT(*)SI_UNIT($,.STERADIAN.)SOLID_ANGLE_UNIT());
#3885=AXIS2_PLACEMENT_3D('',#3882,#3883,#3884);
#3890=PRODUCT_DEFINITION('design','',#3889,#3886);
#3891=NEXT_ASSEMBLY_USAGE_OCCURRENCE('109','Next assembly relationship','U1',
#11315,#3890,$);
#3892=PRODUCT_DEFINITION_SHAPE('Placement #109',
'Placement of U1_ASM with respect to PCB_ASM',#3891);
#3901=AXIS2_PLACEMENT_3D('',#3898,#3899,#3900);
#3904=COLOUR_RGB('',2.50980407E-1,2.50980407E-1,2.50980407E-1);
#3905=COLOUR_RGB('',7.960784435270E-1,8.235294222830E-1,9.372549057010E-1);
#3918=CIRCLE('',#3917,5.E-2);
#3933=CIRCLE('',#3932,5.E-2);
#3962=CIRCLE('',#3961,5.E-2);
#3970=CIRCLE('',#3969,5.E-2);
#3978=CIRCLE('',#3977,5.E-2);
#4000=CIRCLE('',#3999,5.E-2);
#4008=CIRCLE('',#4007,5.E-2);
#4016=CIRCLE('',#4015,5.E-2);
#4038=CIRCLE('',#4037,5.E-2);
#4046=CIRCLE('',#4045,5.E-2);
#4054=CIRCLE('',#4053,5.E-2);
#4097=CIRCLE('',#4096,5.E-2);
#4112=CIRCLE('',#4111,5.E-2);
#4141=CIRCLE('',#4140,5.E-2);
#4156=CIRCLE('',#4155,5.E-2);
#4171=CIRCLE('',#4170,5.E-2);
#4186=CIRCLE('',#4185,5.E-2);
#4236=CIRCLE('',#4235,5.E-2);
#4244=CIRCLE('',#4243,5.E-2);
#4252=CIRCLE('',#4251,5.E-2);
#4365=CIRCLE('',#4364,5.E-2);
#4373=CIRCLE('',#4372,5.E-2);
#4381=CIRCLE('',#4380,5.E-2);
#4403=CIRCLE('',#4402,5.E-2);
#4411=CIRCLE('',#4410,5.E-2);
#4419=CIRCLE('',#4418,5.E-2);
#4441=CIRCLE('',#4440,5.E-2);
#4449=CIRCLE('',#4448,5.E-2);
#4457=CIRCLE('',#4456,5.E-2);
#4479=CIRCLE('',#4478,5.E-2);
#4487=CIRCLE('',#4486,5.E-2);
#4495=CIRCLE('',#4494,5.E-2);
#4584=EDGE_CURVE('',#4501,#4502,#3910,.T.);
#4586=EDGE_CURVE('',#4501,#4506,#4207,.T.);
#4588=EDGE_CURVE('',#4506,#4504,#4266,.T.);
#4590=EDGE_CURVE('',#4504,#4502,#3947,.T.);
#4600=EDGE_CURVE('',#4502,#4509,#3940,.T.);
#4602=EDGE_CURVE('',#4509,#4510,#4287,.T.);
#4604=EDGE_CURVE('',#4510,#4501,#4178,.T.);
#4622=EDGE_CURVE('',#4548,#4502,#3918,.T.);
#4624=EDGE_CURVE('',#4554,#4548,#3925,.T.);
#4626=EDGE_CURVE('',#4509,#4554,#3933,.T.);
#4645=EDGE_CURVE('',#4504,#4550,#3970,.T.);
#4647=EDGE_CURVE('',#4548,#4550,#3954,.T.);
#4658=EDGE_CURVE('',#4550,#4576,#3962,.T.);
#4661=EDGE_CURVE('',#4576,#4504,#3978,.T.);
#4671=EDGE_CURVE('',#4578,#4557,#4016,.T.);
#4673=EDGE_CURVE('',#4550,#4557,#3985,.T.);
#4676=EDGE_CURVE('',#4578,#4576,#3992,.T.);
#4686=EDGE_CURVE('',#4542,#4578,#4000,.T.);
#4688=EDGE_CURVE('',#4557,#4542,#4008,.T.);
#4699=EDGE_CURVE('',#4574,#4533,#4046,.T.);
#4701=EDGE_CURVE('',#4542,#4533,#4023,.T.);
#4704=EDGE_CURVE('',#4574,#4578,#4030,.T.);
#4714=EDGE_CURVE('',#4533,#4526,#4038,.T.);
#4717=EDGE_CURVE('',#4526,#4574,#4054,.T.);
#4727=EDGE_CURVE('',#4533,#4534,#4061,.T.);
#4730=EDGE_CURVE('',#4524,#4526,#4068,.T.);
#4732=EDGE_CURVE('',#4524,#4534,#4141,.T.);
#4742=EDGE_CURVE('',#4541,#4542,#4082,.T.);
#4746=EDGE_CURVE('',#4534,#4541,#4126,.T.);
#4756=EDGE_CURVE('',#4557,#4558,#4075,.T.);
#4760=EDGE_CURVE('',#4541,#4558,#4097,.T.);
#4770=EDGE_CURVE('',#4548,#4558,#4089,.T.);
#4783=EDGE_CURVE('',#4558,#4560,#4119,.T.);
#4785=EDGE_CURVE('',#4560,#4554,#4308,.T.);
#4805=EDGE_CURVE('',#4544,#4541,#4104,.T.);
#4807=EDGE_CURVE('',#4560,#4544,#4112,.T.);
#4826=EDGE_CURVE('',#4534,#4536,#4163,.T.);
#4828=EDGE_CURVE('',#4544,#4536,#4133,.T.);
#4847=EDGE_CURVE('',#4528,#4524,#4148,.T.);
#4849=EDGE_CURVE('',#4536,#4528,#4156,.T.);
#4867=EDGE_CURVE('',#4518,#4520,#4193,.T.);
#4869=EDGE_CURVE('',#4520,#4528,#4343,.T.);
#4872=EDGE_CURVE('',#4524,#4518,#4214,.T.);
#4889=EDGE_CURVE('',#4501,#4518,#4171,.T.);
#4892=EDGE_CURVE('',#4520,#4510,#4186,.T.);
#4910=EDGE_CURVE('',#4517,#4518,#4200,.T.);
#4912=EDGE_CURVE('',#4517,#4506,#4244,.T.);
#4926=EDGE_CURVE('',#4526,#4517,#4221,.T.);
#4937=EDGE_CURVE('',#4573,#4517,#4252,.T.);
#4941=EDGE_CURVE('',#4573,#4574,#4228,.T.);
#4951=EDGE_CURVE('',#4506,#4573,#4236,.T.);
#4964=EDGE_CURVE('',#4576,#4573,#4259,.T.);
#4988=EDGE_CURVE('',#4512,#4510,#4273,.T.);
#4990=EDGE_CURVE('',#4512,#4522,#4365,.T.);
#4992=EDGE_CURVE('',#4520,#4522,#4280,.T.);
#5004=EDGE_CURVE('',#4509,#4514,#4301,.T.);
#5006=EDGE_CURVE('',#4514,#4512,#4388,.T.);
#5017=EDGE_CURVE('',#4553,#4554,#4294,.T.);
#5019=EDGE_CURVE('',#4553,#4514,#4403,.T.);
#5032=EDGE_CURVE('',#4560,#4562,#4322,.T.);
#5034=EDGE_CURVE('',#4562,#4553,#4426,.T.);
#5045=EDGE_CURVE('',#4546,#4544,#4315,.T.);
#5047=EDGE_CURVE('',#4546,#4562,#4457,.T.);
#5059=EDGE_CURVE('',#4536,#4538,#4336,.T.);
#5061=EDGE_CURVE('',#4538,#4546,#4471,.T.);
#5073=EDGE_CURVE('',#4530,#4528,#4329,.T.);
#5075=EDGE_CURVE('',#4530,#4538,#4495,.T.);
#5089=EDGE_CURVE('',#4522,#4530,#4357,.T.);
#5100=EDGE_CURVE('',#4522,#4568,#4381,.T.);
#5102=EDGE_CURVE('',#4570,#4568,#4350,.T.);
#5104=EDGE_CURVE('',#4570,#4530,#4479,.T.);
#5116=EDGE_CURVE('',#4568,#4512,#4373,.T.);
#5129=EDGE_CURVE('',#4514,#4565,#4419,.T.);
#5131=EDGE_CURVE('',#4568,#4565,#4395,.T.);
#5142=EDGE_CURVE('',#4565,#4553,#4411,.T.);
#5155=EDGE_CURVE('',#4562,#4566,#4449,.T.);
#5157=EDGE_CURVE('',#4565,#4566,#4433,.T.);
#5167=EDGE_CURVE('',#4566,#4546,#4441,.T.);
#5179=EDGE_CURVE('',#4538,#4570,#4487,.T.);
#5181=EDGE_CURVE('',#4566,#4570,#4464,.T.);
#5211=CLOSED_SHELL('',(#4594,#4609,#4631,#4652,#4665,#4680,#4693,#4708,#4721,
#4736,#4750,#4764,#4777,#4791,#4812,#4833,#4854,#4876,#4897,#4918,#4931,#4945,
#4957,#4970,#4982,#4997,#5011,#5025,#5039,#5053,#5067,#5081,#5094,#5109,#5121,
#5135,#5147,#5161,#5173,#5187,#5198,#5210));
#5212=MANIFOLD_SOLID_BREP('',#5211);
#5219=(LENGTH_UNIT()NAMED_UNIT(*)SI_UNIT(.MILLI.,.METRE.));
#5221=(NAMED_UNIT(*)PLANE_ANGLE_UNIT()SI_UNIT($,.RADIAN.));
#5224=(NAMED_UNIT(*)SI_UNIT($,.STERADIAN.)SOLID_ANGLE_UNIT());
#5230=AXIS2_PLACEMENT_3D('',#5227,#5228,#5229);
#5231=ADVANCED_BREP_SHAPE_REPRESENTATION('',(#5230,#5212),#5226);
#5235=PRODUCT_DEFINITION('design','',#5234,#3886);
#5236=PRODUCT_DEFINITION_SHAPE('','SHAPE FOR RESC1608_0603_.',#5235);
#5237=SHAPE_DEFINITION_REPRESENTATION(#5236,#5231);
#5238=SHAPE_DEFINITION_REPRESENTATION(#5239,#5240);
#5239=PRODUCT_DEFINITION_SHAPE('','SHAPE FOR R3_ASM.',#5270);
#5240=SHAPE_REPRESENTATION('',(#5251,#5246,#5265),#5261);
#5241=NEXT_ASSEMBLY_USAGE_OCCURRENCE('110','Next assembly relationship',
'RESC1608_0603_',#5270,#5235,$);
#5242=PRODUCT_DEFINITION_SHAPE('Placement #110',
'Placement of RESC1608_0603_ with respect to R3_ASM',#5241);
#5251=AXIS2_PLACEMENT_3D('',#5248,#5249,#5250);
#5254=(LENGTH_UNIT()NAMED_UNIT(*)SI_UNIT(.MILLI.,.METRE.));
#5256=(NAMED_UNIT(*)PLANE_ANGLE_UNIT()SI_UNIT($,.RADIAN.));
#5259=(NAMED_UNIT(*)SI_UNIT($,.STERADIAN.)SOLID_ANGLE_UNIT());
#5265=AXIS2_PLACEMENT_3D('',#5262,#5263,#5264);
#5270=PRODUCT_DEFINITION('design','',#5269,#5266);
#5271=NEXT_ASSEMBLY_USAGE_OCCURRENCE('111','Next assembly relationship','R3',
#11315,#5270,$);
#5272=PRODUCT_DEFINITION_SHAPE('Placement #111',
'Placement of R3_ASM with respect to PCB_ASM',#5271);
#5281=AXIS2_PLACEMENT_3D('',#5278,#5279,#5280);
#5284=SHAPE_DEFINITION_REPRESENTATION(#5285,#5286);
#5285=PRODUCT_DEFINITION_SHAPE('','SHAPE FOR R2_ASM.',#5315);
#5286=SHAPE_REPRESENTATION('',(#5297,#5292,#5311),#5307);
#5287=NEXT_ASSEMBLY_USAGE_OCCURRENCE('112','Next assembly relationship',
'RESC1608_0603_',#5315,#5235,$);
#5288=PRODUCT_DEFINITION_SHAPE('Placement #112',
'Placement of RESC1608_0603_ with respect to R2_ASM',#5287);
#5297=AXIS2_PLACEMENT_3D('',#5294,#5295,#5296);
#5300=(LENGTH_UNIT()NAMED_UNIT(*)SI_UNIT(.MILLI.,.METRE.));
#5302=(NAMED_UNIT(*)PLANE_ANGLE_UNIT()SI_UNIT($,.RADIAN.));
#5305=(NAMED_UNIT(*)SI_UNIT($,.STERADIAN.)SOLID_ANGLE_UNIT());
#5311=AXIS2_PLACEMENT_3D('',#5308,#5309,#5310);
#5315=PRODUCT_DEFINITION('design','',#5314,#5266);
#5316=NEXT_ASSEMBLY_USAGE_OCCURRENCE('113','Next assembly relationship','R2',
#11315,#5315,$);
#5317=PRODUCT_DEFINITION_SHAPE('Placement #113',
'Placement of R2_ASM with respect to PCB_ASM',#5316);
#5326=AXIS2_PLACEMENT_3D('',#5323,#5324,#5325);
#5329=SHAPE_DEFINITION_REPRESENTATION(#5330,#5331);
#5330=PRODUCT_DEFINITION_SHAPE('','SHAPE FOR R1_ASM.',#5361);
#5331=SHAPE_REPRESENTATION('',(#5342,#5337,#5356),#5352);
#5332=NEXT_ASSEMBLY_USAGE_OCCURRENCE('114','Next assembly relationship',
'RESC1608_0603_',#5361,#5235,$);
#5333=PRODUCT_DEFINITION_SHAPE('Placement #114',
'Placement of RESC1608_0603_ with respect to R1_ASM',#5332);
#5342=AXIS2_PLACEMENT_3D('',#5339,#5340,#5341);
#5345=(LENGTH_UNIT()NAMED_UNIT(*)SI_UNIT(.MILLI.,.METRE.));
#5347=(NAMED_UNIT(*)PLANE_ANGLE_UNIT()SI_UNIT($,.RADIAN.));
#5350=(NAMED_UNIT(*)SI_UNIT($,.STERADIAN.)SOLID_ANGLE_UNIT());
#5356=AXIS2_PLACEMENT_3D('',#5353,#5354,#5355);
#5361=PRODUCT_DEFINITION('design','',#5360,#5357);
#5362=NEXT_ASSEMBLY_USAGE_OCCURRENCE('115','Next assembly relationship','R1',
#11315,#5361,$);
#5363=PRODUCT_DEFINITION_SHAPE('Placement #115',
'Placement of R1_ASM with respect to PCB_ASM',#5362);
#5372=AXIS2_PLACEMENT_3D('',#5369,#5370,#5371);
#5375=COLOUR_RGB('',8.705882430080E-1,8.705882430080E-1,8.705882430080E-1);
#5458=B_SPLINE_CURVE_WITH_KNOTS('',3,(#5454,#5455,#5456,#5457),.UNSPECIFIED.,
.F.,.F.,(4,4),(0.E0,1.E0),.UNSPECIFIED.);
#5466=B_SPLINE_CURVE_WITH_KNOTS('',3,(#5462,#5463,#5464,#5465),.UNSPECIFIED.,
.F.,.F.,(4,4),(0.E0,1.E0),.UNSPECIFIED.);
#5502=B_SPLINE_CURVE_WITH_KNOTS('',3,(#5498,#5499,#5500,#5501),.UNSPECIFIED.,
.F.,.F.,(4,4),(0.E0,1.E0),.UNSPECIFIED.);
#5531=B_SPLINE_CURVE_WITH_KNOTS('',3,(#5527,#5528,#5529,#5530),.UNSPECIFIED.,
.F.,.F.,(4,4),(0.E0,1.E0),.UNSPECIFIED.);
#5658=B_SPLINE_CURVE_WITH_KNOTS('',3,(#5654,#5655,#5656,#5657),.UNSPECIFIED.,
.F.,.F.,(4,4),(0.E0,1.E0),.UNSPECIFIED.);
#5666=B_SPLINE_CURVE_WITH_KNOTS('',3,(#5662,#5663,#5664,#5665),.UNSPECIFIED.,
.F.,.F.,(4,4),(0.E0,1.E0),.UNSPECIFIED.);
#5800=B_SPLINE_CURVE_WITH_KNOTS('',3,(#5796,#5797,#5798,#5799),.UNSPECIFIED.,
.F.,.F.,(4,4),(0.E0,1.E0),.UNSPECIFIED.);
#5829=B_SPLINE_CURVE_WITH_KNOTS('',3,(#5825,#5826,#5827,#5828),.UNSPECIFIED.,
.F.,.F.,(4,4),(0.E0,1.E0),.UNSPECIFIED.);
#5851=B_SPLINE_CURVE_WITH_KNOTS('',3,(#5847,#5848,#5849,#5850),.UNSPECIFIED.,
.F.,.F.,(4,4),(0.E0,1.E0),.UNSPECIFIED.);
#5859=B_SPLINE_CURVE_WITH_KNOTS('',3,(#5855,#5856,#5857,#5858),.UNSPECIFIED.,
.F.,.F.,(4,4),(0.E0,1.E0),.UNSPECIFIED.);
#5958=B_SPLINE_CURVE_WITH_KNOTS('',3,(#5954,#5955,#5956,#5957),.UNSPECIFIED.,
.F.,.F.,(4,4),(0.E0,1.E0),.UNSPECIFIED.);
#5987=B_SPLINE_CURVE_WITH_KNOTS('',3,(#5983,#5984,#5985,#5986),.UNSPECIFIED.,
.F.,.F.,(4,4),(0.E0,1.E0),.UNSPECIFIED.);
#6307=EDGE_CURVE('',#6175,#6176,#5380,.T.);
#6309=EDGE_CURVE('',#6180,#6175,#5387,.T.);
#6311=EDGE_CURVE('',#6178,#6180,#5394,.T.);
#6313=EDGE_CURVE('',#6176,#6178,#5401,.T.);
#6330=EDGE_CURVE('',#6186,#6175,#5443,.T.);
#6333=EDGE_CURVE('',#6194,#6176,#5408,.T.);
#6335=EDGE_CURVE('',#6186,#6194,#5415,.T.);
#6352=EDGE_CURVE('',#6183,#6184,#5473,.T.);
#6354=EDGE_CURVE('',#6192,#6184,#5422,.T.);
#6356=EDGE_CURVE('',#6192,#6190,#5494,.T.);
#6358=EDGE_CURVE('',#6188,#6190,#5429,.T.);
#6360=EDGE_CURVE('',#6180,#6188,#5436,.T.);
#6364=EDGE_CURVE('',#6183,#6186,#5450,.T.);
#6381=EDGE_CURVE('',#6217,#6218,#5458,.T.);
#6383=EDGE_CURVE('',#6217,#6225,#6169,.T.);
#6385=EDGE_CURVE('',#6225,#6223,#6155,.T.);
#6387=EDGE_CURVE('',#6223,#6221,#6141,.T.);
#6389=EDGE_CURVE('',#6216,#6221,#5466,.T.);
#6391=EDGE_CURVE('',#6216,#6184,#6113,.T.);
#6394=EDGE_CURVE('',#6183,#6220,#6078,.T.);
#6396=EDGE_CURVE('',#6220,#6218,#6106,.T.);
#6405=B_SPLINE_CURVE_WITH_KNOTS('',3,(#6401,#6402,#6403,#6404),.UNSPECIFIED.,
.F.,.F.,(4,4),(0.E0,1.E0),.UNSPECIFIED.);
#6409=EDGE_CURVE('',#6233,#6234,#5531,.T.);
#6411=EDGE_CURVE('',#6234,#6217,#5480,.T.);
#6414=EDGE_CURVE('',#6218,#6233,#5487,.T.);
#6424=EDGE_CURVE('',#6231,#6190,#5545,.T.);
#6427=EDGE_CURVE('',#6192,#6214,#6120,.T.);
#6429=EDGE_CURVE('',#6240,#6214,#5502,.T.);
#6431=EDGE_CURVE('',#6238,#6240,#5509,.T.);
#6433=EDGE_CURVE('',#6236,#6238,#5516,.T.);
#6435=EDGE_CURVE('',#6234,#6236,#5523,.T.);
#6438=EDGE_CURVE('',#6231,#6233,#5538,.T.);
#6450=EDGE_CURVE('',#6229,#6231,#5552,.T.);
#6452=EDGE_CURVE('',#6188,#6229,#5559,.T.);
#6469=EDGE_CURVE('',#6295,#6227,#5566,.T.);
#6471=EDGE_CURVE('',#6297,#6295,#5573,.T.);
#6473=EDGE_CURVE('',#6229,#6297,#5580,.T.);
#6476=EDGE_CURVE('',#6231,#6220,#6099,.T.);
#6478=EDGE_CURVE('',#6220,#6227,#6092,.T.);
#6496=EDGE_CURVE('',#6242,#6227,#5587,.T.);
#6498=EDGE_CURVE('',#6242,#6299,#5708,.T.);
#6500=EDGE_CURVE('',#6295,#6299,#5594,.T.);
#6518=EDGE_CURVE('',#6194,#6242,#5608,.T.);
#6521=EDGE_CURVE('',#6227,#6186,#6085,.T.);
#6538=EDGE_CURVE('',#6194,#6202,#5636,.T.);
#6540=EDGE_CURVE('',#6261,#6202,#5601,.T.);
#6542=EDGE_CURVE('',#6261,#6242,#5715,.T.);
#6560=EDGE_CURVE('',#6197,#6198,#5673,.T.);
#6562=EDGE_CURVE('',#6212,#6198,#5615,.T.);
#6564=EDGE_CURVE('',#6212,#6210,#5950,.T.);
#6566=EDGE_CURVE('',#6208,#6210,#5622,.T.);
#6568=EDGE_CURVE('',#6208,#6206,#5866,.T.);
#6570=EDGE_CURVE('',#6204,#6206,#5629,.T.);
#6572=EDGE_CURVE('',#6204,#6202,#5785,.T.);
#6577=EDGE_CURVE('',#6200,#6178,#5643,.T.);
#6579=EDGE_CURVE('',#6197,#6200,#5650,.T.);
#6596=EDGE_CURVE('',#6249,#6250,#5680,.T.);
#6598=EDGE_CURVE('',#6257,#6250,#5658,.T.);
#6600=EDGE_CURVE('',#6257,#6255,#6057,.T.);
#6602=EDGE_CURVE('',#6255,#6253,#6043,.T.);
#6604=EDGE_CURVE('',#6253,#6251,#6029,.T.);
#6606=EDGE_CURVE('',#6246,#6251,#5666,.T.);
#6608=EDGE_CURVE('',#6246,#6198,#6001,.T.);
#6611=EDGE_CURVE('',#6197,#6249,#5736,.T.);
#6621=EDGE_CURVE('',#6249,#6284,#5687,.T.);
#6623=EDGE_CURVE('',#6284,#6286,#5994,.T.);
#6625=EDGE_CURVE('',#6250,#6286,#6071,.T.);
#6637=EDGE_CURVE('',#6259,#6249,#5694,.T.);
#6639=EDGE_CURVE('',#6301,#6259,#5701,.T.);
#6641=EDGE_CURVE('',#6301,#6299,#5771,.T.);
#6645=EDGE_CURVE('',#6277,#6261,#5722,.T.);
#6647=EDGE_CURVE('',#6284,#6277,#5729,.T.);
#6666=EDGE_CURVE('',#6259,#6200,#5743,.T.);
#6684=EDGE_CURVE('',#6200,#6188,#5757,.T.);
#6687=EDGE_CURVE('',#6259,#6229,#5750,.T.);
#6725=EDGE_CURVE('',#6301,#6297,#5764,.T.);
#6764=EDGE_CURVE('',#6261,#6263,#5836,.T.);
#6766=EDGE_CURVE('',#6275,#6263,#5873,.T.);
#6768=EDGE_CURVE('',#6277,#6275,#5778,.T.);
#6780=EDGE_CURVE('',#6271,#6204,#5792,.T.);
#6782=EDGE_CURVE('',#6270,#6271,#5800,.T.);
#6784=EDGE_CURVE('',#6268,#6270,#5807,.T.);
#6786=EDGE_CURVE('',#6266,#6268,#5814,.T.);
#6788=EDGE_CURVE('',#6264,#6266,#5821,.T.);
#6790=EDGE_CURVE('',#6263,#6264,#5829,.T.);
#6802=EDGE_CURVE('',#6273,#6206,#5843,.T.);
#6804=EDGE_CURVE('',#6271,#6273,#5929,.T.);
#6815=EDGE_CURVE('',#6274,#6275,#5851,.T.);
#6817=EDGE_CURVE('',#6274,#6282,#5894,.T.);
#6819=EDGE_CURVE('',#6282,#6280,#5908,.T.);
#6821=EDGE_CURVE('',#6280,#6278,#5915,.T.);
#6823=EDGE_CURVE('',#6273,#6278,#5859,.T.);
#6827=EDGE_CURVE('',#6208,#6277,#5943,.T.);
#6837=B_SPLINE_CURVE_WITH_KNOTS('',3,(#6833,#6834,#6835,#6836),.UNSPECIFIED.,
.F.,.F.,(4,4),(0.E0,1.E0),.UNSPECIFIED.);
#6844=EDGE_CURVE('',#6264,#6274,#5880,.T.);
#6854=EDGE_CURVE('',#6282,#6266,#5887,.T.);
#6867=EDGE_CURVE('',#6280,#6268,#5901,.T.);
#6880=EDGE_CURVE('',#6278,#6270,#5922,.T.);
#6892=B_SPLINE_CURVE_WITH_KNOTS('',3,(#6888,#6889,#6890,#6891),.UNSPECIFIED.,
.F.,.F.,(4,4),(0.E0,1.E0),.UNSPECIFIED.);
#6909=EDGE_CURVE('',#6284,#6210,#5936,.T.);
#6929=EDGE_CURVE('',#6212,#6244,#6008,.T.);
#6931=EDGE_CURVE('',#6293,#6244,#5958,.T.);
#6933=EDGE_CURVE('',#6291,#6293,#5965,.T.);
#6935=EDGE_CURVE('',#6289,#6291,#5972,.T.);
#6937=EDGE_CURVE('',#6287,#6289,#5979,.T.);
#6939=EDGE_CURVE('',#6286,#6287,#5987,.T.);
#6953=EDGE_CURVE('',#6244,#6246,#6015,.T.);
#6963=B_SPLINE_CURVE_WITH_KNOTS('',3,(#6959,#6960,#6961,#6962),.UNSPECIFIED.,
.F.,.F.,(4,4),(0.E0,1.E0),.UNSPECIFIED.);
#6970=EDGE_CURVE('',#6251,#6293,#6022,.T.);
#6980=EDGE_CURVE('',#6253,#6291,#6036,.T.);
#6993=EDGE_CURVE('',#6255,#6289,#6050,.T.);
#7006=EDGE_CURVE('',#6287,#6257,#6064,.T.);
#7018=B_SPLINE_CURVE_WITH_KNOTS('',3,(#7014,#7015,#7016,#7017),.UNSPECIFIED.,
.F.,.F.,(4,4),(0.E0,1.E0),.UNSPECIFIED.);
#7067=EDGE_CURVE('',#6214,#6216,#6127,.T.);
#7077=B_SPLINE_CURVE_WITH_KNOTS('',3,(#7073,#7074,#7075,#7076),.UNSPECIFIED.,
.F.,.F.,(4,4),(0.E0,1.E0),.UNSPECIFIED.);
#7084=EDGE_CURVE('',#6221,#6240,#6134,.T.);
#7094=EDGE_CURVE('',#6223,#6238,#6148,.T.);
#7107=EDGE_CURVE('',#6225,#6236,#6162,.T.);
#7127=CLOSED_SHELL('',(#6317,#6339,#6368,#6400,#6418,#6442,#6456,#6482,#6504,
#6525,#6547,#6583,#6615,#6630,#6651,#6671,#6692,#6711,#6731,#6750,#6772,#6795,
#6809,#6832,#6848,#6861,#6874,#6887,#6902,#6915,#6945,#6958,#6974,#6987,#7000,
#7013,#7028,#7040,#7059,#7072,#7088,#7101,#7114,#7126));
#7128=MANIFOLD_SOLID_BREP('',#7127);
#7135=(LENGTH_UNIT()NAMED_UNIT(*)SI_UNIT(.MILLI.,.METRE.));
#7137=(NAMED_UNIT(*)PLANE_ANGLE_UNIT()SI_UNIT($,.RADIAN.));
#7140=(NAMED_UNIT(*)SI_UNIT($,.STERADIAN.)SOLID_ANGLE_UNIT());
#7146=AXIS2_PLACEMENT_3D('',#7143,#7144,#7145);
#7147=ADVANCED_BREP_SHAPE_REPRESENTATION('',(#7146,#7128),#7142);
#7151=PRODUCT_DEFINITION('design','',#7150,#5357);
#7152=PRODUCT_DEFINITION_SHAPE('','SHAPE FOR ALSROBOT-SOT23.',#7151);
#7153=SHAPE_DEFINITION_REPRESENTATION(#7152,#7147);
#7154=SHAPE_DEFINITION_REPRESENTATION(#7155,#7156);
#7155=PRODUCT_DEFINITION_SHAPE('','SHAPE FOR Q1_ASM.',#7186);
#7156=SHAPE_REPRESENTATION('',(#7167,#7162,#7181),#7177);
#7157=NEXT_ASSEMBLY_USAGE_OCCURRENCE('116','Next assembly relationship',
'ALSROBOT-SOT23',#7186,#7151,$);
#7158=PRODUCT_DEFINITION_SHAPE('Placement #116',
'Placement of ALSROBOT-SOT23 with respect to Q1_ASM',#7157);
#7167=AXIS2_PLACEMENT_3D('',#7164,#7165,#7166);
#7170=(LENGTH_UNIT()NAMED_UNIT(*)SI_UNIT(.MILLI.,.METRE.));
#7172=(NAMED_UNIT(*)PLANE_ANGLE_UNIT()SI_UNIT($,.RADIAN.));
#7175=(NAMED_UNIT(*)SI_UNIT($,.STERADIAN.)SOLID_ANGLE_UNIT());
#7181=AXIS2_PLACEMENT_3D('',#7178,#7179,#7180);
#7186=PRODUCT_DEFINITION('design','',#7185,#7182);
#7187=NEXT_ASSEMBLY_USAGE_OCCURRENCE('117','Next assembly relationship','Q1',
#11315,#7186,$);
#7188=PRODUCT_DEFINITION_SHAPE('Placement #117',
'Placement of Q1_ASM with respect to PCB_ASM',#7187);
#7197=AXIS2_PLACEMENT_3D('',#7194,#7195,#7196);
#7200=COLOUR_RGB('',4.117647111420E-1,2.352941185240E-1,3.137255087495E-2);
#7201=COLOUR_RGB('',7.960784435270E-1,8.235294222830E-1,9.372549057010E-1);
#7221=CIRCLE('',#7220,4.E-2);
#7236=CIRCLE('',#7235,4.E-2);
#7244=CIRCLE('',#7243,4.E-2);
#7252=CIRCLE('',#7251,4.E-2);
#7260=CIRCLE('',#7259,3.E-2);
#7275=CIRCLE('',#7274,3.E-2);
#7290=CIRCLE('',#7289,3.E-2);
#7298=CIRCLE('',#7297,3.E-2);
#7327=CIRCLE('',#7326,4.E-2);
#7342=CIRCLE('',#7341,4.E-2);
#7350=CIRCLE('',#7349,4.E-2);
#7358=CIRCLE('',#7357,4.E-2);
#7366=CIRCLE('',#7365,3.E-2);
#7374=CIRCLE('',#7373,3.E-2);
#7389=CIRCLE('',#7388,3.E-2);
#7404=CIRCLE('',#7403,3.E-2);
#7496=CIRCLE('',#7495,3.E-2);
#7504=CIRCLE('',#7503,3.E-2);
#7512=CIRCLE('',#7511,3.E-2);
#7569=CIRCLE('',#7568,3.E-2);
#7577=CIRCLE('',#7576,3.E-2);
#7585=CIRCLE('',#7584,3.E-2);
#7621=CIRCLE('',#7620,3.E-2);
#7629=CIRCLE('',#7628,3.E-2);
#7637=CIRCLE('',#7636,3.E-2);
#7659=CIRCLE('',#7658,3.E-2);
#7667=CIRCLE('',#7666,3.E-2);
#7675=CIRCLE('',#7674,3.E-2);
#7718=CIRCLE('',#7717,3.E-2);
#7726=CIRCLE('',#7725,3.E-2);
#7734=CIRCLE('',#7733,3.E-2);
#7805=CIRCLE('',#7804,3.E-2);
#7813=CIRCLE('',#7812,3.E-2);
#7821=CIRCLE('',#7820,3.E-2);
#7857=CIRCLE('',#7856,3.E-2);
#7865=CIRCLE('',#7864,3.E-2);
#7873=CIRCLE('',#7872,3.E-2);
#7895=CIRCLE('',#7894,3.E-2);
#7903=CIRCLE('',#7902,3.E-2);
#7911=CIRCLE('',#7910,3.E-2);
#8032=EDGE_CURVE('',#7917,#7918,#7228,.T.);
#8034=EDGE_CURVE('',#7918,#7922,#7467,.T.);
#8036=EDGE_CURVE('',#7920,#7922,#7206,.T.);
#8038=EDGE_CURVE('',#7920,#7917,#7446,.T.);
#8055=EDGE_CURVE('',#7949,#7950,#7696,.T.);
#8057=EDGE_CURVE('',#7962,#7950,#7260,.T.);
#8059=EDGE_CURVE('',#7960,#7962,#7267,.T.);
#8061=EDGE_CURVE('',#7958,#7960,#7275,.T.);
#8063=EDGE_CURVE('',#7956,#7958,#7282,.T.);
#8065=EDGE_CURVE('',#7954,#7956,#7290,.T.);
#8067=EDGE_CURVE('',#7954,#7952,#7755,.T.);
#8069=EDGE_CURVE('',#7949,#7952,#7298,.T.);
#8073=EDGE_CURVE('',#7933,#7934,#7213,.T.);
#8075=EDGE_CURVE('',#7918,#7933,#7221,.T.);
#8078=EDGE_CURVE('',#7944,#7917,#7236,.T.);
#8080=EDGE_CURVE('',#7944,#7946,#7439,.T.);
#8082=EDGE_CURVE('',#7928,#7946,#7244,.T.);
#8084=EDGE_CURVE('',#7928,#7930,#7411,.T.);
#8086=EDGE_CURVE('',#7934,#7930,#7252,.T.);
#8104=EDGE_CURVE('',#7934,#7938,#7305,.T.);
#8106=EDGE_CURVE('',#7938,#7936,#7319,.T.);
#8108=EDGE_CURVE('',#7936,#7933,#7460,.T.);
#8125=EDGE_CURVE('',#7926,#7938,#7327,.T.);
#8129=EDGE_CURVE('',#7926,#7930,#7312,.T.);
#8146=EDGE_CURVE('',#7989,#7990,#7474,.T.);
#8148=EDGE_CURVE('',#8002,#7990,#7366,.T.);
#8150=EDGE_CURVE('',#8002,#8000,#7533,.T.);
#8152=EDGE_CURVE('',#7998,#8000,#7374,.T.);
#8154=EDGE_CURVE('',#7996,#7998,#7381,.T.);
#8156=EDGE_CURVE('',#7994,#7996,#7389,.T.);
#8158=EDGE_CURVE('',#7992,#7994,#7396,.T.);
#8160=EDGE_CURVE('',#7989,#7992,#7404,.T.);
#8166=EDGE_CURVE('',#7925,#7926,#7334,.T.);
#8168=EDGE_CURVE('',#7941,#7925,#7342,.T.);
#8170=EDGE_CURVE('',#7941,#7942,#7432,.T.);
#8172=EDGE_CURVE('',#7920,#7942,#7350,.T.);
#8175=EDGE_CURVE('',#7936,#7922,#7358,.T.);
#8195=EDGE_CURVE('',#7928,#7925,#7418,.T.);
#8215=EDGE_CURVE('',#7941,#7946,#7425,.T.);
#8235=EDGE_CURVE('',#7944,#7942,#7453,.T.);
#8290=EDGE_CURVE('',#8025,#8026,#7481,.T.);
#8292=EDGE_CURVE('',#8026,#7990,#7519,.T.);
#8295=EDGE_CURVE('',#7989,#8025,#7689,.T.);
#8312=EDGE_CURVE('',#8014,#8026,#7504,.T.);
#8315=EDGE_CURVE('',#8025,#8012,#7675,.T.);
#8317=EDGE_CURVE('',#8014,#8012,#7488,.T.);
#8334=EDGE_CURVE('',#8026,#8017,#7496,.T.);
#8337=EDGE_CURVE('',#8017,#8014,#7512,.T.);
#8357=EDGE_CURVE('',#8002,#8017,#7526,.T.);
#8374=EDGE_CURVE('',#8017,#8018,#7547,.T.);
#8376=EDGE_CURVE('',#8018,#8000,#7592,.T.);
#8396=EDGE_CURVE('',#8010,#8014,#7540,.T.);
#8398=EDGE_CURVE('',#8010,#8018,#7569,.T.);
#8416=EDGE_CURVE('',#8009,#8010,#7554,.T.);
#8420=EDGE_CURVE('',#8012,#8009,#7644,.T.);
#8437=EDGE_CURVE('',#8022,#8010,#7577,.T.);
#8440=EDGE_CURVE('',#8009,#8020,#7621,.T.);
#8442=EDGE_CURVE('',#8022,#8020,#7561,.T.);
#8461=EDGE_CURVE('',#8018,#8022,#7585,.T.);
#8481=EDGE_CURVE('',#7998,#8022,#7599,.T.);
#8501=EDGE_CURVE('',#8020,#7996,#7606,.T.);
#8520=EDGE_CURVE('',#8020,#8006,#7637,.T.);
#8522=EDGE_CURVE('',#7994,#8006,#7613,.T.);
#8540=EDGE_CURVE('',#8006,#8009,#7629,.T.);
#8560=EDGE_CURVE('',#8012,#8004,#7667,.T.);
#8562=EDGE_CURVE('',#8006,#8004,#7651,.T.);
#8579=EDGE_CURVE('',#8004,#8025,#7659,.T.);
#8599=EDGE_CURVE('',#8004,#7992,#7682,.T.);
#8637=EDGE_CURVE('',#7977,#7978,#7710,.T.);
#8639=EDGE_CURVE('',#7978,#7950,#7828,.T.);
#8642=EDGE_CURVE('',#7949,#7977,#7748,.T.);
#8659=EDGE_CURVE('',#7977,#7974,#7734,.T.);
#8661=EDGE_CURVE('',#7970,#7974,#7703,.T.);
#8663=EDGE_CURVE('',#7970,#7978,#7805,.T.);
#8681=EDGE_CURVE('',#7984,#7977,#7718,.T.);
#8683=EDGE_CURVE('',#7974,#7984,#7726,.T.);
#8702=EDGE_CURVE('',#7984,#7952,#7741,.T.);
#8722=EDGE_CURVE('',#7954,#7986,#7769,.T.);
#8724=EDGE_CURVE('',#7986,#7984,#7842,.T.);
#8743=EDGE_CURVE('',#7964,#7956,#7762,.T.);
#8745=EDGE_CURVE('',#7964,#7986,#7857,.T.);
#8764=EDGE_CURVE('',#7958,#7966,#7783,.T.);
#8766=EDGE_CURVE('',#7966,#7964,#7887,.T.);
#8785=EDGE_CURVE('',#7982,#7960,#7776,.T.);
#8787=EDGE_CURVE('',#7982,#7966,#7911,.T.);
#8805=EDGE_CURVE('',#7981,#7982,#7797,.T.);
#8809=EDGE_CURVE('',#7962,#7981,#7835,.T.);
#8826=EDGE_CURVE('',#7981,#7970,#7813,.T.);
#8828=EDGE_CURVE('',#7969,#7970,#7790,.T.);
#8830=EDGE_CURVE('',#7969,#7982,#7895,.T.);
#8850=EDGE_CURVE('',#7978,#7981,#7821,.T.);
#8888=EDGE_CURVE('',#7974,#7972,#7849,.T.);
#8890=EDGE_CURVE('',#7972,#7969,#7880,.T.);
#8909=EDGE_CURVE('',#7986,#7972,#7873,.T.);
#8928=EDGE_CURVE('',#7972,#7964,#7865,.T.);
#8946=EDGE_CURVE('',#7966,#7969,#7903,.T.);
#8979=CLOSED_SHELL('',(#8042,#8090,#8112,#8133,#8179,#8199,#8219,#8239,#8258,
#8277,#8299,#8321,#8341,#8361,#8382,#8403,#8424,#8446,#8465,#8485,#8505,#8526,
#8545,#8566,#8585,#8605,#8624,#8646,#8668,#8688,#8708,#8729,#8750,#8771,#8792,
#8813,#8835,#8854,#8873,#8894,#8914,#8933,#8953,#8971));
#8980=MANIFOLD_SOLID_BREP('',#8979);
#8987=(LENGTH_UNIT()NAMED_UNIT(*)SI_UNIT(.MILLI.,.METRE.));
#8989=(NAMED_UNIT(*)PLANE_ANGLE_UNIT()SI_UNIT($,.RADIAN.));
#8992=(NAMED_UNIT(*)SI_UNIT($,.STERADIAN.)SOLID_ANGLE_UNIT());
#8998=AXIS2_PLACEMENT_3D('',#8995,#8996,#8997);
#8999=ADVANCED_BREP_SHAPE_REPRESENTATION('',(#8998,#8980),#8994);
#9003=PRODUCT_DEFINITION('design','',#9002,#7182);
#9004=PRODUCT_DEFINITION_SHAPE('','SHAPE FOR CAPC1608_0603_.',#9003);
#9005=SHAPE_DEFINITION_REPRESENTATION(#9004,#8999);
#9006=SHAPE_DEFINITION_REPRESENTATION(#9007,#9008);
#9007=PRODUCT_DEFINITION_SHAPE('','SHAPE FOR C4_ASM.',#9038);
#9008=SHAPE_REPRESENTATION('',(#9019,#9014,#9033),#9029);
#9009=NEXT_ASSEMBLY_USAGE_OCCURRENCE('118','Next assembly relationship',
'CAPC1608_0603_',#9038,#9003,$);
#9010=PRODUCT_DEFINITION_SHAPE('Placement #118',
'Placement of CAPC1608_0603_ with respect to C4_ASM',#9009);
#9019=AXIS2_PLACEMENT_3D('',#9016,#9017,#9018);
#9022=(LENGTH_UNIT()NAMED_UNIT(*)SI_UNIT(.MILLI.,.METRE.));
#9024=(NAMED_UNIT(*)PLANE_ANGLE_UNIT()SI_UNIT($,.RADIAN.));
#9027=(NAMED_UNIT(*)SI_UNIT($,.STERADIAN.)SOLID_ANGLE_UNIT());
#9033=AXIS2_PLACEMENT_3D('',#9030,#9031,#9032);
#9038=PRODUCT_DEFINITION('design','',#9037,#9034);
#9039=NEXT_ASSEMBLY_USAGE_OCCURRENCE('119','Next assembly relationship','C4',
#11315,#9038,$);
#9040=PRODUCT_DEFINITION_SHAPE('Placement #119',
'Placement of C4_ASM with respect to PCB_ASM',#9039);
#9049=AXIS2_PLACEMENT_3D('',#9046,#9047,#9048);
#9052=SHAPE_DEFINITION_REPRESENTATION(#9053,#9054);
#9053=PRODUCT_DEFINITION_SHAPE('','SHAPE FOR C3_ASM.',#9083);
#9054=SHAPE_REPRESENTATION('',(#9065,#9060,#9079),#9075);
#9055=NEXT_ASSEMBLY_USAGE_OCCURRENCE('120','Next assembly relationship',
'CAPC1608_0603_',#9083,#9003,$);
#9056=PRODUCT_DEFINITION_SHAPE('Placement #120',
'Placement of CAPC1608_0603_ with respect to C3_ASM',#9055);
#9065=AXIS2_PLACEMENT_3D('',#9062,#9063,#9064);
#9068=(LENGTH_UNIT()NAMED_UNIT(*)SI_UNIT(.MILLI.,.METRE.));
#9070=(NAMED_UNIT(*)PLANE_ANGLE_UNIT()SI_UNIT($,.RADIAN.));
#9073=(NAMED_UNIT(*)SI_UNIT($,.STERADIAN.)SOLID_ANGLE_UNIT());
#9079=AXIS2_PLACEMENT_3D('',#9076,#9077,#9078);
#9083=PRODUCT_DEFINITION('design','',#9082,#9034);
#9084=NEXT_ASSEMBLY_USAGE_OCCURRENCE('121','Next assembly relationship','C3',
#11315,#9083,$);
#9085=PRODUCT_DEFINITION_SHAPE('Placement #121',
'Placement of C3_ASM with respect to PCB_ASM',#9084);
#9094=AXIS2_PLACEMENT_3D('',#9091,#9092,#9093);
#9097=SHAPE_DEFINITION_REPRESENTATION(#9098,#9099);
#9098=PRODUCT_DEFINITION_SHAPE('','SHAPE FOR C2_ASM.',#9129);
#9099=SHAPE_REPRESENTATION('',(#9110,#9105,#9124),#9120);
#9100=NEXT_ASSEMBLY_USAGE_OCCURRENCE('122','Next assembly relationship',
'CAPC1608_0603_',#9129,#9003,$);
#9101=PRODUCT_DEFINITION_SHAPE('Placement #122',
'Placement of CAPC1608_0603_ with respect to C2_ASM',#9100);
#9110=AXIS2_PLACEMENT_3D('',#9107,#9108,#9109);
#9113=(LENGTH_UNIT()NAMED_UNIT(*)SI_UNIT(.MILLI.,.METRE.));
#9115=(NAMED_UNIT(*)PLANE_ANGLE_UNIT()SI_UNIT($,.RADIAN.));
#9118=(NAMED_UNIT(*)SI_UNIT($,.STERADIAN.)SOLID_ANGLE_UNIT());
#9124=AXIS2_PLACEMENT_3D('',#9121,#9122,#9123);
#9129=PRODUCT_DEFINITION('design','',#9128,#9125);
#9130=NEXT_ASSEMBLY_USAGE_OCCURRENCE('123','Next assembly relationship','C2',
#11315,#9129,$);
#9131=PRODUCT_DEFINITION_SHAPE('Placement #123',
'Placement of C2_ASM with respect to PCB_ASM',#9130);
#9140=AXIS2_PLACEMENT_3D('',#9137,#9138,#9139);
#9143=SHAPE_DEFINITION_REPRESENTATION(#9144,#9145);
#9144=PRODUCT_DEFINITION_SHAPE('','SHAPE FOR C1_ASM.',#9174);
#9145=SHAPE_REPRESENTATION('',(#9156,#9151,#9170),#9166);
#9146=NEXT_ASSEMBLY_USAGE_OCCURRENCE('124','Next assembly relationship',
'CAPC1608_0603_',#9174,#9003,$);
#9147=PRODUCT_DEFINITION_SHAPE('Placement #124',
'Placement of CAPC1608_0603_ with respect to C1_ASM',#9146);
#9156=AXIS2_PLACEMENT_3D('',#9153,#9154,#9155);
#9159=(LENGTH_UNIT()NAMED_UNIT(*)SI_UNIT(.MILLI.,.METRE.));
#9161=(NAMED_UNIT(*)PLANE_ANGLE_UNIT()SI_UNIT($,.RADIAN.));
#9164=(NAMED_UNIT(*)SI_UNIT($,.STERADIAN.)SOLID_ANGLE_UNIT());
#9170=AXIS2_PLACEMENT_3D('',#9167,#9168,#9169);
#9174=PRODUCT_DEFINITION('design','',#9173,#9125);
#9175=NEXT_ASSEMBLY_USAGE_OCCURRENCE('125','Next assembly relationship','C1',
#11315,#9174,$);
#9176=PRODUCT_DEFINITION_SHAPE('Placement #125',
'Placement of C1_ASM with respect to PCB_ASM',#9175);
#9185=AXIS2_PLACEMENT_3D('',#9182,#9183,#9184);
#9188=SHAPE_DEFINITION_REPRESENTATION(#9189,#9190);
#9189=PRODUCT_DEFINITION_SHAPE('','SHAPE FOR C5_ASM.',#9220);
#9190=SHAPE_REPRESENTATION('',(#9201,#9196,#9215),#9211);
#9191=NEXT_ASSEMBLY_USAGE_OCCURRENCE('126','Next assembly relationship',
'CAPC1608_0603_',#9220,#9003,$);
#9192=PRODUCT_DEFINITION_SHAPE('Placement #126',
'Placement of CAPC1608_0603_ with respect to C5_ASM',#9191);
#9201=AXIS2_PLACEMENT_3D('',#9198,#9199,#9200);
#9204=(LENGTH_UNIT()NAMED_UNIT(*)SI_UNIT(.MILLI.,.METRE.));
#9206=(NAMED_UNIT(*)PLANE_ANGLE_UNIT()SI_UNIT($,.RADIAN.));
#9209=(NAMED_UNIT(*)SI_UNIT($,.STERADIAN.)SOLID_ANGLE_UNIT());
#9215=AXIS2_PLACEMENT_3D('',#9212,#9213,#9214);
#9220=PRODUCT_DEFINITION('design','',#9219,#9216);
#9221=NEXT_ASSEMBLY_USAGE_OCCURRENCE('127','Next assembly relationship','C5',
#11315,#9220,$);
#9222=PRODUCT_DEFINITION_SHAPE('Placement #127',
'Placement of C5_ASM with respect to PCB_ASM',#9221);
#9231=AXIS2_PLACEMENT_3D('',#9228,#9229,#9230);
#9234=COLOUR_RGB('',1.176470592620E-1,1.176470592620E-1,1.176470592620E-1);
#9254=CIRCLE('',#9253,3.3E-1);
#9262=CIRCLE('',#9261,3.3E-1);
#9270=CIRCLE('',#9269,3.3E-1);
#9278=CIRCLE('',#9277,3.3E-1);
#9523=EDGE_CURVE('',#9480,#9481,#9246,.T.);
#9525=EDGE_CURVE('',#9480,#9483,#9254,.T.);
#9527=EDGE_CURVE('',#9483,#9485,#9239,.T.);
#9529=EDGE_CURVE('',#9485,#9481,#9278,.T.);
#9539=EDGE_CURVE('',#9483,#9480,#9262,.T.);
#9542=EDGE_CURVE('',#9481,#9485,#9270,.T.);
#9563=EDGE_CURVE('',#9511,#9515,#9285,.T.);
#9565=EDGE_CURVE('',#9513,#9511,#9292,.T.);
#9567=EDGE_CURVE('',#9517,#9513,#9299,.T.);
#9569=EDGE_CURVE('',#9515,#9517,#9306,.T.);
#9583=EDGE_CURVE('',#9511,#9505,#9313,.T.);
#9586=EDGE_CURVE('',#9515,#9507,#9369,.T.);
#9588=EDGE_CURVE('',#9505,#9507,#9320,.T.);
#9599=EDGE_CURVE('',#9504,#9505,#9327,.T.);
#9601=EDGE_CURVE('',#9504,#9513,#9390,.T.);
#9613=EDGE_CURVE('',#9505,#9495,#9348,.T.);
#9615=EDGE_CURVE('',#9497,#9495,#9334,.T.);
#9617=EDGE_CURVE('',#9497,#9504,#9404,.T.);
#9628=EDGE_CURVE('',#9507,#9499,#9362,.T.);
#9630=EDGE_CURVE('',#9495,#9499,#9341,.T.);
#9641=EDGE_CURVE('',#9507,#9509,#9376,.T.);
#9643=EDGE_CURVE('',#9509,#9501,#9418,.T.);
#9645=EDGE_CURVE('',#9499,#9501,#9355,.T.);
#9658=EDGE_CURVE('',#9517,#9509,#9383,.T.);
#9672=EDGE_CURVE('',#9509,#9504,#9397,.T.);
#9684=EDGE_CURVE('',#9501,#9497,#9411,.T.);
#9695=EDGE_CURVE('',#9491,#9497,#9425,.T.);
#9697=EDGE_CURVE('',#9493,#9491,#9432,.T.);
#9699=EDGE_CURVE('',#9501,#9493,#9439,.T.);
#9710=EDGE_CURVE('',#9495,#9488,#9460,.T.);
#9712=EDGE_CURVE('',#9491,#9488,#9446,.T.);
#9724=EDGE_CURVE('',#9499,#9489,#9467,.T.);
#9726=EDGE_CURVE('',#9488,#9489,#9453,.T.);
#9741=EDGE_CURVE('',#9489,#9493,#9474,.T.);
#9758=CLOSED_SHELL('',(#9533,#9547,#9557,#9577,#9592,#9606,#9621,#9635,#9650,
#9663,#9676,#9689,#9704,#9718,#9732,#9745,#9757));
#9759=MANIFOLD_SOLID_BREP('',#9758);
#9766=(LENGTH_UNIT()NAMED_UNIT(*)SI_UNIT(.MILLI.,.METRE.));
#9768=(NAMED_UNIT(*)PLANE_ANGLE_UNIT()SI_UNIT($,.RADIAN.));
#9771=(NAMED_UNIT(*)SI_UNIT($,.STERADIAN.)SOLID_ANGLE_UNIT());
#9777=AXIS2_PLACEMENT_3D('',#9774,#9775,#9776);
#9778=ADVANCED_BREP_SHAPE_REPRESENTATION('',(#9777,#9759),#9773);
#9782=PRODUCT_DEFINITION('design','',#9781,#9216);
#9783=PRODUCT_DEFINITION_SHAPE('','SHAPE FOR USER_LIBRARY-TSSOP-20-2__-22104.',
#9782);
#9784=SHAPE_DEFINITION_REPRESENTATION(#9783,#9778);
#9785=SHAPE_DEFINITION_REPRESENTATION(#9786,#9787);
#9786=PRODUCT_DEFINITION_SHAPE('','SHAPE FOR TSSOP-20_ASM.',#11253);
#9787=SHAPE_REPRESENTATION('',(#9798,#9793,#9945,#9940,#11117,#11112,#11130,
#11125,#11143,#11138,#11156,#11151,#11169,#11164,#11182,#11177,#11195,#11190,
#11208,#11203,#11221,#11216,#11234,#11229,#11248),#11244);
#9788=NEXT_ASSEMBLY_USAGE_OCCURRENCE('128','Next assembly relationship',
'USER_LIBRARY-TSSOP-20-2__-22104',#11253,#9782,$);
#9789=PRODUCT_DEFINITION_SHAPE('Placement #128',
'Placement of USER_LIBRARY-TSSOP-20-2__-22104 with respect to TSSOP-20_ASM',
#9788);
#9798=AXIS2_PLACEMENT_3D('',#9795,#9796,#9797);
#9801=COLOUR_RGB('',7.490196228030E-1,7.490196228030E-1,7.490196228030E-1);
#9814=CIRCLE('',#9813,3.3E-1);
#9822=CIRCLE('',#9821,3.3E-1);
#9837=CIRCLE('',#9836,3.3E-1);
#9845=CIRCLE('',#9844,3.3E-1);
#9862=EDGE_CURVE('',#9851,#9852,#9814,.T.);
#9864=EDGE_CURVE('',#9856,#9852,#9806,.T.);
#9866=EDGE_CURVE('',#9856,#9854,#9845,.T.);
#9868=EDGE_CURVE('',#9854,#9851,#9829,.T.);
#9879=EDGE_CURVE('',#9852,#9851,#9822,.T.);
#9890=EDGE_CURVE('',#9854,#9856,#9837,.T.);
#9907=CLOSED_SHELL('',(#9872,#9883,#9896,#9906));
#9908=MANIFOLD_SOLID_BREP('',#9907);
#9915=(LENGTH_UNIT()NAMED_UNIT(*)SI_UNIT(.MILLI.,.METRE.));
#9917=(NAMED_UNIT(*)PLANE_ANGLE_UNIT()SI_UNIT($,.RADIAN.));
#9920=(NAMED_UNIT(*)SI_UNIT($,.STERADIAN.)SOLID_ANGLE_UNIT());
#9926=AXIS2_PLACEMENT_3D('',#9923,#9924,#9925);
#9927=ADVANCED_BREP_SHAPE_REPRESENTATION('',(#9926,#9908),#9922);
#9932=PRODUCT_DEFINITION('design','',#9931,#9928);
#9933=PRODUCT_DEFINITION_SHAPE('','SHAPE FOR USER_LIBRARY-TSSOP-20-2__-23055.',
#9932);
#9934=SHAPE_DEFINITION_REPRESENTATION(#9933,#9927);
#9935=NEXT_ASSEMBLY_USAGE_OCCURRENCE('129','Next assembly relationship',
'USER_LIBRARY-TSSOP-20-2__-23055',#11253,#9932,$);
#9936=PRODUCT_DEFINITION_SHAPE('Placement #129',
'Placement of USER_LIBRARY-TSSOP-20-2__-23055 with respect to TSSOP-20_ASM',
#9935);
#9945=AXIS2_PLACEMENT_3D('',#9942,#9943,#9944);
#9948=COLOUR_RGB('',7.490196228030E-1,7.490196228030E-1,7.490196228030E-1);
#9954=CIRCLE('',#9953,7.5E-2);
#9969=CIRCLE('',#9968,1.5E-1);
#9977=CIRCLE('',#9976,7.5E-2);
#9992=CIRCLE('',#9991,1.5E-1);
#10147=CIRCLE('',#10146,1.5E-1);
#10162=CIRCLE('',#10161,7.5E-2);
#10191=CIRCLE('',#10190,1.5E-1);
#10206=CIRCLE('',#10205,7.5E-2);
#10263=EDGE_CURVE('',#10212,#10213,#9954,.T.);
#10265=EDGE_CURVE('',#10233,#10212,#9961,.T.);
#10267=EDGE_CURVE('',#10231,#10233,#9969,.T.);
#10269=EDGE_CURVE('',#10231,#10229,#10104,.T.);
#10271=EDGE_CURVE('',#10229,#10227,#10090,.T.);
#10273=EDGE_CURVE('',#10227,#10225,#10076,.T.);
#10275=EDGE_CURVE('',#10223,#10225,#9977,.T.);
#10277=EDGE_CURVE('',#10221,#10223,#9984,.T.);
#10279=EDGE_CURVE('',#10219,#10221,#9992,.T.);
#10281=EDGE_CURVE('',#10219,#10217,#10041,.T.);
#10283=EDGE_CURVE('',#10217,#10215,#10027,.T.);
#10285=EDGE_CURVE('',#10215,#10213,#10013,.T.);
#10295=EDGE_CURVE('',#10213,#10235,#9999,.T.);
#10297=EDGE_CURVE('',#10235,#10239,#10206,.T.);
#10299=EDGE_CURVE('',#10239,#10212,#10006,.T.);
#10312=EDGE_CURVE('',#10215,#10237,#10020,.T.);
#10314=EDGE_CURVE('',#10237,#10235,#10125,.T.);
#10326=EDGE_CURVE('',#10257,#10217,#10034,.T.);
#10328=EDGE_CURVE('',#10257,#10237,#10132,.T.);
#10340=EDGE_CURVE('',#10219,#10255,#10048,.T.);
#10342=EDGE_CURVE('',#10255,#10257,#10139,.T.);
#10354=EDGE_CURVE('',#10253,#10221,#10055,.T.);
#10356=EDGE_CURVE('',#10253,#10255,#10147,.T.);
#10368=EDGE_CURVE('',#10251,#10223,#10069,.T.);
#10370=EDGE_CURVE('',#10251,#10253,#10154,.T.);
#10380=EDGE_CURVE('',#10225,#10249,#10062,.T.);
#10382=EDGE_CURVE('',#10249,#10251,#10162,.T.);
#10396=EDGE_CURVE('',#10247,#10227,#10083,.T.);
#10398=EDGE_CURVE('',#10247,#10249,#10169,.T.);
#10410=EDGE_CURVE('',#10245,#10229,#10097,.T.);
#10412=EDGE_CURVE('',#10245,#10247,#10176,.T.);
#10424=EDGE_CURVE('',#10231,#10243,#10111,.T.);
#10426=EDGE_CURVE('',#10243,#10245,#10183,.T.);
#10438=EDGE_CURVE('',#10241,#10233,#10118,.T.);
#10440=EDGE_CURVE('',#10241,#10243,#10191,.T.);
#10453=EDGE_CURVE('',#10239,#10241,#10198,.T.);
#10478=CLOSED_SHELL('',(#10289,#10304,#10318,#10332,#10346,#10360,#10374,#10388,
#10402,#10416,#10430,#10444,#10457,#10477));
#10479=MANIFOLD_SOLID_BREP('',#10478);
#10486=(LENGTH_UNIT()NAMED_UNIT(*)SI_UNIT(.MILLI.,.METRE.));
#10488=(NAMED_UNIT(*)PLANE_ANGLE_UNIT()SI_UNIT($,.RADIAN.));
#10491=(NAMED_UNIT(*)SI_UNIT($,.STERADIAN.)SOLID_ANGLE_UNIT());
#10497=AXIS2_PLACEMENT_3D('',#10494,#10495,#10496);
#10498=ADVANCED_BREP_SHAPE_REPRESENTATION('',(#10497,#10479),#10493);
#10502=PRODUCT_DEFINITION('design','',#10501,#9928);
#10503=PRODUCT_DEFINITION_SHAPE('','SHAPE FOR USER_LIBRARY-TSSOP-20-2__-232_1.',
#10502);
#10504=SHAPE_DEFINITION_REPRESENTATION(#10503,#10498);
#10505=SHAPE_DEFINITION_REPRESENTATION(#10506,#10507);
#10506=PRODUCT_DEFINITION_SHAPE('',
'SHAPE FOR USER_LIBRARY-TSSOP-20-2__-23252_ASM.',#11106);
#10507=SHAPE_REPRESENTATION('',(#10518,#10513,#11088,#11083,#11102),#11098);
#10508=NEXT_ASSEMBLY_USAGE_OCCURRENCE('130','Next assembly relationship',
'USER_LIBRARY-TSSOP-20-2__-232_1',#11106,#10502,$);
#10509=PRODUCT_DEFINITION_SHAPE('Placement #130',
'Placement of USER_LIBRARY-TSSOP-20-2__-232_1 with respect to USER_LIBRARY-TSSOP-20-2__-23252_ASM',#10508);
#10518=AXIS2_PLACEMENT_3D('',#10515,#10516,#10517);
#10526=CIRCLE('',#10525,7.5E-2);
#10541=CIRCLE('',#10540,1.5E-1);
#10549=CIRCLE('',#10548,7.5E-2);
#10564=CIRCLE('',#10563,1.5E-1);
#10740=CIRCLE('',#10739,1.5E-1);
#10755=CIRCLE('',#10754,7.5E-2);
#10763=CIRCLE('',#10762,1.5E-1);
#10778=CIRCLE('',#10777,7.5E-2);
#10835=EDGE_CURVE('',#10784,#10785,#10526,.T.);
#10837=EDGE_CURVE('',#10805,#10784,#10533,.T.);
#10839=EDGE_CURVE('',#10803,#10805,#10541,.T.);
#10841=EDGE_CURVE('',#10803,#10801,#10704,.T.);
#10843=EDGE_CURVE('',#10801,#10799,#10683,.T.);
#10845=EDGE_CURVE('',#10799,#10797,#10669,.T.);
#10847=EDGE_CURVE('',#10795,#10797,#10549,.T.);
#10849=EDGE_CURVE('',#10793,#10795,#10556,.T.);
#10851=EDGE_CURVE('',#10791,#10793,#10564,.T.);
#10853=EDGE_CURVE('',#10791,#10789,#10620,.T.);
#10855=EDGE_CURVE('',#10789,#10787,#10606,.T.);
#10857=EDGE_CURVE('',#10787,#10785,#10585,.T.);
#10867=EDGE_CURVE('',#10785,#10807,#10571,.T.);
#10869=EDGE_CURVE('',#10807,#10811,#10778,.T.);
#10871=EDGE_CURVE('',#10811,#10784,#10578,.T.);
#10883=EDGE_CURVE('',#10809,#10787,#10592,.T.);
#10885=EDGE_CURVE('',#10807,#10809,#10599,.T.);
#10897=EDGE_CURVE('',#10789,#10829,#10634,.T.);
#10899=EDGE_CURVE('',#10809,#10829,#10613,.T.);
#10911=EDGE_CURVE('',#10791,#10827,#10641,.T.);
#10913=EDGE_CURVE('',#10829,#10827,#10627,.T.);
#10926=EDGE_CURVE('',#10825,#10793,#10648,.T.);
#10928=EDGE_CURVE('',#10825,#10827,#10740,.T.);
#10939=EDGE_CURVE('',#10823,#10795,#10662,.T.);
#10941=EDGE_CURVE('',#10823,#10825,#10747,.T.);
#10952=EDGE_CURVE('',#10797,#10821,#10655,.T.);
#10954=EDGE_CURVE('',#10821,#10823,#10755,.T.);
#10967=EDGE_CURVE('',#10799,#10819,#10697,.T.);
#10969=EDGE_CURVE('',#10821,#10819,#10676,.T.);
#10981=EDGE_CURVE('',#10801,#10817,#10718,.T.);
#10983=EDGE_CURVE('',#10819,#10817,#10690,.T.);
#10995=EDGE_CURVE('',#10803,#10815,#10725,.T.);
#10997=EDGE_CURVE('',#10817,#10815,#10711,.T.);
#11010=EDGE_CURVE('',#10813,#10805,#10732,.T.);
#11012=EDGE_CURVE('',#10813,#10815,#10763,.T.);
#11024=EDGE_CURVE('',#10811,#10813,#10770,.T.);
#11050=CLOSED_SHELL('',(#10861,#10876,#10890,#10904,#10918,#10932,#10946,#10960,
#10974,#10988,#11002,#11016,#11029,#11049));
#11051=MANIFOLD_SOLID_BREP('',#11050);
#11058=(LENGTH_UNIT()NAMED_UNIT(*)SI_UNIT(.MILLI.,.METRE.));
#11060=(NAMED_UNIT(*)PLANE_ANGLE_UNIT()SI_UNIT($,.RADIAN.));
#11063=(NAMED_UNIT(*)SI_UNIT($,.STERADIAN.)SOLID_ANGLE_UNIT());
#11069=AXIS2_PLACEMENT_3D('',#11066,#11067,#11068);
#11070=ADVANCED_BREP_SHAPE_REPRESENTATION('',(#11069,#11051),#11065);
#11075=PRODUCT_DEFINITION('design','',#11074,#11071);
#11076=PRODUCT_DEFINITION_SHAPE('','SHAPE FOR USER_LIBRARY-TSSOP-20-2__-232_2.',
#11075);
#11077=SHAPE_DEFINITION_REPRESENTATION(#11076,#11070);
#11078=NEXT_ASSEMBLY_USAGE_OCCURRENCE('131','Next assembly relationship',
'USER_LIBRARY-TSSOP-20-2__-232_2',#11106,#11075,$);
#11079=PRODUCT_DEFINITION_SHAPE('Placement #131',
'Placement of USER_LIBRARY-TSSOP-20-2__-232_2 with respect to USER_LIBRARY-TSSOP-20-2__-23252_ASM',#11078);
#11088=AXIS2_PLACEMENT_3D('',#11085,#11086,#11087);
#11091=(LENGTH_UNIT()NAMED_UNIT(*)SI_UNIT(.MILLI.,.METRE.));
#11093=(NAMED_UNIT(*)PLANE_ANGLE_UNIT()SI_UNIT($,.RADIAN.));
#11096=(NAMED_UNIT(*)SI_UNIT($,.STERADIAN.)SOLID_ANGLE_UNIT());
#11102=AXIS2_PLACEMENT_3D('',#11099,#11100,#11101);
#11106=PRODUCT_DEFINITION('design','',#11105,#11071);
#11107=NEXT_ASSEMBLY_USAGE_OCCURRENCE('132','Next assembly relationship',
'USER_LIBRARY-TSSOP-20-2__-23252',#11253,#11106,$);
#11108=PRODUCT_DEFINITION_SHAPE('Placement #132',
'Placement of USER_LIBRARY-TSSOP-20-2__-23252_ASM with respect to TSSOP-20_ASM',
#11107);
#11117=AXIS2_PLACEMENT_3D('',#11114,#11115,#11116);
#11120=NEXT_ASSEMBLY_USAGE_OCCURRENCE('133','Next assembly relationship',
'USER_LIBRARY-TSSOP-20-2__-23252',#11253,#11106,$);
#11121=PRODUCT_DEFINITION_SHAPE('Placement #133',
'Placement of USER_LIBRARY-TSSOP-20-2__-23252_ASM with respect to TSSOP-20_ASM',
#11120);
#11130=AXIS2_PLACEMENT_3D('',#11127,#11128,#11129);
#11133=NEXT_ASSEMBLY_USAGE_OCCURRENCE('134','Next assembly relationship',
'USER_LIBRARY-TSSOP-20-2__-23252',#11253,#11106,$);
#11134=PRODUCT_DEFINITION_SHAPE('Placement #134',
'Placement of USER_LIBRARY-TSSOP-20-2__-23252_ASM with respect to TSSOP-20_ASM',
#11133);
#11143=AXIS2_PLACEMENT_3D('',#11140,#11141,#11142);
#11146=NEXT_ASSEMBLY_USAGE_OCCURRENCE('135','Next assembly relationship',
'USER_LIBRARY-TSSOP-20-2__-23252',#11253,#11106,$);
#11147=PRODUCT_DEFINITION_SHAPE('Placement #135',
'Placement of USER_LIBRARY-TSSOP-20-2__-23252_ASM with respect to TSSOP-20_ASM',
#11146);
#11156=AXIS2_PLACEMENT_3D('',#11153,#11154,#11155);
#11159=NEXT_ASSEMBLY_USAGE_OCCURRENCE('136','Next assembly relationship',
'USER_LIBRARY-TSSOP-20-2__-23252',#11253,#11106,$);
#11160=PRODUCT_DEFINITION_SHAPE('Placement #136',
'Placement of USER_LIBRARY-TSSOP-20-2__-23252_ASM with respect to TSSOP-20_ASM',
#11159);
#11169=AXIS2_PLACEMENT_3D('',#11166,#11167,#11168);
#11172=NEXT_ASSEMBLY_USAGE_OCCURRENCE('137','Next assembly relationship',
'USER_LIBRARY-TSSOP-20-2__-23252',#11253,#11106,$);
#11173=PRODUCT_DEFINITION_SHAPE('Placement #137',
'Placement of USER_LIBRARY-TSSOP-20-2__-23252_ASM with respect to TSSOP-20_ASM',
#11172);
#11182=AXIS2_PLACEMENT_3D('',#11179,#11180,#11181);
#11185=NEXT_ASSEMBLY_USAGE_OCCURRENCE('138','Next assembly relationship',
'USER_LIBRARY-TSSOP-20-2__-23252',#11253,#11106,$);
#11186=PRODUCT_DEFINITION_SHAPE('Placement #138',
'Placement of USER_LIBRARY-TSSOP-20-2__-23252_ASM with respect to TSSOP-20_ASM',
#11185);
#11195=AXIS2_PLACEMENT_3D('',#11192,#11193,#11194);
#11198=NEXT_ASSEMBLY_USAGE_OCCURRENCE('139','Next assembly relationship',
'USER_LIBRARY-TSSOP-20-2__-23252',#11253,#11106,$);
#11199=PRODUCT_DEFINITION_SHAPE('Placement #139',
'Placement of USER_LIBRARY-TSSOP-20-2__-23252_ASM with respect to TSSOP-20_ASM',
#11198);
#11208=AXIS2_PLACEMENT_3D('',#11205,#11206,#11207);
#11211=NEXT_ASSEMBLY_USAGE_OCCURRENCE('140','Next assembly relationship',
'USER_LIBRARY-TSSOP-20-2__-23252',#11253,#11106,$);
#11212=PRODUCT_DEFINITION_SHAPE('Placement #140',
'Placement of USER_LIBRARY-TSSOP-20-2__-23252_ASM with respect to TSSOP-20_ASM',
#11211);
#11221=AXIS2_PLACEMENT_3D('',#11218,#11219,#11220);
#11224=NEXT_ASSEMBLY_USAGE_OCCURRENCE('141','Next assembly relationship',
'USER_LIBRARY-TSSOP-20-2__-23252',#11253,#11106,$);
#11225=PRODUCT_DEFINITION_SHAPE('Placement #141',
'Placement of USER_LIBRARY-TSSOP-20-2__-23252_ASM with respect to TSSOP-20_ASM',
#11224);
#11234=AXIS2_PLACEMENT_3D('',#11231,#11232,#11233);
#11237=(LENGTH_UNIT()NAMED_UNIT(*)SI_UNIT(.MILLI.,.METRE.));
#11239=(NAMED_UNIT(*)PLANE_ANGLE_UNIT()SI_UNIT($,.RADIAN.));
#11242=(NAMED_UNIT(*)SI_UNIT($,.STERADIAN.)SOLID_ANGLE_UNIT());
#11248=AXIS2_PLACEMENT_3D('',#11245,#11246,#11247);
#11253=PRODUCT_DEFINITION('design','',#11252,#11249);
#11254=SHAPE_DEFINITION_REPRESENTATION(#11255,#11256);
#11255=PRODUCT_DEFINITION_SHAPE('','SHAPE FOR U2_ASM.',#11285);
#11256=SHAPE_REPRESENTATION('',(#11267,#11262,#11281),#11277);
#11257=NEXT_ASSEMBLY_USAGE_OCCURRENCE('142','Next assembly relationship',
'TSSOP-20',#11285,#11253,$);
#11258=PRODUCT_DEFINITION_SHAPE('Placement #142',
'Placement of TSSOP-20_ASM with respect to U2_ASM',#11257);
#11267=AXIS2_PLACEMENT_3D('',#11264,#11265,#11266);
#11270=(LENGTH_UNIT()NAMED_UNIT(*)SI_UNIT(.MILLI.,.METRE.));
#11272=(NAMED_UNIT(*)PLANE_ANGLE_UNIT()SI_UNIT($,.RADIAN.));
#11275=(NAMED_UNIT(*)SI_UNIT($,.STERADIAN.)SOLID_ANGLE_UNIT());
#11281=AXIS2_PLACEMENT_3D('',#11278,#11279,#11280);
#11285=PRODUCT_DEFINITION('design','',#11284,#11249);
#11286=NEXT_ASSEMBLY_USAGE_OCCURRENCE('143','Next assembly relationship','U2',
#11315,#11285,$);
#11287=PRODUCT_DEFINITION_SHAPE('Placement #143',
'Placement of U2_ASM with respect to PCB_ASM',#11286);
#11296=AXIS2_PLACEMENT_3D('',#11293,#11294,#11295);
#11299=(LENGTH_UNIT()NAMED_UNIT(*)SI_UNIT(.MILLI.,.METRE.));
#11301=(NAMED_UNIT(*)PLANE_ANGLE_UNIT()SI_UNIT($,.RADIAN.));
#11304=(NAMED_UNIT(*)SI_UNIT($,.STERADIAN.)SOLID_ANGLE_UNIT());
#11310=AXIS2_PLACEMENT_3D('',#11307,#11308,#11309);
#11315=PRODUCT_DEFINITION('design','',#11314,#11311);
#11316=SHAPE_DEFINITION_REPRESENTATION(#11317,#11318);
#11317=PRODUCT_DEFINITION_SHAPE('','SHAPE FOR 1_47INCH_LCD_MODULE_ASM.',#14924);
#11318=SHAPE_REPRESENTATION('',(#11324,#13063,#14328,#14903,#14918),#14914);
#11319=NEXT_ASSEMBLY_USAGE_OCCURRENCE('144','Next assembly relationship','PCB',
#14924,#11315,$);
#11320=PRODUCT_DEFINITION_SHAPE('Placement #144',
'Placement of PCB_ASM with respect to 1_47INCH_LCD_MODULE_ASM',#11319);
#11599=CIRCLE('',#11598,3.5E-1);
#11607=CIRCLE('',#11606,3.5E-1);
#11615=CIRCLE('',#11614,3.5E-1);
#11623=CIRCLE('',#11622,3.5E-1);
#11631=CIRCLE('',#11630,3.5E-1);
#11639=CIRCLE('',#11638,3.5E-1);
#11647=CIRCLE('',#11646,3.5E-1);
#11655=CIRCLE('',#11654,3.5E-1);
#11663=CIRCLE('',#11662,3.5E-1);
#11671=CIRCLE('',#11670,3.5E-1);
#11679=CIRCLE('',#11678,3.5E-1);
#11687=CIRCLE('',#11686,3.5E-1);
#11695=CIRCLE('',#11694,3.5E-1);
#11703=CIRCLE('',#11702,3.5E-1);
#11711=CIRCLE('',#11710,3.5E-1);
#11719=CIRCLE('',#11718,3.5E-1);
#11937=CIRCLE('',#11936,3.5E-1);
#11945=CIRCLE('',#11944,3.5E-1);
#11953=CIRCLE('',#11952,3.5E-1);
#11961=CIRCLE('',#11960,3.5E-1);
#11969=CIRCLE('',#11968,3.5E-1);
#11977=CIRCLE('',#11976,3.5E-1);
#11985=CIRCLE('',#11984,3.5E-1);
#11993=CIRCLE('',#11992,3.5E-1);
#12001=CIRCLE('',#12000,3.5E-1);
#12009=CIRCLE('',#12008,3.5E-1);
#12017=CIRCLE('',#12016,3.5E-1);
#12025=CIRCLE('',#12024,3.5E-1);
#12033=CIRCLE('',#12032,3.5E-1);
#12041=CIRCLE('',#12040,3.5E-1);
#12049=CIRCLE('',#12048,3.5E-1);
#12057=CIRCLE('',#12056,3.5E-1);
#12316=EDGE_CURVE('',#12161,#12162,#11332,.T.);
#12318=EDGE_CURVE('',#12162,#12164,#11339,.T.);
#12320=EDGE_CURVE('',#12164,#12166,#11346,.T.);
#12322=EDGE_CURVE('',#12166,#12168,#11353,.T.);
#12324=EDGE_CURVE('',#12168,#12170,#11360,.T.);
#12326=EDGE_CURVE('',#12170,#12172,#11367,.T.);
#12328=EDGE_CURVE('',#12172,#12174,#11374,.T.);
#12330=EDGE_CURVE('',#12174,#12161,#11381,.T.);
#12341=EDGE_CURVE('',#12161,#12177,#11388,.T.);
#12343=EDGE_CURVE('',#12177,#12178,#11775,.T.);
#12345=EDGE_CURVE('',#12162,#12178,#11915,.T.);
#12356=EDGE_CURVE('',#12174,#12190,#11395,.T.);
#12358=EDGE_CURVE('',#12190,#12177,#11782,.T.);
#12363=EDGE_CURVE('',#12197,#12198,#11402,.T.);
#12365=EDGE_CURVE('',#12198,#12200,#11409,.T.);
#12367=EDGE_CURVE('',#12200,#12202,#11416,.T.);
#12369=EDGE_CURVE('',#12202,#12197,#11423,.T.);
#12380=EDGE_CURVE('',#12172,#12188,#11430,.T.);
#12382=EDGE_CURVE('',#12188,#12190,#11789,.T.);
#12394=EDGE_CURVE('',#12170,#12186,#11437,.T.);
#12396=EDGE_CURVE('',#12186,#12188,#11796,.T.);
#12408=EDGE_CURVE('',#12168,#12185,#11444,.T.);
#12410=EDGE_CURVE('',#12185,#12186,#11803,.T.);
#12421=EDGE_CURVE('',#12221,#12222,#11451,.T.);
#12423=EDGE_CURVE('',#12205,#12222,#11458,.T.);
#12425=EDGE_CURVE('',#12205,#12218,#11838,.T.);
#12427=EDGE_CURVE('',#12218,#12225,#11465,.T.);
#12429=EDGE_CURVE('',#12225,#12226,#11472,.T.);
#12431=EDGE_CURVE('',#12213,#12226,#11479,.T.);
#12433=EDGE_CURVE('',#12213,#12185,#11810,.T.);
#12437=EDGE_CURVE('',#12166,#12182,#11486,.T.);
#12439=EDGE_CURVE('',#12182,#12210,#11754,.T.);
#12441=EDGE_CURVE('',#12210,#12221,#11493,.T.);
#12452=EDGE_CURVE('',#12234,#12221,#11500,.T.);
#12454=EDGE_CURVE('',#12233,#12234,#11570,.T.);
#12456=EDGE_CURVE('',#12222,#12233,#11507,.T.);
#12467=EDGE_CURVE('',#12230,#12225,#11514,.T.);
#12469=EDGE_CURVE('',#12229,#12230,#11542,.T.);
#12471=EDGE_CURVE('',#12226,#12229,#11521,.T.);
#12481=EDGE_CURVE('',#12194,#12234,#11577,.T.);
#12485=EDGE_CURVE('',#12208,#12210,#11747,.T.);
#12487=EDGE_CURVE('',#12208,#12242,#11528,.T.);
#12489=EDGE_CURVE('',#12202,#12242,#11866,.T.);
#12492=EDGE_CURVE('',#12200,#12194,#11535,.T.);
#12503=EDGE_CURVE('',#12238,#12230,#11549,.T.);
#12505=EDGE_CURVE('',#12236,#12238,#11556,.T.);
#12507=EDGE_CURVE('',#12236,#12233,#11563,.T.);
#12511=EDGE_CURVE('',#12193,#12194,#11584,.T.);
#12513=EDGE_CURVE('',#12229,#12193,#11591,.T.);
#12517=EDGE_CURVE('',#12281,#12282,#11599,.T.);
#12519=EDGE_CURVE('',#12282,#12281,#11607,.T.);
#12523=EDGE_CURVE('',#12285,#12286,#11615,.T.);
#12525=EDGE_CURVE('',#12286,#12285,#11623,.T.);
#12529=EDGE_CURVE('',#12289,#12290,#11631,.T.);
#12531=EDGE_CURVE('',#12290,#12289,#11639,.T.);
#12535=EDGE_CURVE('',#12293,#12294,#11647,.T.);
#12537=EDGE_CURVE('',#12294,#12293,#11655,.T.);
#12541=EDGE_CURVE('',#12297,#12298,#11663,.T.);
#12543=EDGE_CURVE('',#12298,#12297,#11671,.T.);
#12547=EDGE_CURVE('',#12301,#12302,#11679,.T.);
#12549=EDGE_CURVE('',#12302,#12301,#11687,.T.);
#12553=EDGE_CURVE('',#12305,#12306,#11695,.T.);
#12555=EDGE_CURVE('',#12306,#12305,#11703,.T.);
#12559=EDGE_CURVE('',#12309,#12310,#11711,.T.);
#12561=EDGE_CURVE('',#12310,#12309,#11719,.T.);
#12571=EDGE_CURVE('',#12216,#12218,#11831,.T.);
#12573=EDGE_CURVE('',#12216,#12246,#11726,.T.);
#12575=EDGE_CURVE('',#12238,#12246,#11852,.T.);
#12588=EDGE_CURVE('',#12205,#12206,#11733,.T.);
#12590=EDGE_CURVE('',#12206,#12208,#11740,.T.);
#12594=EDGE_CURVE('',#12180,#12182,#11761,.T.);
#12596=EDGE_CURVE('',#12178,#12180,#11768,.T.);
#12604=EDGE_CURVE('',#12213,#12214,#11817,.T.);
#12606=EDGE_CURVE('',#12214,#12216,#11824,.T.);
#12622=EDGE_CURVE('',#12236,#12240,#11845,.T.);
#12624=EDGE_CURVE('',#12206,#12240,#11901,.T.);
#12637=EDGE_CURVE('',#12245,#12246,#11859,.T.);
#12639=EDGE_CURVE('',#12197,#12245,#11887,.T.);
#12643=EDGE_CURVE('',#12242,#12240,#11873,.T.);
#12654=EDGE_CURVE('',#12214,#12245,#11880,.T.);
#12672=EDGE_CURVE('',#12198,#12193,#11894,.T.);
#12708=EDGE_CURVE('',#12164,#12180,#11908,.T.);
#12733=EDGE_CURVE('',#12281,#12249,#11922,.T.);
#12735=EDGE_CURVE('',#12249,#12250,#11937,.T.);
#12737=EDGE_CURVE('',#12282,#12250,#11929,.T.);
#12749=EDGE_CURVE('',#12250,#12249,#11945,.T.);
#12770=EDGE_CURVE('',#12253,#12254,#11953,.T.);
#12772=EDGE_CURVE('',#12254,#12253,#11961,.T.);
#12782=EDGE_CURVE('',#12257,#12258,#11969,.T.);
#12784=EDGE_CURVE('',#12258,#12257,#11977,.T.);
#12794=EDGE_CURVE('',#12261,#12262,#11985,.T.);
#12796=EDGE_CURVE('',#12262,#12261,#11993,.T.);
#12806=EDGE_CURVE('',#12265,#12266,#12001,.T.);
#12808=EDGE_CURVE('',#12266,#12265,#12009,.T.);
#12818=EDGE_CURVE('',#12269,#12270,#12017,.T.);
#12820=EDGE_CURVE('',#12270,#12269,#12025,.T.);
#12830=EDGE_CURVE('',#12273,#12274,#12033,.T.);
#12832=EDGE_CURVE('',#12274,#12273,#12041,.T.);
#12842=EDGE_CURVE('',#12277,#12278,#12049,.T.);
#12844=EDGE_CURVE('',#12278,#12277,#12057,.T.);
#12855=EDGE_CURVE('',#12285,#12253,#12064,.T.);
#12858=EDGE_CURVE('',#12286,#12254,#12071,.T.);
#12881=EDGE_CURVE('',#12289,#12257,#12078,.T.);
#12884=EDGE_CURVE('',#12290,#12258,#12085,.T.);
#12907=EDGE_CURVE('',#12293,#12261,#12092,.T.);
#12910=EDGE_CURVE('',#12294,#12262,#12099,.T.);
#12933=EDGE_CURVE('',#12297,#12265,#12106,.T.);
#12936=EDGE_CURVE('',#12298,#12266,#12113,.T.);
#12959=EDGE_CURVE('',#12301,#12269,#12120,.T.);
#12962=EDGE_CURVE('',#12302,#12270,#12127,.T.);
#12985=EDGE_CURVE('',#12305,#12273,#12134,.T.);
#12988=EDGE_CURVE('',#12306,#12274,#12141,.T.);
#13011=EDGE_CURVE('',#12309,#12277,#12148,.T.);
#13014=EDGE_CURVE('',#12310,#12278,#12155,.T.);
#13031=CLOSED_SHELL('',(#12334,#12349,#12373,#12387,#12401,#12415,#12445,#12460,
#12475,#12496,#12565,#12582,#12612,#12628,#12647,#12660,#12677,#12689,#12701,
#12714,#12726,#12741,#12754,#12764,#12776,#12788,#12800,#12812,#12824,#12836,
#12848,#12862,#12874,#12888,#12900,#12914,#12926,#12940,#12952,#12966,#12978,
#12992,#13004,#13018,#13030));
#13032=MANIFOLD_SOLID_BREP('',#13031);
#13039=(LENGTH_UNIT()NAMED_UNIT(*)SI_UNIT(.MILLI.,.METRE.));
#13041=(NAMED_UNIT(*)PLANE_ANGLE_UNIT()SI_UNIT($,.RADIAN.));
#13044=(NAMED_UNIT(*)SI_UNIT($,.STERADIAN.)SOLID_ANGLE_UNIT());
#13050=AXIS2_PLACEMENT_3D('',#13047,#13048,#13049);
#13051=ADVANCED_BREP_SHAPE_REPRESENTATION('',(#13050,#13032),#13046);
#13055=PRODUCT_DEFINITION('design','',#13054,#11311);
#13056=PRODUCT_DEFINITION_SHAPE('','SHAPE FOR 8PINX2.',#13055);
#13057=SHAPE_DEFINITION_REPRESENTATION(#13056,#13051);
#13058=NEXT_ASSEMBLY_USAGE_OCCURRENCE('145','Next assembly relationship',
'8PINX2',#14924,#13055,$);
#13059=PRODUCT_DEFINITION_SHAPE('Placement #145',
'Placement of 8PINX2 with respect to 1_47INCH_LCD_MODULE_ASM',#13058);
#13079=CIRCLE('',#13078,1.75E0);
#13087=CIRCLE('',#13086,1.75E0);
#13095=CIRCLE('',#13094,1.12499902E0);
#13103=CIRCLE('',#13102,1.12499902E0);
#13125=CIRCLE('',#13124,1.75E0);
#13133=CIRCLE('',#13132,1.75E0);
#13141=CIRCLE('',#13140,8.5E-1);
#13149=CIRCLE('',#13148,8.5E-1);
#13157=CIRCLE('',#13156,8.5E-1);
#13172=CIRCLE('',#13171,8.5E-1);
#13194=CIRCLE('',#13193,1.12499902E0);
#13202=CIRCLE('',#13201,1.12499902E0);
#13235=EDGE_CURVE('',#13225,#13224,#13103,.T.);
#13237=EDGE_CURVE('',#13224,#13220,#13186,.T.);
#13239=EDGE_CURVE('',#13221,#13220,#13202,.T.);
#13241=EDGE_CURVE('',#13225,#13221,#13071,.T.);
#13251=EDGE_CURVE('',#13208,#13209,#13079,.T.);
#13253=EDGE_CURVE('',#13209,#13208,#13087,.T.);
#13257=EDGE_CURVE('',#13224,#13225,#13095,.T.);
#13269=EDGE_CURVE('',#13208,#13212,#13110,.T.);
#13271=EDGE_CURVE('',#13212,#13213,#13125,.T.);
#13273=EDGE_CURVE('',#13209,#13213,#13117,.T.);
#13285=EDGE_CURVE('',#13213,#13212,#13133,.T.);
#13300=EDGE_CURVE('',#13216,#13217,#13141,.T.);
#13302=EDGE_CURVE('',#13217,#13216,#13149,.T.);
#13312=EDGE_CURVE('',#13228,#13229,#13157,.T.);
#13314=EDGE_CURVE('',#13229,#13216,#13164,.T.);
#13317=EDGE_CURVE('',#13228,#13217,#13179,.T.);
#13328=EDGE_CURVE('',#13229,#13228,#13172,.T.);
#13352=EDGE_CURVE('',#13220,#13221,#13194,.T.);
#13368=CLOSED_SHELL('',(#13245,#13262,#13277,#13290,#13306,#13321,#13332,#13344,
#13357,#13367));
#13369=MANIFOLD_SOLID_BREP('',#13368);
#13388=CIRCLE('',#13387,1.75E0);
#13396=CIRCLE('',#13395,1.75E0);
#13404=CIRCLE('',#13403,1.12499902E0);
#13412=CIRCLE('',#13411,1.12499902E0);
#13434=CIRCLE('',#13433,1.75E0);
#13442=CIRCLE('',#13441,1.75E0);
#13450=CIRCLE('',#13449,8.5E-1);
#13458=CIRCLE('',#13457,8.5E-1);
#13466=CIRCLE('',#13465,8.5E-1);
#13481=CIRCLE('',#13480,8.5E-1);
#13503=CIRCLE('',#13502,1.12499902E0);
#13511=CIRCLE('',#13510,1.12499902E0);
#13544=EDGE_CURVE('',#13534,#13533,#13412,.T.);
#13546=EDGE_CURVE('',#13533,#13529,#13495,.T.);
#13548=EDGE_CURVE('',#13530,#13529,#13511,.T.);
#13550=EDGE_CURVE('',#13534,#13530,#13380,.T.);
#13560=EDGE_CURVE('',#13517,#13518,#13388,.T.);
#13562=EDGE_CURVE('',#13518,#13517,#13396,.T.);
#13566=EDGE_CURVE('',#13533,#13534,#13404,.T.);
#13578=EDGE_CURVE('',#13517,#13521,#13419,.T.);
#13580=EDGE_CURVE('',#13521,#13522,#13434,.T.);
#13582=EDGE_CURVE('',#13518,#13522,#13426,.T.);
#13594=EDGE_CURVE('',#13522,#13521,#13442,.T.);
#13609=EDGE_CURVE('',#13525,#13526,#13450,.T.);
#13611=EDGE_CURVE('',#13526,#13525,#13458,.T.);
#13621=EDGE_CURVE('',#13537,#13538,#13466,.T.);
#13623=EDGE_CURVE('',#13538,#13525,#13473,.T.);
#13626=EDGE_CURVE('',#13537,#13526,#13488,.T.);
#13637=EDGE_CURVE('',#13538,#13537,#13481,.T.);
#13661=EDGE_CURVE('',#13529,#13530,#13503,.T.);
#13677=CLOSED_SHELL('',(#13554,#13571,#13586,#13599,#13615,#13630,#13641,#13653,
#13666,#13676));
#13678=MANIFOLD_SOLID_BREP('',#13677);
#13697=CIRCLE('',#13696,1.75E0);
#13705=CIRCLE('',#13704,1.75E0);
#13713=CIRCLE('',#13712,1.12499902E0);
#13721=CIRCLE('',#13720,1.12499902E0);
#13743=CIRCLE('',#13742,1.75E0);
#13751=CIRCLE('',#13750,1.75E0);
#13759=CIRCLE('',#13758,8.5E-1);
#13767=CIRCLE('',#13766,8.5E-1);
#13775=CIRCLE('',#13774,8.5E-1);
#13790=CIRCLE('',#13789,8.5E-1);
#13812=CIRCLE('',#13811,1.12499902E0);
#13820=CIRCLE('',#13819,1.12499902E0);
#13853=EDGE_CURVE('',#13843,#13842,#13721,.T.);
#13855=EDGE_CURVE('',#13842,#13838,#13804,.T.);
#13857=EDGE_CURVE('',#13839,#13838,#13820,.T.);
#13859=EDGE_CURVE('',#13843,#13839,#13689,.T.);
#13869=EDGE_CURVE('',#13826,#13827,#13697,.T.);
#13871=EDGE_CURVE('',#13827,#13826,#13705,.T.);
#13875=EDGE_CURVE('',#13842,#13843,#13713,.T.);
#13887=EDGE_CURVE('',#13826,#13830,#13728,.T.);
#13889=EDGE_CURVE('',#13830,#13831,#13743,.T.);
#13891=EDGE_CURVE('',#13827,#13831,#13735,.T.);
#13903=EDGE_CURVE('',#13831,#13830,#13751,.T.);
#13918=EDGE_CURVE('',#13834,#13835,#13759,.T.);
#13920=EDGE_CURVE('',#13835,#13834,#13767,.T.);
#13930=EDGE_CURVE('',#13846,#13847,#13775,.T.);
#13932=EDGE_CURVE('',#13847,#13834,#13782,.T.);
#13935=EDGE_CURVE('',#13846,#13835,#13797,.T.);
#13946=EDGE_CURVE('',#13847,#13846,#13790,.T.);
#13970=EDGE_CURVE('',#13838,#13839,#13812,.T.);
#13986=CLOSED_SHELL('',(#13863,#13880,#13895,#13908,#13924,#13939,#13950,#13962,
#13975,#13985));
#13987=MANIFOLD_SOLID_BREP('',#13986);
#14006=CIRCLE('',#14005,1.75E0);
#14014=CIRCLE('',#14013,1.75E0);
#14022=CIRCLE('',#14021,1.12499902E0);
#14030=CIRCLE('',#14029,1.12499902E0);
#14052=CIRCLE('',#14051,1.75E0);
#14060=CIRCLE('',#14059,1.75E0);
#14068=CIRCLE('',#14067,8.5E-1);
#14076=CIRCLE('',#14075,8.5E-1);
#14084=CIRCLE('',#14083,8.5E-1);
#14099=CIRCLE('',#14098,8.5E-1);
#14121=CIRCLE('',#14120,1.12499902E0);
#14129=CIRCLE('',#14128,1.12499902E0);
#14162=EDGE_CURVE('',#14152,#14151,#14030,.T.);
#14164=EDGE_CURVE('',#14151,#14147,#14113,.T.);
#14166=EDGE_CURVE('',#14148,#14147,#14129,.T.);
#14168=EDGE_CURVE('',#14152,#14148,#13998,.T.);
#14178=EDGE_CURVE('',#14135,#14136,#14006,.T.);
#14180=EDGE_CURVE('',#14136,#14135,#14014,.T.);
#14184=EDGE_CURVE('',#14151,#14152,#14022,.T.);
#14196=EDGE_CURVE('',#14135,#14139,#14037,.T.);
#14198=EDGE_CURVE('',#14139,#14140,#14052,.T.);
#14200=EDGE_CURVE('',#14136,#14140,#14044,.T.);
#14212=EDGE_CURVE('',#14140,#14139,#14060,.T.);
#14227=EDGE_CURVE('',#14143,#14144,#14068,.T.);
#14229=EDGE_CURVE('',#14144,#14143,#14076,.T.);
#14239=EDGE_CURVE('',#14155,#14156,#14084,.T.);
#14241=EDGE_CURVE('',#14156,#14143,#14091,.T.);
#14244=EDGE_CURVE('',#14155,#14144,#14106,.T.);
#14255=EDGE_CURVE('',#14156,#14155,#14099,.T.);
#14279=EDGE_CURVE('',#14147,#14148,#14121,.T.);
#14295=CLOSED_SHELL('',(#14172,#14189,#14204,#14217,#14233,#14248,#14259,#14271,
#14284,#14294));
#14296=MANIFOLD_SOLID_BREP('',#14295);
#14303=(LENGTH_UNIT()NAMED_UNIT(*)SI_UNIT(.MILLI.,.METRE.));
#14305=(NAMED_UNIT(*)PLANE_ANGLE_UNIT()SI_UNIT($,.RADIAN.));
#14308=(NAMED_UNIT(*)SI_UNIT($,.STERADIAN.)SOLID_ANGLE_UNIT());
#14314=AXIS2_PLACEMENT_3D('',#14311,#14312,#14313);
#14315=ADVANCED_BREP_SHAPE_REPRESENTATION('',(#14314,#13369,#13678,#13987,
#14296),#14310);
#14320=PRODUCT_DEFINITION('design','',#14319,#14316);
#14321=PRODUCT_DEFINITION_SHAPE('','SHAPE FOR BOSS.',#14320);
#14322=SHAPE_DEFINITION_REPRESENTATION(#14321,#14315);
#14323=NEXT_ASSEMBLY_USAGE_OCCURRENCE('146','Next assembly relationship','BOSS',
#14924,#14320,$);
#14324=PRODUCT_DEFINITION_SHAPE('Placement #146',
'Placement of BOSS with respect to 1_47INCH_LCD_MODULE_ASM',#14323);
#14421=CIRCLE('',#14420,2.75E0);
#14450=CIRCLE('',#14449,2.75E0);
#14479=CIRCLE('',#14478,2.75E0);
#14508=CIRCLE('',#14507,2.75E0);
#14537=CIRCLE('',#14536,2.75E0);
#14552=CIRCLE('',#14551,2.75E0);
#14567=CIRCLE('',#14566,2.75E0);
#14582=CIRCLE('',#14581,2.75E0);
#14646=EDGE_CURVE('',#14635,#14636,#14336,.T.);
#14648=EDGE_CURVE('',#14640,#14635,#14343,.T.);
#14650=EDGE_CURVE('',#14638,#14640,#14350,.T.);
#14652=EDGE_CURVE('',#14636,#14638,#14357,.T.);
#14663=EDGE_CURVE('',#14636,#14611,#14371,.T.);
#14665=EDGE_CURVE('',#14611,#14612,#14392,.T.);
#14667=EDGE_CURVE('',#14635,#14612,#14364,.T.);
#14678=EDGE_CURVE('',#14638,#14614,#14378,.T.);
#14680=EDGE_CURVE('',#14614,#14611,#14399,.T.);
#14692=EDGE_CURVE('',#14640,#14616,#14385,.T.);
#14694=EDGE_CURVE('',#14616,#14614,#14406,.T.);
#14707=EDGE_CURVE('',#14612,#14616,#14413,.T.);
#14718=EDGE_CURVE('',#14619,#14620,#14421,.T.);
#14720=EDGE_CURVE('',#14620,#14622,#14522,.T.);
#14722=EDGE_CURVE('',#14622,#14624,#14508,.T.);
#14724=EDGE_CURVE('',#14624,#14626,#14493,.T.);
#14726=EDGE_CURVE('',#14626,#14628,#14479,.T.);
#14728=EDGE_CURVE('',#14628,#14630,#14464,.T.);
#14730=EDGE_CURVE('',#14630,#14632,#14450,.T.);
#14732=EDGE_CURVE('',#14632,#14619,#14435,.T.);
#14749=EDGE_CURVE('',#14619,#14595,#14428,.T.);
#14751=EDGE_CURVE('',#14595,#14596,#14537,.T.);
#14753=EDGE_CURVE('',#14620,#14596,#14529,.T.);
#14764=EDGE_CURVE('',#14632,#14608,#14442,.T.);
#14766=EDGE_CURVE('',#14608,#14595,#14544,.T.);
#14778=EDGE_CURVE('',#14630,#14606,#14457,.T.);
#14780=EDGE_CURVE('',#14606,#14608,#14552,.T.);
#14792=EDGE_CURVE('',#14628,#14604,#14471,.T.);
#14794=EDGE_CURVE('',#14604,#14606,#14559,.T.);
#14806=EDGE_CURVE('',#14626,#14602,#14486,.T.);
#14808=EDGE_CURVE('',#14602,#14604,#14567,.T.);
#14820=EDGE_CURVE('',#14624,#14600,#14500,.T.);
#14822=EDGE_CURVE('',#14600,#14602,#14574,.T.);
#14834=EDGE_CURVE('',#14622,#14598,#14515,.T.);
#14836=EDGE_CURVE('',#14598,#14600,#14582,.T.);
#14849=EDGE_CURVE('',#14596,#14598,#14589,.T.);
#14871=CLOSED_SHELL('',(#14656,#14671,#14685,#14699,#14712,#14742,#14757,#14771,
#14785,#14799,#14813,#14827,#14841,#14854,#14870));
#14872=MANIFOLD_SOLID_BREP('',#14871);
#14879=(LENGTH_UNIT()NAMED_UNIT(*)SI_UNIT(.MILLI.,.METRE.));
#14881=(NAMED_UNIT(*)PLANE_ANGLE_UNIT()SI_UNIT($,.RADIAN.));
#14884=(NAMED_UNIT(*)SI_UNIT($,.STERADIAN.)SOLID_ANGLE_UNIT());
#14890=AXIS2_PLACEMENT_3D('',#14887,#14888,#14889);
#14891=ADVANCED_BREP_SHAPE_REPRESENTATION('',(#14890,#14872),#14886);
#14895=PRODUCT_DEFINITION('design','',#14894,#14316);
#14896=PRODUCT_DEFINITION_SHAPE('','SHAPE FOR LCD.',#14895);
#14897=SHAPE_DEFINITION_REPRESENTATION(#14896,#14891);
#14898=NEXT_ASSEMBLY_USAGE_OCCURRENCE('147','Next assembly relationship','LCD',
#14924,#14895,$);
#14899=PRODUCT_DEFINITION_SHAPE('Placement #147',
'Placement of LCD with respect to 1_47INCH_LCD_MODULE_ASM',#14898);
#14907=(LENGTH_UNIT()NAMED_UNIT(*)SI_UNIT(.MILLI.,.METRE.));
#14909=(NAMED_UNIT(*)PLANE_ANGLE_UNIT()SI_UNIT($,.RADIAN.));
#14912=(NAMED_UNIT(*)SI_UNIT($,.STERADIAN.)SOLID_ANGLE_UNIT());
#14918=AXIS2_PLACEMENT_3D('',#14915,#14916,#14917);
#14924=PRODUCT_DEFINITION('design','',#14923,#14920);
ENDSEC;
END-ISO-10303-21;
